protocol_sha256,role,mode,k,n_seeds,n_documents,mean_precision,seed_sd_precision,doc_ci_low_precision,doc_ci_high_precision,seed_min_precision,seed_max_precision,mean_recall,seed_sd_recall,doc_ci_low_recall,doc_ci_high_recall,seed_min_recall,seed_max_recall,mean_f1,seed_sd_f1,doc_ci_low_f1,doc_ci_high_f1,seed_min_f1,seed_max_f1
f77083b98c269180bd3cd458211a5948837596f73fef592ca5a8bb463726b247,label_blind,bm25,1,5,145,0.8066666666666666,0.0,0.7685014429810869,0.8432021238992718,0.8066666666666666,0.8066666666666666,0.669523629420689,0.0,0.6333142841222392,0.7067384898151834,0.669523629420689,0.669523629420689,0.6993632563514905,0.0,0.6599588262306177,0.7360168371955695,0.6993632563514905,0.6993632563514905
f77083b98c269180bd3cd458211a5948837596f73fef592ca5a8bb463726b247,label_blind,bm25,3,5,145,0.38788888888888695,0.0,0.3709739258658849,0.40487979388726586,0.38788888888888695,0.38788888888888695,0.8306527351189107,1.2412670766236366e-16,0.7990815182052747,0.8631296399737585,0.8306527351189108,0.8306527351189108,0.4864023951739114,0.0,0.46699595985947057,0.5049935087677765,0.4864023951739114,0.4864023951739114
f77083b98c269180bd3cd458211a5948837596f73fef592ca5a8bb463726b247,label_blind,bm25,5,5,145,0.3032222222222171,0.0,0.2846729359894264,0.3237194427921791,0.3032222222222171,0.3032222222222171,0.8913173312526246,0.0,0.8638035510951432,0.916488623124699,0.8913173312526246,0.8913173312526246,0.41090634833575923,6.206335383118183e-17,0.39107143691114776,0.43214796246860304,0.4109063483357592,0.4109063483357592
f77083b98c269180bd3cd458211a5948837596f73fef592ca5a8bb463726b247,label_blind,bm25,10,5,145,0.24663756613756732,3.1031676915590914e-17,0.2248728568841643,0.27273111346436435,0.2466375661375673,0.2466375661375673,0.9592554075009959,0.0,0.9446794295115838,0.9717604663671446,0.9592554075009959,0.9592554075009959,0.3529582574411937,0.0,0.3253644819079657,0.38159790852436964,0.3529582574411937,0.3529582574411937
f77083b98c269180bd3cd458211a5948837596f73fef592ca5a8bb463726b247,label_blind,full,1,5,145,0.7785333333333333,0.0027648588471103743,0.7305086900422004,0.8240368080035501,0.7753333333333333,0.782,0.636993629420689,0.002005584795108508,0.5939686742820967,0.6786605094010315,0.6349402960873557,0.639162518309578,0.6676987926670264,0.002094840750418824,0.6227726147419473,0.7111407898861899,0.6655116209498547,0.6700272775155113
f77083b98c269180bd3cd458211a5948837596f73fef592ca5a8bb463726b247,label_blind,full,3,5,145,0.391177777777776,0.0015978380455332036,0.37512360099056774,0.4066848722082789,0.3894444444444426,0.39322222222222064,0.8401801034912794,0.003660907548561322,0.8100828701698211,0.8682044650435173,0.8352016907928668,0.8443683574595334,0.4910455752033759,0.002061591868285917,0.47510233127388535,0.5089528393475036,0.4883520512110285,0.4935204013793785
f77083b98c269180bd3cd458211a5948837596f73fef592ca5a8bb463726b247,label_blind,full,5,5,145,0.3060488888888836,0.000436144726234551,0.28707278488336296,0.3249820691765328,0.30535555555555033,0.3065555555555503,0.9041183916736859,0.0014355732205807439,0.8809272016795332,0.9262642769491627,0.9025780261133206,0.9060108062961004,0.4154294841106596,0.0005553840440800868,0.3950251640873067,0.4370227394266434,0.41468541795894637,0.41615664488017334
f77083b98c269180bd3cd458211a5948837596f73fef592ca5a8bb463726b247,label_blind,full,10,5,145,0.24902423280423402,0.00022803508501983454,0.22463702587352435,0.2731660766251496,0.24883756613756736,0.24930423280423405,0.9667150828256711,0.0005350296491823911,0.9547155831941577,0.977223784956336,0.9658091232297114,0.967239257909846,0.3560463349978532,0.0003006964442732788,0.3289248376246611,0.38578111639042684,0.3557411597676253,0.35642051306539957
f77083b98c269180bd3cd458211a5948837596f73fef592ca5a8bb463726b247,label_blind,lead_k,1,5,145,0.6953333333333334,0.0,0.6365972753689483,0.751289409339589,0.6953333333333334,0.6953333333333334,0.5517569627540224,0.0,0.49248014780255417,0.6084151709621602,0.5517569627540224,0.5517569627540224,0.5826696055578396,0.0,0.5273426785678137,0.637060899941063,0.5826696055578396,0.5826696055578396
f77083b98c269180bd3cd458211a5948837596f73fef592ca5a8bb463726b247,label_blind,lead_k,3,5,145,0.3381111111111075,0.0,0.31442982693633875,0.361094626927054,0.3381111111111075,0.3381111111111075,0.6923502218913986,0.0,0.6404772443863092,0.7445280980990618,0.6923502218913986,0.6923502218913986,0.41374812599394584,6.206335383118183e-17,0.384774188178525,0.4443297768063803,0.4137481259939459,0.4137481259939459
f77083b98c269180bd3cd458211a5948837596f73fef592ca5a8bb463726b247,label_blind,lead_k,5,5,145,0.2773555555555514,0.0,0.2559285996399521,0.3008100450287949,0.2773555555555514,0.2773555555555514,0.7825620161973111,0.0,0.7334590692867342,0.8288041077322277,0.7825620161973111,0.7825620161973111,0.37088156144394285,0.0,0.3427528669602425,0.39878360946187397,0.37088156144394285,0.37088156144394285
f77083b98c269180bd3cd458211a5948837596f73fef592ca5a8bb463726b247,label_blind,lead_k,10,5,145,0.2369042328042331,0.0,0.21293686252704616,0.2632250973471945,0.2369042328042331,0.2369042328042331,0.885861039831628,0.0,0.8432095944899421,0.9227885250349022,0.885861039831628,0.885861039831628,0.33640418939335975,0.0,0.30608826252682125,0.3689701253537431,0.33640418939335975,0.33640418939335975
f77083b98c269180bd3cd458211a5948837596f73fef592ca5a8bb463726b247,label_blind,lexcue,1,5,145,0.5293333333333333,0.0,0.45303063298490126,0.6095785548532804,0.5293333333333333,0.5293333333333333,0.4102688841659428,0.0,0.34003822177669685,0.4783085129545559,0.4102688841659428,0.4102688841659428,0.43502876861700346,6.206335383118183e-17,0.3607116073671189,0.5053899800284548,0.4350287686170034,0.4350287686170034
f77083b98c269180bd3cd458211a5948837596f73fef592ca5a8bb463726b247,label_blind,lexcue,3,5,145,0.3321111111111077,0.0,0.3047915768025206,0.3572783486448241,0.3321111111111077,0.3321111111111077,0.6791012125673892,0.0,0.6218799457580537,0.7381672726338332,0.6791012125673892,0.6791012125673892,0.4052922333313969,6.206335383118183e-17,0.3713891131898679,0.4385011807898901,0.40529223333139686,0.40529223333139686
f77083b98c269180bd3cd458211a5948837596f73fef592ca5a8bb463726b247,label_blind,lexcue,5,5,145,0.27828888888888487,0.0,0.2530661430889445,0.301727861445783,0.27828888888888487,0.27828888888888487,0.7868396663249604,0.0,0.7332117768454175,0.8357080568043496,0.7868396663249604,0.7868396663249604,0.3715746967686573,0.0,0.3418602639915444,0.40063300917119327,0.3715746967686573,0.3715746967686573
f77083b98c269180bd3cd458211a5948837596f73fef592ca5a8bb463726b247,label_blind,lexcue,10,5,145,0.24103756613756683,0.0,0.21712611449743147,0.2675432291415383,0.24103756613756683,0.24103756613756683,0.9148805786261673,1.2412670766236366e-16,0.8816850299425775,0.9410893225270947,0.9148805786261675,0.9148805786261675,0.3431055347442393,0.0,0.31420688738551245,0.37365740926431057,0.3431055347442393,0.3431055347442393
f77083b98c269180bd3cd458211a5948837596f73fef592ca5a8bb463726b247,label_blind,no_graph,1,5,145,0.7749333333333334,0.0042583251793790015,0.7242177493245074,0.8193677400689181,0.77,0.7793333333333333,0.6337602960873558,0.0037202847362155763,0.5866413596731549,0.6764654943843252,0.6287291849762446,0.6381402960873557,0.6643565704448042,0.003788291189671217,0.6201712894281951,0.7081594205017563,0.659343944182178,0.6687439441821779
f77083b98c269180bd3cd458211a5948837596f73fef592ca5a8bb463726b247,label_blind,no_graph,3,5,145,0.390466666666665,0.0014956727707079662,0.3743689839094487,0.4068120740974192,0.3883333333333316,0.3921111111111096,0.8394272463484225,0.00300475086783892,0.8117533762455218,0.8673629210927357,0.8345183574595333,0.8422405796817558,0.49042485100382815,0.0017394468349583548,0.4724831227490543,0.5078981783103858,0.4876699925289697,0.4920869385459156
f77083b98c269180bd3cd458211a5948837596f73fef592ca5a8bb463726b247,label_blind,no_graph,5,5,145,0.30570222222221693,0.0003723797345004939,0.2870672453811429,0.3260072573208012,0.30508888888888364,0.30602222222221703,0.9030693969646914,0.0008342602345609262,0.8785991988063111,0.9244729930902945,0.9020843753196696,0.904002340687635,0.4149148288748279,0.0004545454684761067,0.3958086049351178,0.4363256825267879,0.4142115164791625,0.41533759726112573
f77083b98c269180bd3cd458211a5948837596f73fef592ca5a8bb463726b247,label_blind,no_graph,10,5,145,0.24918423280423402,5.5777335102270536e-05,0.2247511031554564,0.2751576896441477,0.24910423280423402,0.24923756613756737,0.9667481686287568,0.00045654984033526334,0.9545231442295155,0.9774727105550086,0.9662600926306805,0.9672109343815226,0.35619709429618684,8.325468065276439e-05,0.3294882200038284,0.3832816995698588,0.35612057162198,0.3562921592935676
f77083b98c269180bd3cd458211a5948837596f73fef592ca5a8bb463726b247,label_blind,no_role,1,5,145,0.7793333333333333,0.0,0.7325658467479295,0.8201545013599936,0.7793333333333333,0.7793333333333333,0.6424291849762447,0.0,0.6018975619594044,0.682510604573129,0.6424291849762447,0.6424291849762447,0.6721703030085368,0.0,0.6297357945588994,0.7126039449362359,0.6721703030085368,0.6721703030085368
f77083b98c269180bd3cd458211a5948837596f73fef592ca5a8bb463726b247,label_blind,no_role,3,5,145,0.38611111111110913,0.0,0.3685074451269643,0.4041554063588478,0.38611111111110913,0.38611111111110913,0.8275180929092689,0.0,0.7918972648477585,0.8605632541039171,0.8275180929092689,0.8275180929092689,0.48404085869983604,6.206335383118183e-17,0.462697178837817,0.503773485650745,0.484040858699836,0.484040858699836
f77083b98c269180bd3cd458211a5948837596f73fef592ca5a8bb463726b247,label_blind,no_role,5,5,145,0.3037555555555503,0.0,0.2854441041113349,0.3227363172797886,0.3037555555555503,0.3037555555555503,0.8973581607934549,0.0,0.8723484535293973,0.9195614703872657,0.8973581607934549,0.8973581607934549,0.4124698094933378,0.0,0.39180264987544977,0.4331828748319967,0.4124698094933378,0.4124698094933378
f77083b98c269180bd3cd458211a5948837596f73fef592ca5a8bb463726b247,label_blind,no_role,10,5,145,0.2491708994709007,0.0,0.225654226111409,0.27247453601981025,0.2491708994709007,0.2491708994709007,0.9664678052883936,0.0,0.9538006309669937,0.9781092136000135,0.9664678052883936,0.9664678052883936,0.35624390526544836,0.0,0.32877775476216703,0.38413609474241767,0.35624390526544836,0.35624390526544836
f77083b98c269180bd3cd458211a5948837596f73fef592ca5a8bb463726b247,label_blind,query_only,1,5,145,0.778,0.0,0.7337125952895664,0.8190081351689612,0.778,0.778,0.6410672802143399,0.0,0.6014099831130604,0.6792357994248187,0.6410672802143399,0.6410672802143399,0.6707915151297489,0.0,0.6304920615143664,0.7129623610259009,0.6707915151297489,0.6707915151297489
f77083b98c269180bd3cd458211a5948837596f73fef592ca5a8bb463726b247,label_blind,query_only,3,5,145,0.3841111111111089,0.0,0.36546148670449263,0.4027233250019376,0.3841111111111089,0.3841111111111089,0.825250632591809,1.2412670766236366e-16,0.7916147779740322,0.8582947068495164,0.8252506325918089,0.8252506325918089,0.4823640910230683,6.206335383118183e-17,0.4616243887255508,0.501637893520702,0.48236409102306826,0.48236409102306826
f77083b98c269180bd3cd458211a5948837596f73fef592ca5a8bb463726b247,label_blind,query_only,5,5,145,0.303222222222217,0.0,0.28548487769140807,0.3228535545254997,0.303222222222217,0.303222222222217,0.8951927928280871,0.0,0.8686913710689005,0.9188918592897297,0.8951927928280871,0.8951927928280871,0.41154590801355395,0.0,0.39113840707823194,0.43368051444622024,0.41154590801355395,0.41154590801355395
f77083b98c269180bd3cd458211a5948837596f73fef592ca5a8bb463726b247,label_blind,query_only,10,5,145,0.24923756613756726,3.1031676915590914e-17,0.22594209135820348,0.27458510799254493,0.24923756613756723,0.24923756613756723,0.9662135317841202,0.0,0.9536997018360985,0.9774648449498734,0.9662135317841202,0.9662135317841202,0.35623669516476003,0.0,0.32917920504993814,0.3850385778430617,0.35623669516476003,0.35623669516476003
f77083b98c269180bd3cd458211a5948837596f73fef592ca5a8bb463726b247,label_blind,sbert,1,5,145,0.706,0.0,0.6497842158827513,0.7565340165159246,0.706,0.706,0.5735279029249624,0.0,0.5227967473888934,0.6240084212222442,0.5735279029249624,0.5735279029249624,0.6020525781408123,0.0,0.5479024728868885,0.6504629882579825,0.6020525781408123,0.6020525781408123
f77083b98c269180bd3cd458211a5948837596f73fef592ca5a8bb463726b247,label_blind,sbert,3,5,145,0.37699999999999795,0.0,0.3566394033032003,0.39673903674106886,0.37699999999999795,0.37699999999999795,0.7958964238376001,0.0,0.7534889753018498,0.8347445348722144,0.7958964238376001,0.7958964238376001,0.4689059861649635,6.206335383118183e-17,0.4448752914668279,0.4916707504014418,0.46890598616496343,0.46890598616496343
f77083b98c269180bd3cd458211a5948837596f73fef592ca5a8bb463726b247,label_blind,sbert,5,5,145,0.29868888888888423,0.0,0.2772196646566772,0.3203758714441153,0.29868888888888423,0.29868888888888423,0.8700177900530847,0.0,0.8365805016076578,0.8996749602921407,0.8700177900530847,0.8700177900530847,0.4032806547483007,0.0,0.3810545355408775,0.4266862739294714,0.4032806547483007,0.4032806547483007
f77083b98c269180bd3cd458211a5948837596f73fef592ca5a8bb463726b247,label_blind,sbert,10,5,145,0.24863756613756727,0.0,0.22541467640031998,0.27392885167511516,0.24863756613756727,0.24863756613756727,0.9645691927897809,0.0,0.9516719099028789,0.9757415528088828,0.9645691927897809,0.9645691927897809,0.3554526440553124,0.0,0.3291714980719118,0.38503956287849456,0.3554526440553124,0.3554526440553124
f77083b98c269180bd3cd458211a5948837596f73fef592ca5a8bb463726b247,label_blind,tfidf,1,5,145,0.7633333333333333,0.0,0.7186598964848505,0.807169281885191,0.7633333333333333,0.7633333333333333,0.6345687759408355,0.0,0.5931527925561406,0.6761698332325293,0.6345687759408355,0.6345687759408355,0.6627638626079788,0.0,0.6231396856384945,0.7037181145896158,0.6627638626079788,0.6627638626079788
f77083b98c269180bd3cd458211a5948837596f73fef592ca5a8bb463726b247,label_blind,tfidf,3,5,145,0.3823333333333313,0.0,0.36364637233992964,0.4002401556613356,0.3823333333333313,0.3823333333333313,0.8171429227090987,0.0,0.7814357440933041,0.8509184003495582,0.8171429227090987,0.8171429227090987,0.4786531740246901,0.0,0.4570935664932414,0.4986507529543389,0.4786531740246901,0.4786531740246901
f77083b98c269180bd3cd458211a5948837596f73fef592ca5a8bb463726b247,label_blind,tfidf,5,5,145,0.2993555555555506,0.0,0.2799865280621835,0.31929667277551244,0.2993555555555506,0.2993555555555506,0.8824503926356865,0.0,0.8526113118946013,0.9096416989778816,0.8824503926356865,0.8824503926356865,0.40624819654602834,0.0,0.3849088492364604,0.42821093615171796,0.40624819654602834,0.40624819654602834
f77083b98c269180bd3cd458211a5948837596f73fef592ca5a8bb463726b247,label_blind,tfidf,10,5,145,0.24803756613756725,0.0,0.2242826953004843,0.2721837224340519,0.24803756613756725,0.24803756613756725,0.9608888129844011,0.0,0.9466310998601517,0.9736328279854035,0.9608888129844011,0.9608888129844011,0.354391896004213,0.0,0.327537199322581,0.38342352288947956,0.354391896004213,0.354391896004213
f77083b98c269180bd3cd458211a5948837596f73fef592ca5a8bb463726b247,predicted,bm25,1,5,145,0.8066666666666666,0.0,0.7662962948485417,0.8424704894292377,0.8066666666666666,0.8066666666666666,0.669523629420689,0.0,0.6313066710460044,0.7076224339204005,0.669523629420689,0.669523629420689,0.6993632563514905,0.0,0.6611591921433962,0.7348680319453467,0.6993632563514905,0.6993632563514905
f77083b98c269180bd3cd458211a5948837596f73fef592ca5a8bb463726b247,predicted,bm25,3,5,145,0.38788888888888695,0.0,0.37075364636445096,0.4042028846101739,0.38788888888888695,0.38788888888888695,0.8306527351189107,1.2412670766236366e-16,0.7992019877017077,0.86230794174705,0.8306527351189108,0.8306527351189108,0.4864023951739114,0.0,0.4674377109160953,0.5051837947135054,0.4864023951739114,0.4864023951739114
f77083b98c269180bd3cd458211a5948837596f73fef592ca5a8bb463726b247,predicted,bm25,5,5,145,0.3032222222222171,0.0,0.2838297221794922,0.3219066674494466,0.3032222222222171,0.3032222222222171,0.8913173312526246,0.0,0.8651914044945483,0.9155834971537247,0.8913173312526246,0.8913173312526246,0.41090634833575923,6.206335383118183e-17,0.39094860299534445,0.43275337820605303,0.4109063483357592,0.4109063483357592
f77083b98c269180bd3cd458211a5948837596f73fef592ca5a8bb463726b247,predicted,bm25,10,5,145,0.24663756613756732,3.1031676915590914e-17,0.22318186984744245,0.2715805524926194,0.2466375661375673,0.2466375661375673,0.9592554075009959,0.0,0.9448786994062911,0.9719083257900035,0.9592554075009959,0.9592554075009959,0.3529582574411937,0.0,0.3238965424895013,0.3825418471459824,0.3529582574411937,0.3529582574411937
f77083b98c269180bd3cd458211a5948837596f73fef592ca5a8bb463726b247,predicted,full,1,5,145,0.7796000000000001,0.005765799549450559,0.7287127594163932,0.8222229409228116,0.7706666666666667,0.7853333333333333,0.6381114071984669,0.00484455020271926,0.594873792861996,0.6823268115000617,0.6309069627540224,0.6429069627540225,0.6687510148892487,0.005051947710621065,0.6220338819623532,0.7101232328079048,0.6612449542831882,0.6735560653942992
f77083b98c269180bd3cd458211a5948837596f73fef592ca5a8bb463726b247,predicted,full,3,5,145,0.39162222222222054,0.0018685176008515678,0.3757666629451738,0.40734076777035433,0.3894444444444426,0.3941111111111098,0.8422752901564661,0.0036387746279030243,0.8150909602044634,0.8699647925452456,0.8382794685706443,0.8472178524090284,0.4920170865460637,0.0021279961838366985,0.4746559282774673,0.5085383818763745,0.4896784914374687,0.4950133454723225
f77083b98c269180bd3cd458211a5948837596f73fef592ca5a8bb463726b247,predicted,full,5,5,145,0.30556888888888356,0.0004953113498934891,0.287665006200718,0.3247962794132647,0.3049555555555503,0.30628888888888356,0.9035890314043258,0.0018516059039246089,0.8797975105785296,0.926363415036884,0.9020010419863362,0.9061214123567066,0.41496325859325756,0.000738282440212342,0.39481785716591256,0.43618189752848646,0.4140934839670123,0.41600252177016783
f77083b98c269180bd3cd458211a5948837596f73fef592ca5a8bb463726b247,predicted,full,10,5,145,0.24921089947090075,0.00019206480387848028,0.22494701244409895,0.27297210341469735,0.2489708994709008,0.24950423280423406,0.9672116532922412,0.0007526715709370339,0.955493783420275,0.9773802543158673,0.9662318505024383,0.9682636686842568,0.356300198974033,0.0002385230137588837,0.3303500993936478,0.3862693027018632,0.35595139582786145,0.35662062104708664
f77083b98c269180bd3cd458211a5948837596f73fef592ca5a8bb463726b247,predicted,lead_k,1,5,145,0.6953333333333334,0.0,0.6351883769085107,0.7515166800412701,0.6953333333333334,0.6953333333333334,0.5517569627540224,0.0,0.49441085036949606,0.6039045053439793,0.5517569627540224,0.5517569627540224,0.5826696055578396,0.0,0.5259752009561707,0.6367424860629954,0.5826696055578396,0.5826696055578396
f77083b98c269180bd3cd458211a5948837596f73fef592ca5a8bb463726b247,predicted,lead_k,3,5,145,0.3381111111111075,0.0,0.31368727744583247,0.3615972457575495,0.3381111111111075,0.3381111111111075,0.6923502218913986,0.0,0.6383476529186103,0.7460716865996483,0.6923502218913986,0.6923502218913986,0.41374812599394584,6.206335383118183e-17,0.3840183956817209,0.4440559298109929,0.4137481259939459,0.4137481259939459
f77083b98c269180bd3cd458211a5948837596f73fef592ca5a8bb463726b247,predicted,lead_k,5,5,145,0.2773555555555514,0.0,0.255008829800425,0.2993480160210588,0.2773555555555514,0.2773555555555514,0.7825620161973111,0.0,0.7321032760430022,0.8304005219397246,0.7825620161973111,0.7825620161973111,0.37088156144394285,0.0,0.34385952475119314,0.39997036727244445,0.37088156144394285,0.37088156144394285
f77083b98c269180bd3cd458211a5948837596f73fef592ca5a8bb463726b247,predicted,lead_k,10,5,145,0.2369042328042331,0.0,0.21245511051132857,0.2635567298260024,0.2369042328042331,0.2369042328042331,0.885861039831628,0.0,0.8432127522604281,0.9221073121720049,0.885861039831628,0.885861039831628,0.33640418939335975,0.0,0.3066102616600437,0.36589602924041303,0.33640418939335975,0.33640418939335975
f77083b98c269180bd3cd458211a5948837596f73fef592ca5a8bb463726b247,predicted,lexcue,1,5,145,0.5506666666666666,0.0,0.48172239703089864,0.6186956016894621,0.5506666666666666,0.5506666666666666,0.43121147675853566,6.206335383118183e-17,0.3708518478266859,0.4925904361104404,0.4312114767585356,0.4312114767585356,0.4560431024313371,0.0,0.39063381901494565,0.5204940245876711,0.4560431024313371,0.4560431024313371
f77083b98c269180bd3cd458211a5948837596f73fef592ca5a8bb463726b247,predicted,lexcue,3,5,145,0.34811111111110815,0.0,0.3222676825633257,0.3736166099102294,0.34811111111110815,0.34811111111110815,0.7186142162303928,0.0,0.653231092810698,0.7724455497507624,0.7186142162303928,0.7186142162303928,0.42712696581024706,6.206335383118183e-17,0.39431001851582637,0.45745972878197855,0.427126965810247,0.427126965810247
f77083b98c269180bd3cd458211a5948837596f73fef592ca5a8bb463726b247,predicted,lexcue,5,5,145,0.2836222222222179,0.0,0.2616856936632953,0.30883529232407686,0.2836222222222179,0.2836222222222179,0.8117989903342846,0.0,0.7669172249282944,0.8532085171178024,0.8117989903342846,0.8117989903342846,0.38060767182593613,0.0,0.35301392809806936,0.40828678463178025,0.38060767182593613,0.38060767182593613
f77083b98c269180bd3cd458211a5948837596f73fef592ca5a8bb463726b247,predicted,lexcue,10,5,145,0.24323756613756692,0.0,0.219978287474812,0.26957785504410575,0.24323756613756692,0.24323756613756692,0.9282362831068717,0.0,0.8980694447015746,0.953947066422772,0.9282362831068717,0.9282362831068717,0.34671669491045654,0.0,0.3180272713432451,0.3762115554641661,0.34671669491045654,0.34671669491045654
f77083b98c269180bd3cd458211a5948837596f73fef592ca5a8bb463726b247,predicted,no_graph,1,5,145,0.7765333333333333,0.006062636023674471,0.7268625333996148,0.8217946362228674,0.768,0.7826666666666666,0.6351047405318002,0.0054805007881478605,0.5880829225839586,0.677720698423562,0.6276402960873556,0.640973629420689,0.6656794997377335,0.005638914340391355,0.6190389182196988,0.7107274206746882,0.6580328330710669,0.6716772775155112
f77083b98c269180bd3cd458211a5948837596f73fef592ca5a8bb463726b247,predicted,no_graph,3,5,145,0.39091111111110954,0.0019474579822408246,0.3744939734799135,0.4074190700034791,0.3883333333333314,0.39366666666666544,0.8404550337462098,0.0037804010473202017,0.8123598011586805,0.868965520890352,0.8362572463484224,0.845912296853473,0.4909968663958436,0.00227125423618596,0.473610111844031,0.5077803749799144,0.48835626921524644,0.4943365777955549
f77083b98c269180bd3cd458211a5948837596f73fef592ca5a8bb463726b247,predicted,no_graph,5,5,145,0.3053288888888836,0.0005992588014465031,0.28652026042136836,0.32421558927639427,0.3045555555555503,0.30588888888888355,0.9025108784461728,0.0015666931639448422,0.8791489228627135,0.9239056034700287,0.9001793248146192,0.9038610948963893,0.41448645328527584,0.0007749711184469598,0.39476598873453994,0.4350789202685785,0.4135458649193931,0.41516822643587253
f77083b98c269180bd3cd458211a5948837596f73fef592ca5a8bb463726b247,predicted,no_graph,10,5,145,0.2492508994709007,0.00015916448515083663,0.226442258515413,0.2740416420773311,0.24910423280423397,0.249504232804234,0.9667420743526624,0.0007751402876739811,0.9545943861463337,0.9771389247865725,0.9660008333714213,0.967691910812499,0.3562969638457406,0.00020209104767603188,0.3289754430891091,0.3843713353729366,0.3560883753582048,0.35658549188690025
f77083b98c269180bd3cd458211a5948837596f73fef592ca5a8bb463726b247,predicted,no_role,1,5,145,0.7793333333333333,0.0,0.7351196382700904,0.821530243787273,0.7793333333333333,0.7793333333333333,0.6424291849762447,0.0,0.5994712921773986,0.6811941987870163,0.6424291849762447,0.6424291849762447,0.6721703030085368,0.0,0.632531033912031,0.7110320969131938,0.6721703030085368,0.6721703030085368
f77083b98c269180bd3cd458211a5948837596f73fef592ca5a8bb463726b247,predicted,no_role,3,5,145,0.38611111111110913,0.0,0.3675588644436173,0.4029673175802983,0.38611111111110913,0.38611111111110913,0.8275180929092689,0.0,0.7947831864676731,0.8605403336852998,0.8275180929092689,0.8275180929092689,0.48404085869983604,6.206335383118183e-17,0.46332675432316817,0.5030596715440433,0.484040858699836,0.484040858699836
f77083b98c269180bd3cd458211a5948837596f73fef592ca5a8bb463726b247,predicted,no_role,5,5,145,0.3037555555555503,0.0,0.284898790818793,0.3229679343218918,0.3037555555555503,0.3037555555555503,0.8973581607934549,0.0,0.8733345513702784,0.9203966208365915,0.8973581607934549,0.8973581607934549,0.4124698094933378,0.0,0.3916870418603591,0.4337867547772694,0.4124698094933378,0.4124698094933378
f77083b98c269180bd3cd458211a5948837596f73fef592ca5a8bb463726b247,predicted,no_role,10,5,145,0.2491708994709007,0.0,0.22691582537073798,0.27310461234648054,0.2491708994709007,0.2491708994709007,0.9664678052883936,0.0,0.9533496062081973,0.977699667409348,0.9664678052883936,0.9664678052883936,0.35624390526544836,0.0,0.3298420193688763,0.3856690376409675,0.35624390526544836,0.35624390526544836
f77083b98c269180bd3cd458211a5948837596f73fef592ca5a8bb463726b247,predicted,query_only,1,5,145,0.778,0.0,0.7347785909871707,0.8194796283775324,0.778,0.778,0.6410672802143399,0.0,0.6012672250934842,0.6824913460326257,0.6410672802143399,0.6410672802143399,0.6707915151297489,0.0,0.6299028071020485,0.711783336897983,0.6707915151297489,0.6707915151297489
f77083b98c269180bd3cd458211a5948837596f73fef592ca5a8bb463726b247,predicted,query_only,3,5,145,0.3841111111111089,0.0,0.3649886582647181,0.4017096412556054,0.3841111111111089,0.3841111111111089,0.825250632591809,1.2412670766236366e-16,0.7917050882213286,0.8578552948329103,0.8252506325918089,0.8252506325918089,0.4823640910230683,6.206335383118183e-17,0.4621327376072073,0.5023601380332112,0.48236409102306826,0.48236409102306826
f77083b98c269180bd3cd458211a5948837596f73fef592ca5a8bb463726b247,predicted,query_only,5,5,145,0.303222222222217,0.0,0.28468167774258807,0.324712364029902,0.303222222222217,0.303222222222217,0.8951927928280871,0.0,0.8699104496941126,0.9194168918020668,0.8951927928280871,0.8951927928280871,0.41154590801355395,0.0,0.390675536236281,0.4330921795872748,0.41154590801355395,0.41154590801355395
f77083b98c269180bd3cd458211a5948837596f73fef592ca5a8bb463726b247,predicted,query_only,10,5,145,0.24923756613756726,3.1031676915590914e-17,0.22603342075267105,0.2734226602355066,0.24923756613756723,0.24923756613756723,0.9662135317841202,0.0,0.9537078776105928,0.9774399222565392,0.9662135317841202,0.9662135317841202,0.35623669516476003,0.0,0.3298601838018315,0.3844237098198133,0.35623669516476003,0.35623669516476003
f77083b98c269180bd3cd458211a5948837596f73fef592ca5a8bb463726b247,predicted,sbert,1,5,145,0.706,0.0,0.6525913610610256,0.7566733817701453,0.706,0.706,0.5735279029249624,0.0,0.5259150384226257,0.6228513852787421,0.5735279029249624,0.5735279029249624,0.6020525781408123,0.0,0.5531761819140676,0.6529328692383735,0.6020525781408123,0.6020525781408123
f77083b98c269180bd3cd458211a5948837596f73fef592ca5a8bb463726b247,predicted,sbert,3,5,145,0.37699999999999795,0.0,0.35775436024918533,0.39699142298505163,0.37699999999999795,0.37699999999999795,0.7958964238376001,0.0,0.7524657599216877,0.836186909739571,0.7958964238376001,0.7958964238376001,0.4689059861649635,6.206335383118183e-17,0.44499471572926974,0.4917800902770741,0.46890598616496343,0.46890598616496343
f77083b98c269180bd3cd458211a5948837596f73fef592ca5a8bb463726b247,predicted,sbert,5,5,145,0.29868888888888423,0.0,0.2785159746055543,0.3182988498622588,0.29868888888888423,0.29868888888888423,0.8700177900530847,0.0,0.8361866991077129,0.9020325951149205,0.8700177900530847,0.8700177900530847,0.4032806547483007,0.0,0.37968994450721394,0.42689684957240515,0.4032806547483007,0.4032806547483007
f77083b98c269180bd3cd458211a5948837596f73fef592ca5a8bb463726b247,predicted,sbert,10,5,145,0.24863756613756727,0.0,0.22539071778181038,0.2728800970248256,0.24863756613756727,0.24863756613756727,0.9645691927897809,0.0,0.9523716573823301,0.9758091007638431,0.9645691927897809,0.9645691927897809,0.3554526440553124,0.0,0.327829157122879,0.38422127323526095,0.3554526440553124,0.3554526440553124
f77083b98c269180bd3cd458211a5948837596f73fef592ca5a8bb463726b247,predicted,tfidf,1,5,145,0.7633333333333333,0.0,0.7174102393617021,0.8058707741821045,0.7633333333333333,0.7633333333333333,0.6345687759408355,0.0,0.5918718188341999,0.6759688446980694,0.6345687759408355,0.6345687759408355,0.6627638626079788,0.0,0.6198755485881037,0.702561848344009,0.6627638626079788,0.6627638626079788
f77083b98c269180bd3cd458211a5948837596f73fef592ca5a8bb463726b247,predicted,tfidf,3,5,145,0.3823333333333313,0.0,0.3646398873109631,0.40016848469899696,0.3823333333333313,0.3823333333333313,0.8171429227090987,0.0,0.7818918412315973,0.8521191289760246,0.8171429227090987,0.8171429227090987,0.4786531740246901,0.0,0.4568394389622608,0.4993204571361391,0.4786531740246901,0.4786531740246901
f77083b98c269180bd3cd458211a5948837596f73fef592ca5a8bb463726b247,predicted,tfidf,5,5,145,0.2993555555555506,0.0,0.279919558893098,0.3191652450321543,0.2993555555555506,0.2993555555555506,0.8824503926356865,0.0,0.8538291834095707,0.908347423166994,0.8824503926356865,0.8824503926356865,0.40624819654602834,0.0,0.38447179222602845,0.4285288989875152,0.40624819654602834,0.40624819654602834
f77083b98c269180bd3cd458211a5948837596f73fef592ca5a8bb463726b247,predicted,tfidf,10,5,145,0.24803756613756725,0.0,0.225543924510709,0.2730109268713387,0.24803756613756725,0.24803756613756725,0.9608888129844011,0.0,0.9466813009095923,0.9733109675192333,0.9608888129844011,0.9608888129844011,0.354391896004213,0.0,0.327443804014153,0.3835505763526576,0.354391896004213,0.354391896004213
f77083b98c269180bd3cd458211a5948837596f73fef592ca5a8bb463726b247,oracle,bm25,1,5,145,0.8066666666666666,0.0,0.7680485567514678,0.8431007956649976,0.8066666666666666,0.8066666666666666,0.669523629420689,0.0,0.6314198770332117,0.7068750070024183,0.669523629420689,0.669523629420689,0.6993632563514905,0.0,0.6622782597164556,0.733885000551708,0.6993632563514905,0.6993632563514905
f77083b98c269180bd3cd458211a5948837596f73fef592ca5a8bb463726b247,oracle,bm25,3,5,145,0.38788888888888695,0.0,0.37069491827348694,0.404196059098088,0.38788888888888695,0.38788888888888695,0.8306527351189107,1.2412670766236366e-16,0.798263257346342,0.8611369947540427,0.8306527351189108,0.8306527351189108,0.4864023951739114,0.0,0.4671234477100156,0.5050747870613815,0.4864023951739114,0.4864023951739114
f77083b98c269180bd3cd458211a5948837596f73fef592ca5a8bb463726b247,oracle,bm25,5,5,145,0.3032222222222171,0.0,0.28387797425524797,0.3234510769012913,0.3032222222222171,0.3032222222222171,0.8913173312526246,0.0,0.866012502448315,0.9159791055492339,0.8913173312526246,0.8913173312526246,0.41090634833575923,6.206335383118183e-17,0.3897844648121952,0.4334866019667397,0.4109063483357592,0.4109063483357592
f77083b98c269180bd3cd458211a5948837596f73fef592ca5a8bb463726b247,oracle,bm25,10,5,145,0.24663756613756732,3.1031676915590914e-17,0.22390460655947073,0.2706089123936449,0.2466375661375673,0.2466375661375673,0.9592554075009959,0.0,0.9446331183467838,0.9719895137969399,0.9592554075009959,0.9592554075009959,0.3529582574411937,0.0,0.32469763665863177,0.3833130612720985,0.3529582574411937,0.3529582574411937
f77083b98c269180bd3cd458211a5948837596f73fef592ca5a8bb463726b247,oracle,full,1,5,145,0.7817333333333333,0.005469105147198308,0.7330619788145143,0.8263348392183605,0.776,0.7886666666666666,0.6397002960873558,0.0048745661408712655,0.5971507127789372,0.6840129462930657,0.634762518309578,0.6460625183095781,0.670504550242784,0.0049503787991502105,0.6268857158377135,0.7132132993235898,0.6655904088286426,0.6769883886266224
f77083b98c269180bd3cd458211a5948837596f73fef592ca5a8bb463726b247,oracle,full,3,5,145,0.39202222222222055,0.0010493972402773187,0.3760493555001147,0.40745440432758434,0.3909999999999982,0.393444444444443,0.8435186316298076,0.0027169775005708853,0.8171467260665743,0.8699016222194206,0.8404683574595333,0.8469350241261998,0.4926170355948362,0.0014953817926271888,0.47612389318905,0.5086468476359496,0.4910269392859164,0.49452551478449186
f77083b98c269180bd3cd458211a5948837596f73fef592ca5a8bb463726b247,oracle,full,5,5,145,0.30644888888888355,0.0007854227453346427,0.2885024780160191,0.3260304255319148,0.30548888888888354,0.3074888888888837,0.9055563281816227,0.0016881637996583503,0.8819922255494463,0.9271549506342893,0.9028899308752254,0.9074682137035082,0.41604097680097585,0.0009415566069884585,0.39638020476109925,0.4362049360992774,0.4147522905199365,0.4172778422013707
f77083b98c269180bd3cd458211a5948837596f73fef592ca5a8bb463726b247,oracle,full,10,5,145,0.24922423280423406,8.692269873604277e-05,0.2260554499739486,0.2739403622289715,0.24910423280423402,0.24930423280423405,0.9668923555529437,0.000531437893691561,0.95464079849358,0.9777980482764831,0.9662289885495767,0.9676377427583309,0.3562772195557903,0.00010074993463685152,0.32972500308878794,0.38552009739506393,0.35614880816211575,0.3563856886305752
f77083b98c269180bd3cd458211a5948837596f73fef592ca5a8bb463726b247,oracle,lead_k,1,5,145,0.6953333333333334,0.0,0.6385730553734511,0.7536058781739566,0.6953333333333334,0.6953333333333334,0.5517569627540224,0.0,0.49368426483868433,0.6101509315544614,0.5517569627540224,0.5517569627540224,0.5826696055578396,0.0,0.5218820412803579,0.637789240666206,0.5826696055578396,0.5826696055578396
f77083b98c269180bd3cd458211a5948837596f73fef592ca5a8bb463726b247,oracle,lead_k,3,5,145,0.3381111111111075,0.0,0.315758473593089,0.362494938092174,0.3381111111111075,0.3381111111111075,0.6923502218913986,0.0,0.6366529009537766,0.7427675869506052,0.6923502218913986,0.6923502218913986,0.41374812599394584,6.206335383118183e-17,0.38268722266477784,0.4423800955320415,0.4137481259939459,0.4137481259939459
f77083b98c269180bd3cd458211a5948837596f73fef592ca5a8bb463726b247,oracle,lead_k,5,5,145,0.2773555555555514,0.0,0.25508672510089003,0.3008456201949935,0.2773555555555514,0.2773555555555514,0.7825620161973111,0.0,0.7348907096664054,0.8304269760413021,0.7825620161973111,0.7825620161973111,0.37088156144394285,0.0,0.34241438560817,0.39981746944435365,0.37088156144394285,0.37088156144394285
f77083b98c269180bd3cd458211a5948837596f73fef592ca5a8bb463726b247,oracle,lead_k,10,5,145,0.2369042328042331,0.0,0.2119306687645477,0.2635929635932816,0.2369042328042331,0.2369042328042331,0.885861039831628,0.0,0.8450867889411742,0.9231753727433359,0.885861039831628,0.885861039831628,0.33640418939335975,0.0,0.3050523900000779,0.36857508256881305,0.33640418939335975,0.33640418939335975
f77083b98c269180bd3cd458211a5948837596f73fef592ca5a8bb463726b247,oracle,lexcue,1,5,145,0.5386666666666666,0.0,0.4730232000357737,0.6020408163265306,0.5386666666666666,0.5386666666666666,0.4178781434252021,0.0,0.35431819107396656,0.47653324794641555,0.4178781434252021,0.4178781434252021,0.44319768118591574,0.0,0.3799794858161166,0.5031826198249616,0.44319768118591574,0.44319768118591574
f77083b98c269180bd3cd458211a5948837596f73fef592ca5a8bb463726b247,oracle,lexcue,3,5,145,0.348111111111108,0.0,0.3218031249434662,0.37269166054657743,0.348111111111108,0.348111111111108,0.718861835278012,0.0,0.6618117316013119,0.7716709435825994,0.718861835278012,0.718861835278012,0.42721862469602334,0.0,0.3954376967699149,0.4582784975968175,0.42721862469602334,0.42721862469602334
f77083b98c269180bd3cd458211a5948837596f73fef592ca5a8bb463726b247,oracle,lexcue,5,5,145,0.2841555555555513,0.0,0.2615670526004987,0.3075545050080132,0.2841555555555513,0.2841555555555513,0.8159831173184118,1.2412670766236366e-16,0.7694650250112364,0.8575625455144579,0.8159831173184119,0.8159831173184119,0.38149780625291274,0.0,0.35468634762419815,0.4098767107100879,0.38149780625291274,0.38149780625291274
f77083b98c269180bd3cd458211a5948837596f73fef592ca5a8bb463726b247,oracle,lexcue,10,5,145,0.2431042328042337,3.1031676915590914e-17,0.2203339557523236,0.268975344311271,0.24310423280423368,0.24310423280423368,0.9291489815195701,0.0,0.904155610280644,0.9528185152660767,0.9291489815195701,0.9291489815195701,0.34651981662534315,0.0,0.318244331093528,0.37637390970845647,0.34651981662534315,0.34651981662534315
f77083b98c269180bd3cd458211a5948837596f73fef592ca5a8bb463726b247,oracle,no_graph,1,5,145,0.7778666666666666,0.004770278351999532,0.7271060855695096,0.8241631234808805,0.7733333333333333,0.7846666666666666,0.6362002960873557,0.003912386155800372,0.5922381428681811,0.6790652383932113,0.632762518309578,0.6415625183095779,0.6668956613538951,0.004061187590274988,0.619929195141247,0.707947571617068,0.6634494997377335,0.6725883886266223
f77083b98c269180bd3cd458211a5948837596f73fef592ca5a8bb463726b247,oracle,no_graph,3,5,145,0.3917555555555539,0.0009635325950524973,0.37701362157351354,0.407723935886613,0.390777777777776,0.3932222222222208,0.8430241871853633,0.0025567653999453537,0.8150111838374423,0.8704765023254802,0.839762801903978,0.8465183574595335,0.4923266689244696,0.0013678577049433482,0.47576123500831263,0.50864050103947,0.49075131121028837,0.49430059895957607
f77083b98c269180bd3cd458211a5948837596f73fef592ca5a8bb463726b247,oracle,no_graph,5,5,145,0.30588888888888366,0.0004521553322084078,0.28844623796384916,0.32526467371093304,0.3053555555555502,0.306422222222217,0.9041078673831617,0.0011973273230695232,0.8793870928196206,0.9250852026662478,0.9022677086530032,0.9053732642085587,0.415247362376185,0.0005269978568375054,0.39542150702652945,0.4354952481040777,0.41444810581575187,0.41579231106583964
f77083b98c269180bd3cd458211a5948837596f73fef592ca5a8bb463726b247,oracle,no_graph,10,5,145,0.24923756613756734,0.00013333333333336722,0.2258037503451589,0.27427660333557174,0.24910423280423394,0.24943756613756735,0.9668660931116811,0.0006518218403174931,0.9548687518017704,0.9778908999912633,0.965865984886573,0.9674395298601182,0.35626418033295704,0.00018925160170610902,0.3284624437893777,0.3860574530373149,0.3560125308323602,0.356526367677776
f77083b98c269180bd3cd458211a5948837596f73fef592ca5a8bb463726b247,oracle,no_role,1,5,145,0.7793333333333333,0.0,0.7337208861487617,0.8215022999664119,0.7793333333333333,0.7793333333333333,0.6424291849762447,0.0,0.6007935637803802,0.6810709031998982,0.6424291849762447,0.6424291849762447,0.6721703030085368,0.0,0.6321186568177674,0.7131547042793226,0.6721703030085368,0.6721703030085368
f77083b98c269180bd3cd458211a5948837596f73fef592ca5a8bb463726b247,oracle,no_role,3,5,145,0.38611111111110913,0.0,0.36849751164679995,0.40471435102977155,0.38611111111110913,0.38611111111110913,0.8275180929092689,0.0,0.7936447496806558,0.8594625993784503,0.8275180929092689,0.8275180929092689,0.48404085869983604,6.206335383118183e-17,0.4637287496546684,0.5041750565929578,0.484040858699836,0.484040858699836
f77083b98c269180bd3cd458211a5948837596f73fef592ca5a8bb463726b247,oracle,no_role,5,5,145,0.3037555555555503,0.0,0.28546370159243384,0.3227560245403144,0.3037555555555503,0.3037555555555503,0.8973581607934549,0.0,0.8733260549956469,0.9204539596281965,0.8973581607934549,0.8973581607934549,0.4124698094933378,0.0,0.3926628071503467,0.4344912627864548,0.4124698094933378,0.4124698094933378
f77083b98c269180bd3cd458211a5948837596f73fef592ca5a8bb463726b247,oracle,no_role,10,5,145,0.2491708994709007,0.0,0.22664258162091377,0.27292336200854594,0.2491708994709007,0.2491708994709007,0.9664678052883936,0.0,0.9531648366448888,0.9777722992314218,0.9664678052883936,0.9664678052883936,0.35624390526544836,0.0,0.33032179814398965,0.385150686154657,0.35624390526544836,0.35624390526544836
f77083b98c269180bd3cd458211a5948837596f73fef592ca5a8bb463726b247,oracle,query_only,1,5,145,0.778,0.0,0.734210148215366,0.8191511131752344,0.778,0.778,0.6410672802143399,0.0,0.6000032833351052,0.6797811417620439,0.6410672802143399,0.6410672802143399,0.6707915151297489,0.0,0.6289355405405295,0.7103928030394945,0.6707915151297489,0.6707915151297489
f77083b98c269180bd3cd458211a5948837596f73fef592ca5a8bb463726b247,oracle,query_only,3,5,145,0.3841111111111089,0.0,0.36585306996892364,0.4025931116131292,0.3841111111111089,0.3841111111111089,0.825250632591809,1.2412670766236366e-16,0.7908131503344955,0.8586896205295056,0.8252506325918089,0.8252506325918089,0.4823640910230683,6.206335383118183e-17,0.461976952973057,0.5024398893910519,0.48236409102306826,0.48236409102306826
f77083b98c269180bd3cd458211a5948837596f73fef592ca5a8bb463726b247,oracle,query_only,5,5,145,0.303222222222217,0.0,0.28368261946386936,0.3231224966498674,0.303222222222217,0.303222222222217,0.8951927928280871,0.0,0.870811561072701,0.9185059195292674,0.8951927928280871,0.8951927928280871,0.41154590801355395,0.0,0.38994241400325746,0.43355785001311314,0.41154590801355395,0.41154590801355395
f77083b98c269180bd3cd458211a5948837596f73fef592ca5a8bb463726b247,oracle,query_only,10,5,145,0.24923756613756726,3.1031676915590914e-17,0.22606920259888666,0.2735903897051767,0.24923756613756723,0.24923756613756723,0.9662135317841202,0.0,0.9536626562696362,0.9778134263969758,0.9662135317841202,0.9662135317841202,0.35623669516476003,0.0,0.32891221950639254,0.3848122623789089,0.35623669516476003,0.35623669516476003
f77083b98c269180bd3cd458211a5948837596f73fef592ca5a8bb463726b247,oracle,sbert,1,5,145,0.706,0.0,0.6498050010082678,0.7543988974900305,0.706,0.706,0.5735279029249624,0.0,0.524051463450027,0.6230326300423985,0.5735279029249624,0.5735279029249624,0.6020525781408123,0.0,0.5464623106632082,0.6521291406397238,0.6020525781408123,0.6020525781408123
f77083b98c269180bd3cd458211a5948837596f73fef592ca5a8bb463726b247,oracle,sbert,3,5,145,0.37699999999999795,0.0,0.356402239033607,0.39666926960072246,0.37699999999999795,0.37699999999999795,0.7958964238376001,0.0,0.7523468972700145,0.8355039958159152,0.7958964238376001,0.7958964238376001,0.4689059861649635,6.206335383118183e-17,0.4451942897310891,0.4916692933888629,0.46890598616496343,0.46890598616496343
f77083b98c269180bd3cd458211a5948837596f73fef592ca5a8bb463726b247,oracle,sbert,5,5,145,0.29868888888888423,0.0,0.27883508551795183,0.31973128960295594,0.29868888888888423,0.29868888888888423,0.8700177900530847,0.0,0.836415757020967,0.9012499173831626,0.8700177900530847,0.8700177900530847,0.4032806547483007,0.0,0.37991885211608256,0.42650310592131946,0.4032806547483007,0.4032806547483007
f77083b98c269180bd3cd458211a5948837596f73fef592ca5a8bb463726b247,oracle,sbert,10,5,145,0.24863756613756727,0.0,0.22523439333020542,0.2731159980068074,0.24863756613756727,0.24863756613756727,0.9645691927897809,0.0,0.9522248992278316,0.9765983502934301,0.9645691927897809,0.9645691927897809,0.3554526440553124,0.0,0.32757808810584527,0.3843600281979083,0.3554526440553124,0.3554526440553124
f77083b98c269180bd3cd458211a5948837596f73fef592ca5a8bb463726b247,oracle,tfidf,1,5,145,0.7633333333333333,0.0,0.7189607155973093,0.805407308134625,0.7633333333333333,0.7633333333333333,0.6345687759408355,0.0,0.592611050808549,0.6759267558845398,0.6345687759408355,0.6345687759408355,0.6627638626079788,0.0,0.6203699266449909,0.7037932791504684,0.6627638626079788,0.6627638626079788
f77083b98c269180bd3cd458211a5948837596f73fef592ca5a8bb463726b247,oracle,tfidf,3,5,145,0.3823333333333313,0.0,0.3643107347435031,0.40082257692198037,0.3823333333333313,0.3823333333333313,0.8171429227090987,0.0,0.7827090697258333,0.8498321187602685,0.8171429227090987,0.8171429227090987,0.4786531740246901,0.0,0.4578036557361076,0.49903043626813454,0.4786531740246901,0.4786531740246901
f77083b98c269180bd3cd458211a5948837596f73fef592ca5a8bb463726b247,oracle,tfidf,5,5,145,0.2993555555555506,0.0,0.2794993130506217,0.31994822127494194,0.2993555555555506,0.2993555555555506,0.8824503926356865,0.0,0.8546826512083802,0.9084941238726462,0.8824503926356865,0.8824503926356865,0.40624819654602834,0.0,0.38596793607049645,0.4288518497392625,0.40624819654602834,0.40624819654602834
f77083b98c269180bd3cd458211a5948837596f73fef592ca5a8bb463726b247,oracle,tfidf,10,5,145,0.24803756613756725,0.0,0.22459095406751853,0.2721917206428398,0.24803756613756725,0.24803756613756725,0.9608888129844011,0.0,0.9465229857177581,0.974007229830894,0.9608888129844011,0.9608888129844011,0.354391896004213,0.0,0.3271425869955171,0.3843268521042472,0.354391896004213,0.354391896004213
