configuration_id,method,method_role,seed_block_count,source_seed_rows,mean_legacy_hv_sampled_clip_ref110,mean_analytic_hv_ref110,mean_analytic_hv_ref105,mean_igd_plus_common_reference,mean_front_size,mean_runtime_s_provenance_only
base,Ablation-FixedDE,ablation,2,60,0.04109504083,0.0020767915,0.000425461,0.02339316983,38.58333333,0.09484775
base,Ablation-NoDER,ablation,2,60,0.04079131983,0.0027571685,0.0005896886667,0.007408672333,37.53333333,0.1222166667
base,Ablation-NoDiversity,ablation,2,60,0.02653071767,0.00114185,0.0002281178333,0.1081866118,8.95,0.1752566333
base,Ablation-NoRepair,ablation,2,60,0.03752061617,0.002056947333,0.000418173,0.022999332,39.33333333,0.05484098333
base,CARS-MODE,proposed,2,60,0.04084761233,0.0020859555,0.0004274813333,0.02304208983,38.7,0.09512661667
base,GA,baseline,2,60,0.0307819065,0.0003514985,4.18495e-05,0.2314693452,1,0.005566366667
base,GDE3,baseline,2,60,0.03694860117,0.002039044167,0.0004141726667,0.024809162,39.11666667,0.05994646667
base,MOEA/D,baseline,2,60,0.00047204,0.00011,6.56e-06,0.456732275,1,0.3675971833
base,NSDE,baseline,2,60,0.03724078317,0.002053741333,0.0004163993333,0.02379065483,39.03333333,0.05971261667
base,NSGA-II,baseline,2,60,0.0381233575,0.002094384333,0.0004254111667,0.02224476333,40,0.1205048167
base,NSGA-II+Repair,baseline,2,60,0.03808967567,0.002096455167,0.0004244306667,0.02234071767,40,0.1190399167
base,PSO,baseline,2,60,0.015335858,0.000463871,8.252716667e-05,0.1986695058,1,0.0057685
base,Standard DE,baseline,2,60,0.03014042167,0.0003954373333,5.25185e-05,0.2196399018,1,0.01211761667
base,Weighted Sum,baseline,2,60,0.00434006,0.00012533,1.574e-05,0.411281595,1,0.0005178
der_only_pool,Ablation-FixedDE,ablation,1,30,0.04520075267,0.002401093667,0.00050474,0.01774311667,38.96666667,0.08229653333
der_only_pool,Ablation-NoDER,ablation,1,30,0.04584236567,0.002782277,0.0005961343333,0.007627330333,37.7,0.095034
der_only_pool,Ablation-NoDiversity,ablation,1,30,0.02941608467,0.001050074,0.0002045223333,0.1391683547,5.866666667,0.1396935
der_only_pool,Ablation-NoRepair,ablation,1,30,0.043369596,0.002347171,0.0004866536667,0.01938422167,38.83333333,0.05365163333
der_only_pool,CARS-MODE,proposed,1,30,0.04495649733,0.002419397667,0.0005093103333,0.01712258567,38.8,0.0897077
der_only_pool,GA,baseline,1,30,0.03156698933,0.000371764,4.703733333e-05,0.2635180187,1,0.005035733333
der_only_pool,GDE3,baseline,1,30,0.04303581833,0.002317134667,0.0004777433333,0.02141943233,38.96666667,0.05989526667
der_only_pool,MOEA/D,baseline,1,30,0.00047204,0.00011,6.56e-06,0.48692621,1,0.3656854
der_only_pool,NSDE,baseline,1,30,0.04291470267,0.002275299,0.0004690636667,0.02257110733,38.8,0.05970366667
der_only_pool,NSGA-II,baseline,1,30,0.04307827033,0.002319033333,0.0004808683333,0.02126183033,40,0.1193159
der_only_pool,NSGA-II+Repair,baseline,1,30,0.04353116267,0.002334143,0.000483771,0.02021562533,40,0.1178236
der_only_pool,PSO,baseline,1,30,0.02426570333,0.000451562,7.469166667e-05,0.238841374,1,0.0050616
der_only_pool,Standard DE,baseline,1,30,0.03163683867,0.000391901,5.2328e-05,0.256561792,1,0.01147666667
der_only_pool,Weighted Sum,baseline,1,30,0.00482464,0.00012533,1.574e-05,0.46328724,1,0.0003425333333
storage_only_pool,Ablation-FixedDE,ablation,1,30,0.04407587633,0.002392314333,0.0005006906667,0.021512784,38.83333333,0.07527963333
storage_only_pool,Ablation-NoDER,ablation,1,30,0.04442875367,0.002778712333,0.0005954346667,0.010039324,37.56666667,0.0961372
storage_only_pool,Ablation-NoDiversity,ablation,1,30,0.028446068,0.0009799826667,0.0001851916667,0.1257015033,4.366666667,0.1428513
storage_only_pool,Ablation-NoRepair,ablation,1,30,0.042770924,0.002381435333,0.0004962836667,0.022045516,38.76666667,0.0541463
storage_only_pool,CARS-MODE,proposed,1,30,0.04362091267,0.002345245667,0.0004882836667,0.02319588467,38.4,0.0792162
storage_only_pool,GA,baseline,1,30,0.03062227033,0.0004778573333,7.1529e-05,0.2236563473,1,0.0050752
storage_only_pool,GDE3,baseline,1,30,0.04255832567,0.002409355,0.0005022626667,0.021154499,38.66666667,0.06047723333
storage_only_pool,MOEA/D,baseline,1,30,0.00047204,0.00011,6.56e-06,0.50008707,1,0.3717839333
storage_only_pool,NSDE,baseline,1,30,0.04238656967,0.002338787,0.0004869483333,0.023686851,38.83333333,0.0598434
storage_only_pool,NSGA-II,baseline,1,30,0.04281990233,0.002391431667,0.0004998563333,0.021494326,40,0.1015521333
storage_only_pool,NSGA-II+Repair,baseline,1,30,0.04277583467,0.00242848,0.0005073553333,0.02102155567,40,0.100396
storage_only_pool,PSO,baseline,1,30,0.02598944867,0.00052469,9.071633333e-05,0.2089415,1,0.005034866667
storage_only_pool,Standard DE,baseline,1,30,0.030375085,0.000516721,8.086866667e-05,0.2131610903,1,0.0114833
storage_only_pool,Weighted Sum,baseline,1,30,0.01084504,0.0002601,3.847e-05,0.31897843,1,0.0003055
load_growth,Ablation-FixedDE,ablation,1,30,0.03722969333,0.001636244333,0.0003070086667,0.02240789667,38.76666667,0.09451123333
load_growth,Ablation-NoDER,ablation,1,30,0.03625340967,0.002199497333,0.0004321503333,0.006082168667,37.7,0.1195731333
load_growth,Ablation-NoDiversity,ablation,1,30,0.02705842433,0.001059861,0.0001953393333,0.06215099033,9.966666667,0.1699050667
load_growth,Ablation-NoRepair,ablation,1,30,0.034437926,0.001639831,0.0003041596667,0.02163921533,39.26666667,0.0542754
load_growth,CARS-MODE,proposed,1,30,0.03699517833,0.001642153667,0.0003093433333,0.021520673,38.7,0.09735896667
load_growth,GA,baseline,1,30,0.029529974,0.000285074,3.1224e-05,0.226870908,1,0.005552266667
load_growth,GDE3,baseline,1,30,0.033868481,0.001667402333,0.0003112216667,0.019731168,38.96666667,0.06057396667
load_growth,MOEA/D,baseline,1,30,0.00047204,0.00011,6.56e-06,0.45210663,1,0.3709741667
load_growth,NSDE,baseline,1,30,0.03333768567,0.001656249667,0.0003092293333,0.021110618,39.06666667,0.05982123333
load_growth,NSGA-II,baseline,1,30,0.034951522,0.001688246667,0.0003166126667,0.02005046567,40,0.1263690667
load_growth,NSGA-II+Repair,baseline,1,30,0.03464298033,0.00168953,0.000315212,0.019008757,40,0.1250155
load_growth,PSO,baseline,1,30,0.01497604667,0.000361232,5.775233333e-05,0.2026685477,1,0.005708066667
load_growth,Standard DE,baseline,1,30,0.02899947233,0.0003205876667,3.9043e-05,0.2148921733,1,0.01206863333
load_growth,Weighted Sum,baseline,1,30,0.0037515,0.00010021,1.168e-05,0.4113968,1,0.0004280666667
tight_budget,Ablation-FixedDE,ablation,1,30,0.039347187,0.001736927,0.00032965,0.01554666133,38.4,0.0963815
tight_budget,Ablation-NoDER,ablation,1,30,0.04034593133,0.002195884333,0.0004326266667,0.006108363667,36.66666667,0.1214926
tight_budget,Ablation-NoDiversity,ablation,1,30,0.028635559,0.001104819333,0.000207429,0.06968952133,9.7,0.1722905
tight_budget,Ablation-NoRepair,ablation,1,30,0.03438570767,0.001577090667,0.0002946536667,0.020179652,38.56666667,0.05443253333
tight_budget,CARS-MODE,proposed,1,30,0.03924602733,0.001665929,0.0003137403333,0.01873577967,38.26666667,0.09841936667
tight_budget,GA,baseline,1,30,0.03118659733,0.000319819,3.765966667e-05,0.2159113663,1,0.005344633333
tight_budget,GDE3,baseline,1,30,0.033935761,0.001594728333,0.0002977946667,0.02053014167,38.8,0.06062043333
tight_budget,MOEA/D,baseline,1,30,0.00047204,0.00011,6.56e-06,0.37753833,1,0.3675906
tight_budget,NSDE,baseline,1,30,0.03368916733,0.001562097667,0.0002912183333,0.022186053,38.86666667,0.05956836667
tight_budget,NSGA-II,baseline,1,30,0.03573066767,0.001663837667,0.000311987,0.01786280367,40,0.1252250333
tight_budget,NSGA-II+Repair,baseline,1,30,0.03624332667,0.001721187667,0.000324092,0.015888716,40,0.1264477
tight_budget,PSO,baseline,1,30,0.012111463,0.0003684633333,5.981933333e-05,0.180930498,1,0.005663166667
tight_budget,Standard DE,baseline,1,30,0.028832266,0.0003756896667,5.171133333e-05,0.1935762657,1,0.0118738
tight_budget,Weighted Sum,baseline,1,30,0.00394475,8.499e-05,8.32e-06,0.3676291,1,0.0003984333333
loose_budget,Ablation-FixedDE,ablation,1,30,0.048988367,0.002548823333,0.000553852,0.03078741633,38.96666667,0.09330506667
loose_budget,Ablation-NoDER,ablation,1,30,0.04713950967,0.003415981333,0.0007782796667,0.009297819,38.26666667,0.1184062333
loose_budget,Ablation-NoDiversity,ablation,1,30,0.02955074567,0.001299139,0.0002779503333,0.1470638043,8.933333333,0.1724415667
loose_budget,Ablation-NoRepair,ablation,1,30,0.045047415,0.002561351333,0.0005572963333,0.028042467,39.33333333,0.05415956667
loose_budget,CARS-MODE,proposed,1,30,0.048734638,0.00256783,0.0005597066667,0.02951801567,38.8,0.09504623333
loose_budget,GA,baseline,1,30,0.031741562,0.000405099,5.044533333e-05,0.248766529,1,0.005466833333
loose_budget,GDE3,baseline,1,30,0.044645503,0.002553568667,0.0005551676667,0.02862511867,38.96666667,0.06100903333
loose_budget,MOEA/D,baseline,1,30,0.00047204,0.00011,6.56e-06,0.52147953,1,0.374895
loose_budget,NSDE,baseline,1,30,0.04525461533,0.002563477667,0.0005582153333,0.028634895,39.1,0.06040663333
loose_budget,NSGA-II,baseline,1,30,0.04481118633,0.002559177,0.0005529523333,0.02925397067,40,0.1299192667
loose_budget,NSGA-II+Repair,baseline,1,30,0.04457432733,0.002561318333,0.0005569226667,0.02855718433,40,0.1276690333
loose_budget,PSO,baseline,1,30,0.024826561,0.0006015516667,0.0001084923333,0.2138365847,1,0.005653733333
loose_budget,Standard DE,baseline,1,30,0.031732157,0.0004531083333,6.299866667e-05,0.2373343617,1,0.0119908
loose_budget,Weighted Sum,baseline,1,30,0.00883427,0.00024961,3.611e-05,0.36513475,1,0.0004082
