claim_id,source_id,evidence_locator,support_relation,verification_status,exact_claim,scope_or_limitation
LIT-C01,ref1,Primary article title abstract and method,EXAMPLE_SUPPORT,VERIFIED,GCN-BiLSTM-Adaboost is one recent hybrid power-load forecasting design,No claim about prevalence or superiority transfers across datasets
LIT-C01,ref2,Primary article Sections 2 and 5,EXAMPLE_SUPPORT,VERIFIED,The cited TSTG combines Transformer attention with a dynamically updated graph for multi-energy loads,Its graph fuses topology and feature similarity and is not CSA-LoadNet
LIT-C01,ref3,Primary article Introduction and dataset table,EXAMPLE_SUPPORT,VERIFIED,The cited model integrates multi-scale GCN and Transformer and uses 7:1:2 splits on three datasets,Not a matched graph-versus-equal-weight test
LIT-C01,ref4,Primary DOI record and article abstract,EXAMPLE_SUPPORT,VERIFIED,LoadSeer is a tensor graph-convolutional power-load model,Full experimental-detail comparison remains outside this map
LIT-C02,ref15,Primary article method,EXAMPLE_SUPPORT,VERIFIED,A three-channel LSTM-CNN is a recent applied-load hybrid,One member of a four-paper sample
LIT-C02,ref16,Primary article citation record and method,EXAMPLE_SUPPORT,VERIFIED,A BiLSTM-Transformer with dynamic adaptive fusion is a recent applied-load hybrid,One member of a four-paper sample
LIT-C02,ref17,Primary article title method and experiments,EXAMPLE_SUPPORT,VERIFIED,SBOA-SVMD-TCN-BiLSTM is a decomposition and hybrid forecasting pipeline,One member of a four-paper sample
LIT-C02,ref18,Primary article title and method,EXAMPLE_SUPPORT,VERIFIED,LSTM-XGBoost is a reported smart-grid load hybrid,One member of a four-paper sample
LIT-C03,ref9,Original paper abstract and architecture,FOUNDATIONAL_SUPPORT,VERIFIED,LSTM introduces gated recurrent units for long-lag sequence learning,Not a load-forecasting result
LIT-C03,ref10,Original article abstract,APPLICATION_SUPPORT,VERIFIED,LSTM is applied to short-term residential load forecasting,No general displacement claim
LIT-C03,ref11,Original article abstract and Introduction,APPLICATION_SUPPORT,VERIFIED,DeepAR trains a global autoregressive recurrent model over related series,Probabilistic forecasting scope retained
LIT-C03,ref12,Original article comparison design,APPLICATION_SUPPORT,VERIFIED,Temporal convolutional networks are evaluated against recurrent alternatives on energy-related series,No universal cost claim
LIT-C03,ref13,Original article abstract and method,ARCHITECTURE_SUPPORT,VERIFIED,TFT combines recurrent local processing and interpretable attention for multi-horizon forecasting,Not load-specific
LIT-C03,ref14,Original AAAI paper abstract,ARCHITECTURE_SUPPORT,VERIFIED,Informer uses sparse attention for long-sequence forecasting,Not load-specific
LIT-C04,ref19,Original ACM paper abstract and method,ARCHITECTURE_SUPPORT,VERIFIED,LSTNet jointly models multivariate series with convolution recurrent and autoregressive components,Not graph convolution
LIT-C04,ref20,Original IJCAI paper abstract and graph definition,FOUNDATIONAL_SUPPORT,VERIFIED,STGCN forecasts traffic on a predefined sensor graph,Traffic evidence cannot prove load performance
LIT-C04,ref21,Original ACM paper abstract and method,FOUNDATIONAL_SUPPORT,VERIFIED,MTGNN learns graph structure jointly with graph and temporal convolutions,General multivariate benchmarks not load-specific
LIT-C05,ref22,Original article abstract,FOUNDATIONAL_SUPPORT,VERIFIED,Regression-based reconciliation makes forecasts coherent across a hierarchy,Minimum-variance statement is conditional on assumptions
LIT-C05,ref23,Original article abstract and estimator,FOUNDATIONAL_SUPPORT,VERIFIED,MinT uses forecast-error covariance information to obtain coherent forecasts,Does not guarantee lower error in every application
LIT-C05,ref24,Dataset paper title abstract and data description,DATA_SUPPORT,VERIFIED,Ausgrid provides residential customer load and rooftop-PV data,The project's evaluation hierarchy is constructed downstream
LIT-C06,ref25,Original article title abstract and review scope,METHOD_SUPPORT,VERIFIED,Out-of-sample forecast evaluation requires explicit origin and test design,General methodological source
LIT-C06,ref26,Original article abstract and conclusions,METHOD_SUPPORT,VERIFIED,Time-series cross-validation validity depends on model and serial-dependence conditions,Rejects a blanket statement that all random folds necessarily leak
LIT-C06,ref27,Original article abstract and measure analysis,METHOD_SUPPORT,VERIFIED,Common accuracy measures can be degenerate and percentage errors are problematic near zero,Supports metric caution rather than a dataset-specific threshold
LIT-C06,ref28,Original article method,METHOD_SUPPORT,VERIFIED,Diebold-Mariano tests equality of predictive accuracy,The current exact paired block test is not a DM test
LIT-C06,ref8,Original open-access article Sections 3-4,METHOD_SUPPORT,VERIFIED,Evaluation guidance covers competitive baselines partitioning leakage measures and statistical tests,Does not mandate this project's exact multiplicity family
LIT-C07,ref6,Original PLOS article results,EMPIRICAL_SUPPORT,VERIFIED,Evaluated statistical methods outperformed evaluated ML methods on M3,Scoped to M3 and compared methods
LIT-C07,ref7,Original M4 report abstract methods and result tables,EMPIRICAL_SUPPORT,VERIFIED,M4 evaluated 61 methods on 100000 series and the leading point forecaster was hybrid,Does not establish universal hybrid superiority
LIT-C07,ref5,Original AAAI paper abstract and model description,EMPIRICAL_SUPPORT,VERIFIED,Simple linear-family baselines including decomposed DLinear beat the compared Transformers on nine LTSF datasets,Does not establish load-domain superiority
LIT-C08,ref29,Primary paper and DOI record,DATA_SUPPORT,VERIFIED,Open Power System Data is a documented public electricity-data platform,Exact local package and processing require the project manifest
LIT-C08,ref30,Primary article and DOI record,DATA_SUPPORT,VERIFIED,SimBench supplies benchmark grids and profiles for power-system analysis,The local 8-series hourly forecasting transformation is project-specific
LIT-C09,map_gcn,Original ICLR/arXiv paper Equation 2 and propagation rule,FOUNDATIONAL_SUPPORT,VERIFIED,A standard GCN conditions feature propagation on adjacency using a normalized first-order spectral approximation,Node classification source not load forecasting
LIT-C10,map_hnn,Original NeurIPS/arXiv paper Sections 2-3,FOUNDATIONAL_SUPPORT,VERIFIED,Hyperbolic neural layers require manifold-aware maps and operations rather than only a hyperbolic distance score,Defines Poincare operations but not a graph convolution
LIT-C10,map_hgcn,Original NeurIPS/OpenReview paper Sections 3-4,FOUNDATIONAL_SUPPORT,VERIFIED,HGCN maps Euclidean inputs to hyperbolic space and performs transformations and neighborhood aggregation with layerwise trainable curvature,Its node/link results do not support load forecasting
LIT-C11,map_loadgnn,Original arXiv abstract and study design,NEARBY_SUPPORT,VERIFIED,Regional electricity forecasting can compare inferred graphs with GCN and GraphSAGE,Preprint and French-region scope retained
LIT-C11,map_atstgcn,Primary article abstract and data-preprocessing section,NEARBY_SUPPORT,VERIFIED,ATSTGCN builds edges from grey-relation coefficients for regional integrated-energy loads,Two-year campus task differs from this project
LIT-C11,ref31,Accepted manuscript abstract and baseline description,COUNTEREXAMPLE,VERIFIED,A learnable appliance adjacency is compared with zero equal-0.5 and random fixed adjacency matrices,Precludes claiming fixed graph controls are absent
LIT-C11,ref32,Author preprint abstract and benchmark results,COUNTEREXAMPLE,VERIFIED,Inferred-graph STGNN gains are reported at residential but not aggregate level,Precludes universal graph-benefit claims
LIT-C12,ref33,Original PVLDB paper abstract and benchmark design,EVALUATION_SUPPORT,VERIFIED,TFB uses broad datasets diverse methods and a consistent comparison pipeline,Not a source for seed-level uncertainty or Holm correction
LIT-C12,map_linearpp,Official NeurIPS workshop page and paper abstract,EVALUATION_SUPPORT,VERIFIED,Validation-tuned linear regression with RevIN can be a strong forecasting baseline,Workshop result and foundation-model benchmarks are not load-specific
LIT-C13,map_hgcn,Original paper task and results,SCOPE_CONTRADICTION,VERIFIED,Published HGCN evidence covers node classification and link prediction rather than power-load forecasting,No load advantage can be inferred
LIT-C13,ref32,Author preprint aggregate result,SCOPE_CONTRADICTION,VERIFIED,Graph benefit is not observed at the aggregate level in this benchmark,Negative result must remain visible
LIT-C14,ALL_SEARCHED,SEARCH_LOG.json and this matrix,BOUNDARY,VERIFIED,The search is targeted and reproducible enough to map nearby sources,It is not systematic exhaustive or sufficient to establish novelty priority or absence
