dataset,horizon_hours,method,method_role,seed,mae,rmse,mape,smape,normalized_mae,peak_load_error,runtime_s,train_samples,test_samples,source_status
Ausgrid solar home GC hourly (12 customers + 4 regions + total),24,HyG-LoadFormer (neural),proposed,11,2.92483759,9.98560569,1776.61185206,0.32165281,0.00395985,16.84691892,8.6774,51692,133756,public_data_benchmark_v7_seed_significance_ausgrid
Ausgrid solar home GC hourly (12 customers + 4 regions + total),24,HyG-LoadFormer (neural),proposed,23,2.88021258,9.78952457,1777.29952308,0.31942676,0.00389944,16.64886824,9.5790,51692,133756,public_data_benchmark_v7_seed_significance_ausgrid
Ausgrid solar home GC hourly (12 customers + 4 regions + total),24,HyG-LoadFormer (neural),proposed,47,2.96714091,10.18033165,1683.11437359,0.32693455,0.00401712,17.15292950,9.6014,51692,133756,public_data_benchmark_v7_seed_significance_ausgrid
Ausgrid solar home GC hourly (12 customers + 4 regions + total),24,HyG-LoadFormer (neural),proposed,59,3.06477572,10.00862490,1738.05066096,0.33200939,0.00414931,17.34265800,9.6004,51692,133756,public_data_benchmark_v7_seed_significance_ausgrid
Ausgrid solar home GC hourly (12 customers + 4 regions + total),24,HyG-LoadFormer (neural),proposed,71,2.93136195,9.95452289,1794.07688928,0.32012907,0.00396868,16.87632681,9.4796,51692,133756,public_data_benchmark_v7_seed_significance_ausgrid
Ausgrid solar home GC hourly (12 customers + 4 regions + total),24,HyG-LoadFormer (neural),proposed,83,2.89066956,9.90710065,1799.90563153,0.31885730,0.00391359,16.81973479,9.5207,51692,133756,public_data_benchmark_v7_seed_significance_ausgrid
Ausgrid solar home GC hourly (12 customers + 4 regions + total),24,HyG-LoadFormer (neural),proposed,97,2.95811598,9.96056082,1717.79670759,0.32077301,0.00400491,17.10150254,9.9417,51692,133756,public_data_benchmark_v7_seed_significance_ausgrid
Ausgrid solar home GC hourly (12 customers + 4 regions + total),24,HyG-LoadFormer (neural),proposed,109,3.01578442,10.01441577,1777.80760958,0.32842778,0.00408298,17.26496834,9.5861,51692,133756,public_data_benchmark_v7_seed_significance_ausgrid
Ausgrid solar home GC hourly (12 customers + 4 regions + total),24,HyG-LoadFormer (neural),proposed,127,2.87096115,9.91132009,1713.86987891,0.31470080,0.00388691,16.76923091,9.6292,51692,133756,public_data_benchmark_v7_seed_significance_ausgrid
Ausgrid solar home GC hourly (12 customers + 4 regions + total),24,HyG-LoadFormer (neural),proposed,139,3.07406631,10.03476632,1854.88527577,0.33322271,0.00416189,17.43486798,9.7050,51692,133756,public_data_benchmark_v7_seed_significance_ausgrid
Ausgrid solar home GC hourly (12 customers + 4 regions + total),24,Ablation-EuclideanGraph (neural),ablation,11,2.90689403,9.97927797,1760.13364163,0.32126291,0.00393556,16.77796690,9.1110,51692,133756,public_data_benchmark_v7_seed_significance_ausgrid
Ausgrid solar home GC hourly (12 customers + 4 regions + total),24,Ablation-EuclideanGraph (neural),ablation,23,2.88398823,9.80032956,1789.06230541,0.32095779,0.00390455,16.71400650,9.0917,51692,133756,public_data_benchmark_v7_seed_significance_ausgrid
Ausgrid solar home GC hourly (12 customers + 4 regions + total),24,Ablation-EuclideanGraph (neural),ablation,47,2.98278611,10.19692233,1671.55200483,0.32603765,0.00403831,17.29818554,9.3291,51692,133756,public_data_benchmark_v7_seed_significance_ausgrid
Ausgrid solar home GC hourly (12 customers + 4 regions + total),24,Ablation-EuclideanGraph (neural),ablation,59,3.08761027,10.00521026,1720.22765416,0.33255697,0.00418022,17.51554193,9.3625,51692,133756,public_data_benchmark_v7_seed_significance_ausgrid
Ausgrid solar home GC hourly (12 customers + 4 regions + total),24,Ablation-EuclideanGraph (neural),ablation,71,2.93282290,9.92960551,1823.08838040,0.31986755,0.00397066,16.87029083,10.2145,51692,133756,public_data_benchmark_v7_seed_significance_ausgrid
Ausgrid solar home GC hourly (12 customers + 4 regions + total),24,Ablation-EuclideanGraph (neural),ablation,83,2.89072473,9.90703566,1796.08676859,0.31885226,0.00391367,16.76444935,9.4573,51692,133756,public_data_benchmark_v7_seed_significance_ausgrid
Ausgrid solar home GC hourly (12 customers + 4 regions + total),24,Ablation-EuclideanGraph (neural),ablation,97,2.96974673,9.96437691,1720.60916374,0.32145079,0.00402065,17.15503115,9.4592,51692,133756,public_data_benchmark_v7_seed_significance_ausgrid
Ausgrid solar home GC hourly (12 customers + 4 regions + total),24,Ablation-EuclideanGraph (neural),ablation,109,3.00580678,9.99571487,1779.22008159,0.32829358,0.00406947,17.19877751,9.7647,51692,133756,public_data_benchmark_v7_seed_significance_ausgrid
Ausgrid solar home GC hourly (12 customers + 4 regions + total),24,Ablation-EuclideanGraph (neural),ablation,127,2.88662967,9.92523120,1694.68475123,0.31636259,0.00390812,16.84213026,9.4617,51692,133756,public_data_benchmark_v7_seed_significance_ausgrid
Ausgrid solar home GC hourly (12 customers + 4 regions + total),24,Ablation-EuclideanGraph (neural),ablation,139,2.94428376,10.20501858,1839.44999932,0.32159418,0.00398618,17.02598483,9.4097,51692,133756,public_data_benchmark_v7_seed_significance_ausgrid
Ausgrid solar home GC hourly (12 customers + 4 regions + total),24,Ablation-FixedCurvature (neural),ablation,11,2.92694579,9.98551846,1783.73115341,0.32231587,0.00396271,16.85480675,9.4797,51692,133756,public_data_benchmark_v7_seed_significance_ausgrid
Ausgrid solar home GC hourly (12 customers + 4 regions + total),24,Ablation-FixedCurvature (neural),ablation,23,2.87843011,9.82302112,1797.01293320,0.31988559,0.00389702,16.66014143,9.3291,51692,133756,public_data_benchmark_v7_seed_significance_ausgrid
Ausgrid solar home GC hourly (12 customers + 4 regions + total),24,Ablation-FixedCurvature (neural),ablation,47,3.04186668,10.14525035,1819.10679528,0.32383193,0.00411829,17.41605039,8.1581,51692,133756,public_data_benchmark_v7_seed_significance_ausgrid
Ausgrid solar home GC hourly (12 customers + 4 regions + total),24,Ablation-FixedCurvature (neural),ablation,59,3.05920680,10.02674792,1721.65202778,0.33075951,0.00414177,17.38403855,7.2436,51692,133756,public_data_benchmark_v7_seed_significance_ausgrid
Ausgrid solar home GC hourly (12 customers + 4 regions + total),24,Ablation-FixedCurvature (neural),ablation,71,2.92032434,9.97083765,1801.20198238,0.31856635,0.00395374,16.87892284,7.3303,51692,133756,public_data_benchmark_v7_seed_significance_ausgrid
Ausgrid solar home GC hourly (12 customers + 4 regions + total),24,Ablation-FixedCurvature (neural),ablation,83,2.89389196,9.90529498,1796.30927881,0.31886249,0.00391796,16.83721607,7.1592,51692,133756,public_data_benchmark_v7_seed_significance_ausgrid
Ausgrid solar home GC hourly (12 customers + 4 regions + total),24,Ablation-FixedCurvature (neural),ablation,97,2.97189267,9.95907556,1708.25345523,0.32147411,0.00402356,17.17391102,7.2502,51692,133756,public_data_benchmark_v7_seed_significance_ausgrid
Ausgrid solar home GC hourly (12 customers + 4 regions + total),24,Ablation-FixedCurvature (neural),ablation,109,2.99945626,9.99956450,1788.90057882,0.32735414,0.00406088,17.18356609,6.8947,51692,133756,public_data_benchmark_v7_seed_significance_ausgrid
Ausgrid solar home GC hourly (12 customers + 4 regions + total),24,Ablation-FixedCurvature (neural),ablation,127,2.89002888,9.92753909,1686.12043159,0.31636378,0.00391273,16.86971510,6.7969,51692,133756,public_data_benchmark_v7_seed_significance_ausgrid
Ausgrid solar home GC hourly (12 customers + 4 regions + total),24,Ablation-FixedCurvature (neural),ablation,139,2.95268929,10.25342231,1814.73812482,0.32096592,0.00399756,17.11292400,6.9123,51692,133756,public_data_benchmark_v7_seed_significance_ausgrid
Ausgrid solar home GC hourly (12 customers + 4 regions + total),24,Ablation-TemporalOnly (neural),ablation,11,2.89811334,10.02993264,1702.11745817,0.31797453,0.00392367,16.89877336,5.7086,51692,133756,public_data_benchmark_v7_seed_significance_ausgrid
Ausgrid solar home GC hourly (12 customers + 4 regions + total),24,Ablation-TemporalOnly (neural),ablation,23,3.04140064,10.07207612,1873.83059246,0.32664811,0.00411766,17.51612364,5.7816,51692,133756,public_data_benchmark_v7_seed_significance_ausgrid
Ausgrid solar home GC hourly (12 customers + 4 regions + total),24,Ablation-TemporalOnly (neural),ablation,47,3.02366611,9.94536096,1782.35417487,0.32364557,0.00409365,17.35269899,5.7075,51692,133756,public_data_benchmark_v7_seed_significance_ausgrid
Ausgrid solar home GC hourly (12 customers + 4 regions + total),24,Ablation-TemporalOnly (neural),ablation,59,3.12682496,10.06807967,1897.89671819,0.33206541,0.00423332,17.79959590,5.7958,51692,133756,public_data_benchmark_v7_seed_significance_ausgrid
Ausgrid solar home GC hourly (12 customers + 4 regions + total),24,Ablation-TemporalOnly (neural),ablation,71,2.92654163,9.94310594,1857.50601876,0.31896674,0.00396216,16.88462461,5.7777,51692,133756,public_data_benchmark_v7_seed_significance_ausgrid
Ausgrid solar home GC hourly (12 customers + 4 regions + total),24,Ablation-TemporalOnly (neural),ablation,83,2.93562913,9.92719026,1790.66167342,0.31903533,0.00397446,17.00114213,5.8610,51692,133756,public_data_benchmark_v7_seed_significance_ausgrid
Ausgrid solar home GC hourly (12 customers + 4 regions + total),24,Ablation-TemporalOnly (neural),ablation,97,3.01982352,10.08656806,1789.63341367,0.32753077,0.00408845,17.29602867,5.7747,51692,133756,public_data_benchmark_v7_seed_significance_ausgrid
Ausgrid solar home GC hourly (12 customers + 4 regions + total),24,Ablation-TemporalOnly (neural),ablation,109,2.87926244,9.71302113,1808.30318658,0.31870756,0.00389815,16.61146984,5.8942,51692,133756,public_data_benchmark_v7_seed_significance_ausgrid
Ausgrid solar home GC hourly (12 customers + 4 regions + total),24,Ablation-TemporalOnly (neural),ablation,127,3.08980684,9.96432512,1902.37197431,0.33180859,0.00418320,17.59502616,5.7933,51692,133756,public_data_benchmark_v7_seed_significance_ausgrid
Ausgrid solar home GC hourly (12 customers + 4 regions + total),24,Ablation-TemporalOnly (neural),ablation,139,2.95561751,9.93362422,1912.92001132,0.32515669,0.00400152,17.08161512,5.8135,51692,133756,public_data_benchmark_v7_seed_significance_ausgrid
Ausgrid solar home GC hourly (12 customers + 4 regions + total),24,Ablation-NoCalendar (neural),ablation,11,3.01575595,10.11488771,1823.53430597,0.32658209,0.00408294,17.45673727,6.9120,51692,133756,public_data_benchmark_v7_seed_significance_ausgrid
Ausgrid solar home GC hourly (12 customers + 4 regions + total),24,Ablation-NoCalendar (neural),ablation,23,3.10219747,10.12705918,1887.97211088,0.33014876,0.00419997,17.79775601,7.1031,51692,133756,public_data_benchmark_v7_seed_significance_ausgrid
Ausgrid solar home GC hourly (12 customers + 4 regions + total),24,Ablation-NoCalendar (neural),ablation,47,3.18389843,10.23569918,1960.85300823,0.34430107,0.00431059,18.09059187,7.0155,51692,133756,public_data_benchmark_v7_seed_significance_ausgrid
Ausgrid solar home GC hourly (12 customers + 4 regions + total),24,Ablation-NoCalendar (neural),ablation,59,3.08117175,10.08605211,1872.66173295,0.32736181,0.00417151,17.52412935,7.1445,51692,133756,public_data_benchmark_v7_seed_significance_ausgrid
Ausgrid solar home GC hourly (12 customers + 4 regions + total),24,Ablation-NoCalendar (neural),ablation,71,3.23236067,10.27869358,1906.97139649,0.34277428,0.00437620,18.36998975,7.0988,51692,133756,public_data_benchmark_v7_seed_significance_ausgrid
Ausgrid solar home GC hourly (12 customers + 4 regions + total),24,Ablation-NoCalendar (neural),ablation,83,3.07637982,9.99806756,1802.11818262,0.32904924,0.00416502,17.46377199,7.1468,51692,133756,public_data_benchmark_v7_seed_significance_ausgrid
Ausgrid solar home GC hourly (12 customers + 4 regions + total),24,Ablation-NoCalendar (neural),ablation,97,2.96211890,10.03369800,1798.02960789,0.32561595,0.00401033,17.00320697,7.0747,51692,133756,public_data_benchmark_v7_seed_significance_ausgrid
Ausgrid solar home GC hourly (12 customers + 4 regions + total),24,Ablation-NoCalendar (neural),ablation,109,2.90726029,10.09126565,1656.84441604,0.31905555,0.00393605,17.17233753,7.2062,51692,133756,public_data_benchmark_v7_seed_significance_ausgrid
Ausgrid solar home GC hourly (12 customers + 4 regions + total),24,Ablation-NoCalendar (neural),ablation,127,3.04544985,10.09806442,1871.46775679,0.33041370,0.00412315,17.45831571,7.1306,51692,133756,public_data_benchmark_v7_seed_significance_ausgrid
Ausgrid solar home GC hourly (12 customers + 4 regions + total),24,Ablation-NoCalendar (neural),ablation,139,2.97707678,10.16118203,1753.12158132,0.32413318,0.00403058,17.21385411,7.1293,51692,133756,public_data_benchmark_v7_seed_significance_ausgrid
Ausgrid solar home GC hourly (12 customers + 4 regions + total),24,Ablation-EqualNeighbors (neural),ablation,11,2.91643830,9.97721961,1757.22356867,0.32153004,0.00394848,16.80610689,6.7896,51692,133756,public_data_benchmark_v7_seed_significance_ausgrid
Ausgrid solar home GC hourly (12 customers + 4 regions + total),24,Ablation-EqualNeighbors (neural),ablation,23,2.86393378,9.80837026,1807.93762446,0.31824731,0.00387740,16.63524784,6.7999,51692,133756,public_data_benchmark_v7_seed_significance_ausgrid
Ausgrid solar home GC hourly (12 customers + 4 regions + total),24,Ablation-EqualNeighbors (neural),ablation,47,2.96360546,10.19477312,1668.91304729,0.32429815,0.00401234,17.21268783,6.8266,51692,133756,public_data_benchmark_v7_seed_significance_ausgrid
Ausgrid solar home GC hourly (12 customers + 4 regions + total),24,Ablation-EqualNeighbors (neural),ablation,59,3.07223315,9.98565635,1741.60668371,0.33196111,0.00415941,17.41286576,6.8195,51692,133756,public_data_benchmark_v7_seed_significance_ausgrid
Ausgrid solar home GC hourly (12 customers + 4 regions + total),24,Ablation-EqualNeighbors (neural),ablation,71,2.93414475,9.94580134,1810.93992505,0.31972525,0.00397245,16.90615601,6.7900,51692,133756,public_data_benchmark_v7_seed_significance_ausgrid
Ausgrid solar home GC hourly (12 customers + 4 regions + total),24,Ablation-EqualNeighbors (neural),ablation,83,2.88317788,9.89019252,1796.82268730,0.31801908,0.00390345,16.73521650,6.8608,51692,133756,public_data_benchmark_v7_seed_significance_ausgrid
Ausgrid solar home GC hourly (12 customers + 4 regions + total),24,Ablation-EqualNeighbors (neural),ablation,97,2.97480129,9.97291323,1711.37913765,0.32178482,0.00402750,17.19574487,6.7375,51692,133756,public_data_benchmark_v7_seed_significance_ausgrid
Ausgrid solar home GC hourly (12 customers + 4 regions + total),24,Ablation-EqualNeighbors (neural),ablation,109,3.00814735,9.98977554,1776.30921482,0.32919321,0.00407264,17.19276651,6.7755,51692,133756,public_data_benchmark_v7_seed_significance_ausgrid
Ausgrid solar home GC hourly (12 customers + 4 regions + total),24,Ablation-EqualNeighbors (neural),ablation,127,2.90383989,9.90272042,1680.75287249,0.31775339,0.00393142,16.89197540,6.8278,51692,133756,public_data_benchmark_v7_seed_significance_ausgrid
Ausgrid solar home GC hourly (12 customers + 4 regions + total),24,Ablation-EqualNeighbors (neural),ablation,139,2.91372840,10.06221561,1817.82300863,0.31914527,0.00394481,16.91983925,6.5593,51692,133756,public_data_benchmark_v7_seed_significance_ausgrid
Ausgrid solar home GC hourly (12 customers + 4 regions + total),24,MLP,baseline,11,2.98353316,10.01651306,1635.99966002,0.32308838,0.00403932,17.29433542,3.2557,51692,133756,public_data_benchmark_v7_seed_significance_ausgrid
Ausgrid solar home GC hourly (12 customers + 4 regions + total),24,MLP,baseline,23,2.87525087,9.72404568,1737.45232630,0.31413159,0.00389272,16.68207527,3.1788,51692,133756,public_data_benchmark_v7_seed_significance_ausgrid
Ausgrid solar home GC hourly (12 customers + 4 regions + total),24,MLP,baseline,47,3.05735941,9.98700591,1827.00984798,0.33083022,0.00413927,17.40763889,2.8676,51692,133756,public_data_benchmark_v7_seed_significance_ausgrid
Ausgrid solar home GC hourly (12 customers + 4 regions + total),24,MLP,baseline,59,2.98359463,10.00175799,1734.63314430,0.32071052,0.00403940,17.18069210,2.8697,51692,133756,public_data_benchmark_v7_seed_significance_ausgrid
Ausgrid solar home GC hourly (12 customers + 4 regions + total),24,MLP,baseline,71,2.91246342,9.98760275,1816.11268386,0.32036951,0.00394310,16.89784283,2.8638,51692,133756,public_data_benchmark_v7_seed_significance_ausgrid
Ausgrid solar home GC hourly (12 customers + 4 regions + total),24,MLP,baseline,83,3.03221711,10.01183980,1913.75817340,0.32874845,0.00410523,17.41531397,2.9162,51692,133756,public_data_benchmark_v7_seed_significance_ausgrid
Ausgrid solar home GC hourly (12 customers + 4 regions + total),24,MLP,baseline,97,3.06271392,10.11533230,1878.13909535,0.33274682,0.00414652,17.41662505,2.9306,51692,133756,public_data_benchmark_v7_seed_significance_ausgrid
Ausgrid solar home GC hourly (12 customers + 4 regions + total),24,MLP,baseline,109,2.86217181,9.91628399,1822.24013425,0.31460448,0.00387501,16.77213528,2.8613,51692,133756,public_data_benchmark_v7_seed_significance_ausgrid
Ausgrid solar home GC hourly (12 customers + 4 regions + total),24,MLP,baseline,127,2.96160276,10.00493173,1780.19252193,0.32420553,0.00400963,16.93964446,2.8413,51692,133756,public_data_benchmark_v7_seed_significance_ausgrid
Ausgrid solar home GC hourly (12 customers + 4 regions + total),24,MLP,baseline,139,2.90458025,10.08726992,1898.95909962,0.31889811,0.00393243,17.07324303,2.8386,51692,133756,public_data_benchmark_v7_seed_significance_ausgrid
Ausgrid solar home GC hourly (12 customers + 4 regions + total),24,DLinear,baseline,11,2.96164246,10.09539259,1824.74263953,0.31372813,0.00400968,17.21768123,2.4950,51692,133756,public_data_benchmark_v7_seed_significance_ausgrid
Ausgrid solar home GC hourly (12 customers + 4 regions + total),24,DLinear,baseline,23,2.96847853,10.04777971,1835.28075202,0.31595534,0.00401894,17.17368242,2.5160,51692,133756,public_data_benchmark_v7_seed_significance_ausgrid
Ausgrid solar home GC hourly (12 customers + 4 regions + total),24,DLinear,baseline,47,2.95479231,10.05171496,1828.19569898,0.31056045,0.00400041,17.10442816,2.5283,51692,133756,public_data_benchmark_v7_seed_significance_ausgrid
Ausgrid solar home GC hourly (12 customers + 4 regions + total),24,DLinear,baseline,59,2.93269180,10.06727944,1768.81066659,0.30949441,0.00397049,16.99098013,2.5277,51692,133756,public_data_benchmark_v7_seed_significance_ausgrid
Ausgrid solar home GC hourly (12 customers + 4 regions + total),24,DLinear,baseline,71,2.94248339,10.10567777,1802.90226135,0.31082575,0.00398374,17.06591030,2.5138,51692,133756,public_data_benchmark_v7_seed_significance_ausgrid
Ausgrid solar home GC hourly (12 customers + 4 regions + total),24,DLinear,baseline,83,2.94827163,10.02829342,1761.57232152,0.31329974,0.00399158,17.03236873,2.5445,51692,133756,public_data_benchmark_v7_seed_significance_ausgrid
Ausgrid solar home GC hourly (12 customers + 4 regions + total),24,DLinear,baseline,97,2.99435121,10.03709446,1857.34469364,0.31773099,0.00405396,17.32819301,2.5159,51692,133756,public_data_benchmark_v7_seed_significance_ausgrid
Ausgrid solar home GC hourly (12 customers + 4 regions + total),24,DLinear,baseline,109,2.91578327,9.97794004,1776.44040689,0.31102056,0.00394759,16.89426954,2.4891,51692,133756,public_data_benchmark_v7_seed_significance_ausgrid
Ausgrid solar home GC hourly (12 customers + 4 regions + total),24,DLinear,baseline,127,2.98794754,10.02518002,1877.62591907,0.31561459,0.00404529,17.34036011,2.5245,51692,133756,public_data_benchmark_v7_seed_significance_ausgrid
Ausgrid solar home GC hourly (12 customers + 4 regions + total),24,DLinear,baseline,139,2.96273143,10.03243523,1827.96243172,0.31421404,0.00401116,17.13874681,2.5425,51692,133756,public_data_benchmark_v7_seed_significance_ausgrid
Ausgrid solar home GC hourly (12 customers + 4 regions + total),24,TCN,baseline,11,2.97430086,9.85762142,1797.76588102,0.32163736,0.00402682,17.01266032,192.1029,51692,133756,public_data_benchmark_v7_seed_significance_ausgrid
Ausgrid solar home GC hourly (12 customers + 4 regions + total),24,TCN,baseline,23,2.88167159,9.77082609,1726.88367157,0.31106099,0.00390141,16.63348927,192.9640,51692,133756,public_data_benchmark_v7_seed_significance_ausgrid
Ausgrid solar home GC hourly (12 customers + 4 regions + total),24,TCN,baseline,47,3.00783980,9.96378266,1794.05068599,0.31761561,0.00407223,17.16826344,192.7539,51692,133756,public_data_benchmark_v7_seed_significance_ausgrid
Ausgrid solar home GC hourly (12 customers + 4 regions + total),24,PatchTST-lite,baseline,11,2.86699448,9.89216857,1747.68443242,0.31151376,0.00388154,16.67790698,114.4344,51692,133756,public_data_benchmark_v7_seed_significance_ausgrid
Ausgrid solar home GC hourly (12 customers + 4 regions + total),24,PatchTST-lite,baseline,23,2.85642769,9.81797248,1780.77934990,0.31360014,0.00386723,16.47684922,115.0795,51692,133756,public_data_benchmark_v7_seed_significance_ausgrid
Ausgrid solar home GC hourly (12 customers + 4 regions + total),24,PatchTST-lite,baseline,47,2.93153846,9.95805948,1694.33081967,0.31877476,0.00396892,16.90841964,115.2806,51692,133756,public_data_benchmark_v7_seed_significance_ausgrid
Ausgrid solar home GC hourly (12 customers + 4 regions + total),24,LSTM,baseline,11,3.14494174,10.16872834,1953.55547721,0.34471442,0.00425784,17.87145264,54.0666,51692,133756,public_data_benchmark_v7_seed_significance_ausgrid
Ausgrid solar home GC hourly (12 customers + 4 regions + total),24,LSTM,baseline,23,3.46863185,10.69791023,2019.55448922,0.36054673,0.00469608,19.42213040,54.7689,51692,133756,public_data_benchmark_v7_seed_significance_ausgrid
Ausgrid solar home GC hourly (12 customers + 4 regions + total),24,LSTM,baseline,47,3.42216093,10.72713786,2054.55776717,0.35286656,0.00463316,19.67902037,53.0122,51692,133756,public_data_benchmark_v7_seed_significance_ausgrid
