rights_class,covered_paths,source_or_holder,license_or_permission_basis,transformation_status,allowed_recipient,allowed_purpose,redistribution_decision,required_attribution,package_action,manual_status
AUTHOR_MANUSCRIPT,"paper_applsci.tex; references_verified.bib; FINAL_RESPONSE_MATRIX.md; reports and manifests",Authors,"author-created manuscript and internal audit material; final all-author approval pending",authored_or_compiled,"authors; editor; peer reviewers",manuscript evaluation,conditional,"author names and manuscript title",include,"OPEN: all-author approval"
AUTHOR_CODE,"code/**; tests/**; scripts/**",Authors,"author-created or author-controlled project code; public-license selection pending",source_code,"authors; editor; peer reviewers",reproducibility evaluation,conditional,"source headers and repository citation",include,"OPEN: author release approval and repository license"
AUTHOR_DERIVED_EVIDENCE,"evidence/**; figures/lineage_sources/**; figures/results/**; tables/**",Authors,"derived aggregates and graphics; underlying third-party sources are not included",derived_numeric_or_graphic,"authors; editor; peer reviewers",claim verification,conditional,"dataset and model citations in manuscript",include,"OPEN: author confirmation that no restricted row-level source is embedded"
AUTHOR_FIGURE,"figures/fig_ma_sqlgrid_implemented_coordination_final.*; figures/FIGURE_LINEAGE.json",Authors,"deterministic author-controlled SVG/raster and lineage",code_native_graphic,"authors; editor; peer reviewers",manuscript evaluation,conditional,"manuscript citation",include,"OPEN: all-author approval"
INTERNAL_REVIEW,"reviews_round3/**",Authors with AI-assisted internal review,"internal review simulation; not qualified human peer review",review_record,"authors; editor; peer reviewers",revision provenance,conditional,"label as AI-assisted internal simulation",include,"OPEN: author approval"
MDPI_TEMPLATE,"Definitions/**",MDPI,"publisher-supplied Applied Sciences LaTeX template files used for submission preparation; current reuse terms must be rechecked",unmodified_template,"authors; MDPI editor; peer reviewers",submission compilation,conditional,"retain publisher filenames/notices",include,"OPEN: recheck current template terms before external redistribution"
PUBLIC_BIB_METADATA,"references_verified.bib",Cited publishers/authors,"bibliographic metadata and citations; no article full text included",metadata_only,"authors; editor; peer reviewers",reference verification,include,"normal scholarly citations",include,COMPLETE_WITHIN_PACKAGE
EXCLUDED_RESTRICTED_SOURCE,"RTS-GMLC raw; SimBench raw/source-dependent records; GridDB raw; BIRD raw databases; NERC raw; credentials; .env",Third parties,"license or reviewer-sharing permission unresolved or separately controlled",not_packaged,none,none,exclude,"as required by source license",exclude,"OPEN: file-level permission decision before any separate transfer"
EXCLUDED_INCIDENT_OR_OBSOLETE,"old-title manuscripts; old PDFs/ZIPs; R1/R2/R3 build caches; accident runs; __pycache__; ROUND1_SECTION_DRAFT",Mixed,"obsolete, excluded, or non-evidentiary",not_packaged,none,none,exclude,none,exclude,COMPLETE_EXCLUSION
