question_id,method,eligible_candidates,top_validation_points,top_tie_multiplicity,top_candidate_ids,top_sources,selected_candidate_id,selected_source,tie_rule
Q021,validation_rank_equal_budget_no_cf,8,97,8,C000|C001|C002|C003|C004|C005|C006|C007,qwen:F00_Full_NoShape|qwen:F01_Full_WithShape|qwen:F10_Compact_NoShape|qwen:F11_Compact_WithShape|granite:F00_Full_NoShape|granite:F01_Full_WithShape|granite:F10_Compact_NoShape|granite:F11_Compact_WithShape,C000,qwen:F00_Full_NoShape,original_candidate_order
Q022,validation_rank_equal_budget_no_cf,8,97,8,C000|C001|C002|C003|C004|C005|C006|C007,qwen:F00_Full_NoShape|qwen:F01_Full_WithShape|qwen:F10_Compact_NoShape|qwen:F11_Compact_WithShape|granite:F00_Full_NoShape|granite:F01_Full_WithShape|granite:F10_Compact_NoShape|granite:F11_Compact_WithShape,C000,qwen:F00_Full_NoShape,original_candidate_order
Q023,validation_rank_equal_budget_no_cf,8,100,1,C001,qwen:F01_Full_WithShape,C001,qwen:F01_Full_WithShape,original_candidate_order
Q024,validation_rank_equal_budget_no_cf,8,96,8,C000|C001|C002|C003|C004|C005|C006|C007,qwen:F00_Full_NoShape|qwen:F01_Full_WithShape|qwen:F10_Compact_NoShape|qwen:F11_Compact_WithShape|granite:F00_Full_NoShape|granite:F01_Full_WithShape|granite:F10_Compact_NoShape|granite:F11_Compact_WithShape,C000,qwen:F00_Full_NoShape,original_candidate_order
Q025,validation_rank_equal_budget_no_cf,7,98,7,C000|C001|C002|C004|C005|C006|C007,qwen:F00_Full_NoShape|qwen:F01_Full_WithShape|qwen:F10_Compact_NoShape|granite:F00_Full_NoShape|granite:F01_Full_WithShape|granite:F10_Compact_NoShape|granite:F11_Compact_WithShape,C000,qwen:F00_Full_NoShape,original_candidate_order
Q026,validation_rank_equal_budget_no_cf,8,99,8,C000|C001|C002|C003|C004|C005|C006|C007,qwen:F00_Full_NoShape|qwen:F01_Full_WithShape|qwen:F10_Compact_NoShape|qwen:F11_Compact_WithShape|granite:F00_Full_NoShape|granite:F01_Full_WithShape|granite:F10_Compact_NoShape|granite:F11_Compact_WithShape,C000,qwen:F00_Full_NoShape,original_candidate_order
Q027,validation_rank_equal_budget_no_cf,8,95,8,C000|C001|C002|C003|C004|C005|C006|C007,qwen:F00_Full_NoShape|qwen:F01_Full_WithShape|qwen:F10_Compact_NoShape|qwen:F11_Compact_WithShape|granite:F00_Full_NoShape|granite:F01_Full_WithShape|granite:F10_Compact_NoShape|granite:F11_Compact_WithShape,C000,qwen:F00_Full_NoShape,original_candidate_order
Q028,validation_rank_equal_budget_no_cf,8,100,1,C002,qwen:F10_Compact_NoShape,C002,qwen:F10_Compact_NoShape,original_candidate_order
Q029,validation_rank_equal_budget_no_cf,8,99,8,C000|C001|C002|C003|C004|C005|C006|C007,qwen:F00_Full_NoShape|qwen:F01_Full_WithShape|qwen:F10_Compact_NoShape|qwen:F11_Compact_WithShape|granite:F00_Full_NoShape|granite:F01_Full_WithShape|granite:F10_Compact_NoShape|granite:F11_Compact_WithShape,C000,qwen:F00_Full_NoShape,original_candidate_order
Q030,validation_rank_equal_budget_no_cf,8,100,1,C001,qwen:F01_Full_WithShape,C001,qwen:F01_Full_WithShape,original_candidate_order
Q031,validation_rank_equal_budget_no_cf,7,100,4,C000|C001|C003|C005,qwen:F00_Full_NoShape|qwen:F01_Full_WithShape|qwen:F11_Compact_WithShape|granite:F01_Full_WithShape,C000,qwen:F00_Full_NoShape,original_candidate_order
Q032,validation_rank_equal_budget_no_cf,6,96,4,C002|C003|C004|C006,qwen:F10_Compact_NoShape|qwen:F11_Compact_WithShape|granite:F00_Full_NoShape|granite:F10_Compact_NoShape,C002,qwen:F10_Compact_NoShape,original_candidate_order
Q033,validation_rank_equal_budget_no_cf,8,95,8,C000|C001|C002|C003|C004|C005|C006|C007,qwen:F00_Full_NoShape|qwen:F01_Full_WithShape|qwen:F10_Compact_NoShape|qwen:F11_Compact_WithShape|granite:F00_Full_NoShape|granite:F01_Full_WithShape|granite:F10_Compact_NoShape|granite:F11_Compact_WithShape,C000,qwen:F00_Full_NoShape,original_candidate_order
Q034,validation_rank_equal_budget_no_cf,8,97,8,C000|C001|C002|C003|C004|C005|C006|C007,qwen:F00_Full_NoShape|qwen:F01_Full_WithShape|qwen:F10_Compact_NoShape|qwen:F11_Compact_WithShape|granite:F00_Full_NoShape|granite:F01_Full_WithShape|granite:F10_Compact_NoShape|granite:F11_Compact_WithShape,C000,qwen:F00_Full_NoShape,original_candidate_order
Q035,validation_rank_equal_budget_no_cf,8,100,3,C001|C003|C005,qwen:F01_Full_WithShape|qwen:F11_Compact_WithShape|granite:F01_Full_WithShape,C001,qwen:F01_Full_WithShape,original_candidate_order
Q036,validation_rank_equal_budget_no_cf,8,100,1,C001,qwen:F01_Full_WithShape,C001,qwen:F01_Full_WithShape,original_candidate_order
Q037,validation_rank_equal_budget_no_cf,8,98,8,C000|C001|C002|C003|C004|C005|C006|C007,qwen:F00_Full_NoShape|qwen:F01_Full_WithShape|qwen:F10_Compact_NoShape|qwen:F11_Compact_WithShape|granite:F00_Full_NoShape|granite:F01_Full_WithShape|granite:F10_Compact_NoShape|granite:F11_Compact_WithShape,C000,qwen:F00_Full_NoShape,original_candidate_order
Q038,validation_rank_equal_budget_no_cf,8,95,8,C000|C001|C002|C003|C004|C005|C006|C007,qwen:F00_Full_NoShape|qwen:F01_Full_WithShape|qwen:F10_Compact_NoShape|qwen:F11_Compact_WithShape|granite:F00_Full_NoShape|granite:F01_Full_WithShape|granite:F10_Compact_NoShape|granite:F11_Compact_WithShape,C000,qwen:F00_Full_NoShape,original_candidate_order
Q039,validation_rank_equal_budget_no_cf,8,98,8,C000|C001|C002|C003|C004|C005|C006|C007,qwen:F00_Full_NoShape|qwen:F01_Full_WithShape|qwen:F10_Compact_NoShape|qwen:F11_Compact_WithShape|granite:F00_Full_NoShape|granite:F01_Full_WithShape|granite:F10_Compact_NoShape|granite:F11_Compact_WithShape,C000,qwen:F00_Full_NoShape,original_candidate_order
Q040,validation_rank_equal_budget_no_cf,6,96,6,C000|C001|C002|C003|C004|C005,qwen:F00_Full_NoShape|qwen:F01_Full_WithShape|qwen:F10_Compact_NoShape|qwen:F11_Compact_WithShape|granite:F00_Full_NoShape|granite:F01_Full_WithShape,C000,qwen:F00_Full_NoShape,original_candidate_order
Q041,validation_rank_equal_budget_no_cf,8,98,3,C000|C002|C003,qwen:F00_Full_NoShape|qwen:F10_Compact_NoShape|qwen:F11_Compact_WithShape,C000,qwen:F00_Full_NoShape,original_candidate_order
Q042,validation_rank_equal_budget_no_cf,8,97,8,C000|C001|C002|C003|C004|C005|C006|C007,qwen:F00_Full_NoShape|qwen:F01_Full_WithShape|qwen:F10_Compact_NoShape|qwen:F11_Compact_WithShape|granite:F00_Full_NoShape|granite:F01_Full_WithShape|granite:F10_Compact_NoShape|granite:F11_Compact_WithShape,C000,qwen:F00_Full_NoShape,original_candidate_order
Q043,validation_rank_equal_budget_no_cf,5,98,3,C002|C003|C005,qwen:F10_Compact_NoShape|qwen:F11_Compact_WithShape|granite:F01_Full_WithShape,C002,qwen:F10_Compact_NoShape,original_candidate_order
Q044,validation_rank_equal_budget_no_cf,8,99,8,C000|C001|C002|C003|C004|C005|C006|C007,qwen:F00_Full_NoShape|qwen:F01_Full_WithShape|qwen:F10_Compact_NoShape|qwen:F11_Compact_WithShape|granite:F00_Full_NoShape|granite:F01_Full_WithShape|granite:F10_Compact_NoShape|granite:F11_Compact_WithShape,C000,qwen:F00_Full_NoShape,original_candidate_order
Q045,validation_rank_equal_budget_no_cf,6,99,1,C001,qwen:F01_Full_WithShape,C001,qwen:F01_Full_WithShape,original_candidate_order
Q046,validation_rank_equal_budget_no_cf,8,97,8,C000|C001|C002|C003|C004|C005|C006|C007,qwen:F00_Full_NoShape|qwen:F01_Full_WithShape|qwen:F10_Compact_NoShape|qwen:F11_Compact_WithShape|granite:F00_Full_NoShape|granite:F01_Full_WithShape|granite:F10_Compact_NoShape|granite:F11_Compact_WithShape,C000,qwen:F00_Full_NoShape,original_candidate_order
Q047,validation_rank_equal_budget_no_cf,7,98,5,C001|C002|C003|C004|C006,qwen:F01_Full_WithShape|qwen:F10_Compact_NoShape|qwen:F11_Compact_WithShape|granite:F00_Full_NoShape|granite:F10_Compact_NoShape,C001,qwen:F01_Full_WithShape,original_candidate_order
Q048,validation_rank_equal_budget_no_cf,8,96,8,C000|C001|C002|C003|C004|C005|C006|C007,qwen:F00_Full_NoShape|qwen:F01_Full_WithShape|qwen:F10_Compact_NoShape|qwen:F11_Compact_WithShape|granite:F00_Full_NoShape|granite:F01_Full_WithShape|granite:F10_Compact_NoShape|granite:F11_Compact_WithShape,C000,qwen:F00_Full_NoShape,original_candidate_order
Q049,validation_rank_equal_budget_no_cf,6,100,2,C006|C007,granite:F10_Compact_NoShape|granite:F11_Compact_WithShape,C006,granite:F10_Compact_NoShape,original_candidate_order
Q050,validation_rank_equal_budget_no_cf,6,100,6,C000|C001|C004|C005|C006|C007,qwen:F00_Full_NoShape|qwen:F01_Full_WithShape|granite:F00_Full_NoShape|granite:F01_Full_WithShape|granite:F10_Compact_NoShape|granite:F11_Compact_WithShape,C000,qwen:F00_Full_NoShape,original_candidate_order
Q051,validation_rank_equal_budget_no_cf,7,99,7,C000|C001|C002|C003|C004|C005|C006,qwen:F00_Full_NoShape|qwen:F01_Full_WithShape|qwen:F10_Compact_NoShape|qwen:F11_Compact_WithShape|granite:F00_Full_NoShape|granite:F01_Full_WithShape|granite:F10_Compact_NoShape,C000,qwen:F00_Full_NoShape,original_candidate_order
Q052,validation_rank_equal_budget_no_cf,7,99,7,C000|C001|C003|C004|C005|C006|C007,qwen:F00_Full_NoShape|qwen:F01_Full_WithShape|qwen:F11_Compact_WithShape|granite:F00_Full_NoShape|granite:F01_Full_WithShape|granite:F10_Compact_NoShape|granite:F11_Compact_WithShape,C000,qwen:F00_Full_NoShape,original_candidate_order
Q053,validation_rank_equal_budget_no_cf,5,100,1,C001,qwen:F01_Full_WithShape,C001,qwen:F01_Full_WithShape,original_candidate_order
Q054,validation_rank_equal_budget_no_cf,8,98,8,C000|C001|C002|C003|C004|C005|C006|C007,qwen:F00_Full_NoShape|qwen:F01_Full_WithShape|qwen:F10_Compact_NoShape|qwen:F11_Compact_WithShape|granite:F00_Full_NoShape|granite:F01_Full_WithShape|granite:F10_Compact_NoShape|granite:F11_Compact_WithShape,C000,qwen:F00_Full_NoShape,original_candidate_order
Q055,validation_rank_equal_budget_no_cf,8,100,8,C000|C001|C002|C003|C004|C005|C006|C007,qwen:F00_Full_NoShape|qwen:F01_Full_WithShape|qwen:F10_Compact_NoShape|qwen:F11_Compact_WithShape|granite:F00_Full_NoShape|granite:F01_Full_WithShape|granite:F10_Compact_NoShape|granite:F11_Compact_WithShape,C000,qwen:F00_Full_NoShape,original_candidate_order
Q056,validation_rank_equal_budget_no_cf,8,98,1,C001,qwen:F01_Full_WithShape,C001,qwen:F01_Full_WithShape,original_candidate_order
Q057,validation_rank_equal_budget_no_cf,8,98,1,C004,granite:F00_Full_NoShape,C004,granite:F00_Full_NoShape,original_candidate_order
Q058,validation_rank_equal_budget_no_cf,8,98,8,C000|C001|C002|C003|C004|C005|C006|C007,qwen:F00_Full_NoShape|qwen:F01_Full_WithShape|qwen:F10_Compact_NoShape|qwen:F11_Compact_WithShape|granite:F00_Full_NoShape|granite:F01_Full_WithShape|granite:F10_Compact_NoShape|granite:F11_Compact_WithShape,C000,qwen:F00_Full_NoShape,original_candidate_order
Q059,validation_rank_equal_budget_no_cf,8,100,2,C001|C003,qwen:F01_Full_WithShape|qwen:F11_Compact_WithShape,C001,qwen:F01_Full_WithShape,original_candidate_order
Q060,validation_rank_equal_budget_no_cf,8,98,8,C000|C001|C002|C003|C004|C005|C006|C007,qwen:F00_Full_NoShape|qwen:F01_Full_WithShape|qwen:F10_Compact_NoShape|qwen:F11_Compact_WithShape|granite:F00_Full_NoShape|granite:F01_Full_WithShape|granite:F10_Compact_NoShape|granite:F11_Compact_WithShape,C000,qwen:F00_Full_NoShape,original_candidate_order
Q061,validation_rank_equal_budget_no_cf,8,98,6,C002|C003|C004|C005|C006|C007,qwen:F10_Compact_NoShape|qwen:F11_Compact_WithShape|granite:F00_Full_NoShape|granite:F01_Full_WithShape|granite:F10_Compact_NoShape|granite:F11_Compact_WithShape,C002,qwen:F10_Compact_NoShape,original_candidate_order
Q062,validation_rank_equal_budget_no_cf,7,100,1,C003,qwen:F11_Compact_WithShape,C003,qwen:F11_Compact_WithShape,original_candidate_order
Q063,validation_rank_equal_budget_no_cf,7,98,1,C001,qwen:F01_Full_WithShape,C001,qwen:F01_Full_WithShape,original_candidate_order
Q064,validation_rank_equal_budget_no_cf,6,99,2,C000|C002,qwen:F00_Full_NoShape|qwen:F10_Compact_NoShape,C000,qwen:F00_Full_NoShape,original_candidate_order
Q065,validation_rank_equal_budget_no_cf,8,96,8,C000|C001|C002|C003|C004|C005|C006|C007,qwen:F00_Full_NoShape|qwen:F01_Full_WithShape|qwen:F10_Compact_NoShape|qwen:F11_Compact_WithShape|granite:F00_Full_NoShape|granite:F01_Full_WithShape|granite:F10_Compact_NoShape|granite:F11_Compact_WithShape,C000,qwen:F00_Full_NoShape,original_candidate_order
Q066,validation_rank_equal_budget_no_cf,8,99,1,C001,qwen:F01_Full_WithShape,C001,qwen:F01_Full_WithShape,original_candidate_order
Q067,validation_rank_equal_budget_no_cf,8,99,8,C000|C001|C002|C003|C004|C005|C006|C007,qwen:F00_Full_NoShape|qwen:F01_Full_WithShape|qwen:F10_Compact_NoShape|qwen:F11_Compact_WithShape|granite:F00_Full_NoShape|granite:F01_Full_WithShape|granite:F10_Compact_NoShape|granite:F11_Compact_WithShape,C000,qwen:F00_Full_NoShape,original_candidate_order
Q068,validation_rank_equal_budget_no_cf,7,98,7,C000|C001|C002|C003|C004|C005|C007,qwen:F00_Full_NoShape|qwen:F01_Full_WithShape|qwen:F10_Compact_NoShape|qwen:F11_Compact_WithShape|granite:F00_Full_NoShape|granite:F01_Full_WithShape|granite:F11_Compact_WithShape,C000,qwen:F00_Full_NoShape,original_candidate_order
Q069,validation_rank_equal_budget_no_cf,8,99,8,C000|C001|C002|C003|C004|C005|C006|C007,qwen:F00_Full_NoShape|qwen:F01_Full_WithShape|qwen:F10_Compact_NoShape|qwen:F11_Compact_WithShape|granite:F00_Full_NoShape|granite:F01_Full_WithShape|granite:F10_Compact_NoShape|granite:F11_Compact_WithShape,C000,qwen:F00_Full_NoShape,original_candidate_order
Q070,validation_rank_equal_budget_no_cf,8,97,8,C000|C001|C002|C003|C004|C005|C006|C007,qwen:F00_Full_NoShape|qwen:F01_Full_WithShape|qwen:F10_Compact_NoShape|qwen:F11_Compact_WithShape|granite:F00_Full_NoShape|granite:F01_Full_WithShape|granite:F10_Compact_NoShape|granite:F11_Compact_WithShape,C000,qwen:F00_Full_NoShape,original_candidate_order
Q071,validation_rank_equal_budget_no_cf,7,98,1,C001,qwen:F01_Full_WithShape,C001,qwen:F01_Full_WithShape,original_candidate_order
Q072,validation_rank_equal_budget_no_cf,8,87,8,C000|C001|C002|C003|C004|C005|C006|C007,qwen:F00_Full_NoShape|qwen:F01_Full_WithShape|qwen:F10_Compact_NoShape|qwen:F11_Compact_WithShape|granite:F00_Full_NoShape|granite:F01_Full_WithShape|granite:F10_Compact_NoShape|granite:F11_Compact_WithShape,C000,qwen:F00_Full_NoShape,original_candidate_order
Q073,validation_rank_equal_budget_no_cf,8,100,1,C001,qwen:F01_Full_WithShape,C001,qwen:F01_Full_WithShape,original_candidate_order
Q074,validation_rank_equal_budget_no_cf,6,98,6,C000|C001|C003|C004|C005|C007,qwen:F00_Full_NoShape|qwen:F01_Full_WithShape|qwen:F11_Compact_WithShape|granite:F00_Full_NoShape|granite:F01_Full_WithShape|granite:F11_Compact_WithShape,C000,qwen:F00_Full_NoShape,original_candidate_order
Q075,validation_rank_equal_budget_no_cf,8,97,8,C000|C001|C002|C003|C004|C005|C006|C007,qwen:F00_Full_NoShape|qwen:F01_Full_WithShape|qwen:F10_Compact_NoShape|qwen:F11_Compact_WithShape|granite:F00_Full_NoShape|granite:F01_Full_WithShape|granite:F10_Compact_NoShape|granite:F11_Compact_WithShape,C000,qwen:F00_Full_NoShape,original_candidate_order
Q076,validation_rank_equal_budget_no_cf,4,100,1,C003,qwen:F11_Compact_WithShape,C003,qwen:F11_Compact_WithShape,original_candidate_order
Q077,validation_rank_equal_budget_no_cf,8,100,1,C001,qwen:F01_Full_WithShape,C001,qwen:F01_Full_WithShape,original_candidate_order
Q078,validation_rank_equal_budget_no_cf,8,99,4,C000|C001|C004|C005,qwen:F00_Full_NoShape|qwen:F01_Full_WithShape|granite:F00_Full_NoShape|granite:F01_Full_WithShape,C000,qwen:F00_Full_NoShape,original_candidate_order
Q079,validation_rank_equal_budget_no_cf,8,98,5,C000|C002|C004|C005|C006,qwen:F00_Full_NoShape|qwen:F10_Compact_NoShape|granite:F00_Full_NoShape|granite:F01_Full_WithShape|granite:F10_Compact_NoShape,C000,qwen:F00_Full_NoShape,original_candidate_order
Q080,validation_rank_equal_budget_no_cf,4,95,4,C000|C005|C006|C007,qwen:F00_Full_NoShape|granite:F01_Full_WithShape|granite:F10_Compact_NoShape|granite:F11_Compact_WithShape,C000,qwen:F00_Full_NoShape,original_candidate_order
Q081,validation_rank_equal_budget_no_cf,7,99,7,C000|C001|C002|C003|C004|C006|C007,qwen:F00_Full_NoShape|qwen:F01_Full_WithShape|qwen:F10_Compact_NoShape|qwen:F11_Compact_WithShape|granite:F00_Full_NoShape|granite:F10_Compact_NoShape|granite:F11_Compact_WithShape,C000,qwen:F00_Full_NoShape,original_candidate_order
Q082,validation_rank_equal_budget_no_cf,8,99,8,C000|C001|C002|C003|C004|C005|C006|C007,qwen:F00_Full_NoShape|qwen:F01_Full_WithShape|qwen:F10_Compact_NoShape|qwen:F11_Compact_WithShape|granite:F00_Full_NoShape|granite:F01_Full_WithShape|granite:F10_Compact_NoShape|granite:F11_Compact_WithShape,C000,qwen:F00_Full_NoShape,original_candidate_order
Q083,validation_rank_equal_budget_no_cf,7,99,7,C000|C001|C002|C003|C004|C006|C007,qwen:F00_Full_NoShape|qwen:F01_Full_WithShape|qwen:F10_Compact_NoShape|qwen:F11_Compact_WithShape|granite:F00_Full_NoShape|granite:F10_Compact_NoShape|granite:F11_Compact_WithShape,C000,qwen:F00_Full_NoShape,original_candidate_order
Q084,validation_rank_equal_budget_no_cf,7,99,7,C000|C001|C002|C003|C004|C006|C007,qwen:F00_Full_NoShape|qwen:F01_Full_WithShape|qwen:F10_Compact_NoShape|qwen:F11_Compact_WithShape|granite:F00_Full_NoShape|granite:F10_Compact_NoShape|granite:F11_Compact_WithShape,C000,qwen:F00_Full_NoShape,original_candidate_order
Q085,validation_rank_equal_budget_no_cf,7,100,7,C000|C001|C002|C003|C004|C006|C007,qwen:F00_Full_NoShape|qwen:F01_Full_WithShape|qwen:F10_Compact_NoShape|qwen:F11_Compact_WithShape|granite:F00_Full_NoShape|granite:F10_Compact_NoShape|granite:F11_Compact_WithShape,C000,qwen:F00_Full_NoShape,original_candidate_order
Q086,validation_rank_equal_budget_no_cf,7,100,7,C000|C001|C002|C003|C004|C006|C007,qwen:F00_Full_NoShape|qwen:F01_Full_WithShape|qwen:F10_Compact_NoShape|qwen:F11_Compact_WithShape|granite:F00_Full_NoShape|granite:F10_Compact_NoShape|granite:F11_Compact_WithShape,C000,qwen:F00_Full_NoShape,original_candidate_order
Q087,validation_rank_equal_budget_no_cf,8,99,8,C000|C001|C002|C003|C004|C005|C006|C007,qwen:F00_Full_NoShape|qwen:F01_Full_WithShape|qwen:F10_Compact_NoShape|qwen:F11_Compact_WithShape|granite:F00_Full_NoShape|granite:F01_Full_WithShape|granite:F10_Compact_NoShape|granite:F11_Compact_WithShape,C000,qwen:F00_Full_NoShape,original_candidate_order
Q088,validation_rank_equal_budget_no_cf,8,99,8,C000|C001|C002|C003|C004|C005|C006|C007,qwen:F00_Full_NoShape|qwen:F01_Full_WithShape|qwen:F10_Compact_NoShape|qwen:F11_Compact_WithShape|granite:F00_Full_NoShape|granite:F01_Full_WithShape|granite:F10_Compact_NoShape|granite:F11_Compact_WithShape,C000,qwen:F00_Full_NoShape,original_candidate_order
Q089,validation_rank_equal_budget_no_cf,7,99,7,C000|C001|C002|C003|C004|C006|C007,qwen:F00_Full_NoShape|qwen:F01_Full_WithShape|qwen:F10_Compact_NoShape|qwen:F11_Compact_WithShape|granite:F00_Full_NoShape|granite:F10_Compact_NoShape|granite:F11_Compact_WithShape,C000,qwen:F00_Full_NoShape,original_candidate_order
Q090,validation_rank_equal_budget_no_cf,7,100,7,C000|C001|C002|C003|C004|C005|C006,qwen:F00_Full_NoShape|qwen:F01_Full_WithShape|qwen:F10_Compact_NoShape|qwen:F11_Compact_WithShape|granite:F00_Full_NoShape|granite:F01_Full_WithShape|granite:F10_Compact_NoShape,C000,qwen:F00_Full_NoShape,original_candidate_order
Q091,validation_rank_equal_budget_no_cf,8,99,8,C000|C001|C002|C003|C004|C005|C006|C007,qwen:F00_Full_NoShape|qwen:F01_Full_WithShape|qwen:F10_Compact_NoShape|qwen:F11_Compact_WithShape|granite:F00_Full_NoShape|granite:F01_Full_WithShape|granite:F10_Compact_NoShape|granite:F11_Compact_WithShape,C000,qwen:F00_Full_NoShape,original_candidate_order
Q092,validation_rank_equal_budget_no_cf,7,100,7,C000|C001|C002|C003|C004|C006|C007,qwen:F00_Full_NoShape|qwen:F01_Full_WithShape|qwen:F10_Compact_NoShape|qwen:F11_Compact_WithShape|granite:F00_Full_NoShape|granite:F10_Compact_NoShape|granite:F11_Compact_WithShape,C000,qwen:F00_Full_NoShape,original_candidate_order
Q093,validation_rank_equal_budget_no_cf,7,99,7,C000|C001|C002|C003|C004|C006|C007,qwen:F00_Full_NoShape|qwen:F01_Full_WithShape|qwen:F10_Compact_NoShape|qwen:F11_Compact_WithShape|granite:F00_Full_NoShape|granite:F10_Compact_NoShape|granite:F11_Compact_WithShape,C000,qwen:F00_Full_NoShape,original_candidate_order
Q094,validation_rank_equal_budget_no_cf,8,99,8,C000|C001|C002|C003|C004|C005|C006|C007,qwen:F00_Full_NoShape|qwen:F01_Full_WithShape|qwen:F10_Compact_NoShape|qwen:F11_Compact_WithShape|granite:F00_Full_NoShape|granite:F01_Full_WithShape|granite:F10_Compact_NoShape|granite:F11_Compact_WithShape,C000,qwen:F00_Full_NoShape,original_candidate_order
Q095,validation_rank_equal_budget_no_cf,7,100,7,C000|C001|C002|C003|C004|C006|C007,qwen:F00_Full_NoShape|qwen:F01_Full_WithShape|qwen:F10_Compact_NoShape|qwen:F11_Compact_WithShape|granite:F00_Full_NoShape|granite:F10_Compact_NoShape|granite:F11_Compact_WithShape,C000,qwen:F00_Full_NoShape,original_candidate_order
Q096,validation_rank_equal_budget_no_cf,7,99,7,C000|C001|C002|C003|C004|C006|C007,qwen:F00_Full_NoShape|qwen:F01_Full_WithShape|qwen:F10_Compact_NoShape|qwen:F11_Compact_WithShape|granite:F00_Full_NoShape|granite:F10_Compact_NoShape|granite:F11_Compact_WithShape,C000,qwen:F00_Full_NoShape,original_candidate_order
Q097,validation_rank_equal_budget_no_cf,7,99,7,C000|C001|C002|C003|C004|C006|C007,qwen:F00_Full_NoShape|qwen:F01_Full_WithShape|qwen:F10_Compact_NoShape|qwen:F11_Compact_WithShape|granite:F00_Full_NoShape|granite:F10_Compact_NoShape|granite:F11_Compact_WithShape,C000,qwen:F00_Full_NoShape,original_candidate_order
Q098,validation_rank_equal_budget_no_cf,7,100,7,C000|C001|C002|C003|C004|C006|C007,qwen:F00_Full_NoShape|qwen:F01_Full_WithShape|qwen:F10_Compact_NoShape|qwen:F11_Compact_WithShape|granite:F00_Full_NoShape|granite:F10_Compact_NoShape|granite:F11_Compact_WithShape,C000,qwen:F00_Full_NoShape,original_candidate_order
Q099,validation_rank_equal_budget_no_cf,7,98,1,C001,qwen:F01_Full_WithShape,C001,qwen:F01_Full_WithShape,original_candidate_order
Q100,validation_rank_equal_budget_no_cf,7,98,1,C001,qwen:F01_Full_WithShape,C001,qwen:F01_Full_WithShape,original_candidate_order
Q101,validation_rank_equal_budget_no_cf,7,98,1,C001,qwen:F01_Full_WithShape,C001,qwen:F01_Full_WithShape,original_candidate_order
Q102,validation_rank_equal_budget_no_cf,7,98,1,C001,qwen:F01_Full_WithShape,C001,qwen:F01_Full_WithShape,original_candidate_order
Q103,validation_rank_equal_budget_no_cf,7,99,1,C001,qwen:F01_Full_WithShape,C001,qwen:F01_Full_WithShape,original_candidate_order
Q104,validation_rank_equal_budget_no_cf,7,99,1,C001,qwen:F01_Full_WithShape,C001,qwen:F01_Full_WithShape,original_candidate_order
Q105,validation_rank_equal_budget_no_cf,7,98,1,C001,qwen:F01_Full_WithShape,C001,qwen:F01_Full_WithShape,original_candidate_order
Q106,validation_rank_equal_budget_no_cf,7,98,1,C001,qwen:F01_Full_WithShape,C001,qwen:F01_Full_WithShape,original_candidate_order
Q107,validation_rank_equal_budget_no_cf,7,98,1,C001,qwen:F01_Full_WithShape,C001,qwen:F01_Full_WithShape,original_candidate_order
Q108,validation_rank_equal_budget_no_cf,7,99,1,C001,qwen:F01_Full_WithShape,C001,qwen:F01_Full_WithShape,original_candidate_order
Q109,validation_rank_equal_budget_no_cf,7,98,1,C001,qwen:F01_Full_WithShape,C001,qwen:F01_Full_WithShape,original_candidate_order
Q110,validation_rank_equal_budget_no_cf,7,99,1,C001,qwen:F01_Full_WithShape,C001,qwen:F01_Full_WithShape,original_candidate_order
Q111,validation_rank_equal_budget_no_cf,7,98,1,C001,qwen:F01_Full_WithShape,C001,qwen:F01_Full_WithShape,original_candidate_order
Q112,validation_rank_equal_budget_no_cf,7,98,1,C001,qwen:F01_Full_WithShape,C001,qwen:F01_Full_WithShape,original_candidate_order
Q113,validation_rank_equal_budget_no_cf,8,99,1,C001,qwen:F01_Full_WithShape,C001,qwen:F01_Full_WithShape,original_candidate_order
Q114,validation_rank_equal_budget_no_cf,7,98,1,C001,qwen:F01_Full_WithShape,C001,qwen:F01_Full_WithShape,original_candidate_order
Q115,validation_rank_equal_budget_no_cf,7,98,1,C001,qwen:F01_Full_WithShape,C001,qwen:F01_Full_WithShape,original_candidate_order
Q116,validation_rank_equal_budget_no_cf,7,99,1,C001,qwen:F01_Full_WithShape,C001,qwen:F01_Full_WithShape,original_candidate_order
Q117,validation_rank_equal_budget_no_cf,8,98,8,C000|C001|C002|C003|C004|C005|C006|C007,qwen:F00_Full_NoShape|qwen:F01_Full_WithShape|qwen:F10_Compact_NoShape|qwen:F11_Compact_WithShape|granite:F00_Full_NoShape|granite:F01_Full_WithShape|granite:F10_Compact_NoShape|granite:F11_Compact_WithShape,C000,qwen:F00_Full_NoShape,original_candidate_order
Q118,validation_rank_equal_budget_no_cf,7,98,7,C000|C001|C002|C003|C004|C005|C007,qwen:F00_Full_NoShape|qwen:F01_Full_WithShape|qwen:F10_Compact_NoShape|qwen:F11_Compact_WithShape|granite:F00_Full_NoShape|granite:F01_Full_WithShape|granite:F11_Compact_WithShape,C000,qwen:F00_Full_NoShape,original_candidate_order
Q119,validation_rank_equal_budget_no_cf,8,99,1,C002,qwen:F10_Compact_NoShape,C002,qwen:F10_Compact_NoShape,original_candidate_order
Q120,validation_rank_equal_budget_no_cf,8,99,8,C000|C001|C002|C003|C004|C005|C006|C007,qwen:F00_Full_NoShape|qwen:F01_Full_WithShape|qwen:F10_Compact_NoShape|qwen:F11_Compact_WithShape|granite:F00_Full_NoShape|granite:F01_Full_WithShape|granite:F10_Compact_NoShape|granite:F11_Compact_WithShape,C000,qwen:F00_Full_NoShape,original_candidate_order
Q121,validation_rank_equal_budget_no_cf,8,99,8,C000|C001|C002|C003|C004|C005|C006|C007,qwen:F00_Full_NoShape|qwen:F01_Full_WithShape|qwen:F10_Compact_NoShape|qwen:F11_Compact_WithShape|granite:F00_Full_NoShape|granite:F01_Full_WithShape|granite:F10_Compact_NoShape|granite:F11_Compact_WithShape,C000,qwen:F00_Full_NoShape,original_candidate_order
Q122,validation_rank_equal_budget_no_cf,7,98,7,C000|C001|C002|C003|C004|C005|C007,qwen:F00_Full_NoShape|qwen:F01_Full_WithShape|qwen:F10_Compact_NoShape|qwen:F11_Compact_WithShape|granite:F00_Full_NoShape|granite:F01_Full_WithShape|granite:F11_Compact_WithShape,C000,qwen:F00_Full_NoShape,original_candidate_order
Q123,validation_rank_equal_budget_no_cf,7,98,7,C000|C001|C002|C003|C004|C005|C007,qwen:F00_Full_NoShape|qwen:F01_Full_WithShape|qwen:F10_Compact_NoShape|qwen:F11_Compact_WithShape|granite:F00_Full_NoShape|granite:F01_Full_WithShape|granite:F11_Compact_WithShape,C000,qwen:F00_Full_NoShape,original_candidate_order
Q124,validation_rank_equal_budget_no_cf,8,99,8,C000|C001|C002|C003|C004|C005|C006|C007,qwen:F00_Full_NoShape|qwen:F01_Full_WithShape|qwen:F10_Compact_NoShape|qwen:F11_Compact_WithShape|granite:F00_Full_NoShape|granite:F01_Full_WithShape|granite:F10_Compact_NoShape|granite:F11_Compact_WithShape,C000,qwen:F00_Full_NoShape,original_candidate_order
Q125,validation_rank_equal_budget_no_cf,8,99,1,C002,qwen:F10_Compact_NoShape,C002,qwen:F10_Compact_NoShape,original_candidate_order
Q126,validation_rank_equal_budget_no_cf,7,98,7,C000|C001|C002|C003|C004|C005|C007,qwen:F00_Full_NoShape|qwen:F01_Full_WithShape|qwen:F10_Compact_NoShape|qwen:F11_Compact_WithShape|granite:F00_Full_NoShape|granite:F01_Full_WithShape|granite:F11_Compact_WithShape,C000,qwen:F00_Full_NoShape,original_candidate_order
Q127,validation_rank_equal_budget_no_cf,8,99,8,C000|C001|C002|C003|C004|C005|C006|C007,qwen:F00_Full_NoShape|qwen:F01_Full_WithShape|qwen:F10_Compact_NoShape|qwen:F11_Compact_WithShape|granite:F00_Full_NoShape|granite:F01_Full_WithShape|granite:F10_Compact_NoShape|granite:F11_Compact_WithShape,C000,qwen:F00_Full_NoShape,original_candidate_order
Q128,validation_rank_equal_budget_no_cf,8,98,8,C000|C001|C002|C003|C004|C005|C006|C007,qwen:F00_Full_NoShape|qwen:F01_Full_WithShape|qwen:F10_Compact_NoShape|qwen:F11_Compact_WithShape|granite:F00_Full_NoShape|granite:F01_Full_WithShape|granite:F10_Compact_NoShape|granite:F11_Compact_WithShape,C000,qwen:F00_Full_NoShape,original_candidate_order
Q129,validation_rank_equal_budget_no_cf,8,98,8,C000|C001|C002|C003|C004|C005|C006|C007,qwen:F00_Full_NoShape|qwen:F01_Full_WithShape|qwen:F10_Compact_NoShape|qwen:F11_Compact_WithShape|granite:F00_Full_NoShape|granite:F01_Full_WithShape|granite:F10_Compact_NoShape|granite:F11_Compact_WithShape,C000,qwen:F00_Full_NoShape,original_candidate_order
Q130,validation_rank_equal_budget_no_cf,7,99,7,C000|C001|C002|C003|C004|C005|C007,qwen:F00_Full_NoShape|qwen:F01_Full_WithShape|qwen:F10_Compact_NoShape|qwen:F11_Compact_WithShape|granite:F00_Full_NoShape|granite:F01_Full_WithShape|granite:F11_Compact_WithShape,C000,qwen:F00_Full_NoShape,original_candidate_order
Q131,validation_rank_equal_budget_no_cf,8,98,8,C000|C001|C002|C003|C004|C005|C006|C007,qwen:F00_Full_NoShape|qwen:F01_Full_WithShape|qwen:F10_Compact_NoShape|qwen:F11_Compact_WithShape|granite:F00_Full_NoShape|granite:F01_Full_WithShape|granite:F10_Compact_NoShape|granite:F11_Compact_WithShape,C000,qwen:F00_Full_NoShape,original_candidate_order
Q132,validation_rank_equal_budget_no_cf,8,98,8,C000|C001|C002|C003|C004|C005|C006|C007,qwen:F00_Full_NoShape|qwen:F01_Full_WithShape|qwen:F10_Compact_NoShape|qwen:F11_Compact_WithShape|granite:F00_Full_NoShape|granite:F01_Full_WithShape|granite:F10_Compact_NoShape|granite:F11_Compact_WithShape,C000,qwen:F00_Full_NoShape,original_candidate_order
Q133,validation_rank_equal_budget_no_cf,8,98,8,C000|C001|C002|C003|C004|C005|C006|C007,qwen:F00_Full_NoShape|qwen:F01_Full_WithShape|qwen:F10_Compact_NoShape|qwen:F11_Compact_WithShape|granite:F00_Full_NoShape|granite:F01_Full_WithShape|granite:F10_Compact_NoShape|granite:F11_Compact_WithShape,C000,qwen:F00_Full_NoShape,original_candidate_order
Q134,validation_rank_equal_budget_no_cf,8,98,8,C000|C001|C002|C003|C004|C005|C006|C007,qwen:F00_Full_NoShape|qwen:F01_Full_WithShape|qwen:F10_Compact_NoShape|qwen:F11_Compact_WithShape|granite:F00_Full_NoShape|granite:F01_Full_WithShape|granite:F10_Compact_NoShape|granite:F11_Compact_WithShape,C000,qwen:F00_Full_NoShape,original_candidate_order
Q135,validation_rank_equal_budget_no_cf,8,98,8,C000|C001|C002|C003|C004|C005|C006|C007,qwen:F00_Full_NoShape|qwen:F01_Full_WithShape|qwen:F10_Compact_NoShape|qwen:F11_Compact_WithShape|granite:F00_Full_NoShape|granite:F01_Full_WithShape|granite:F10_Compact_NoShape|granite:F11_Compact_WithShape,C000,qwen:F00_Full_NoShape,original_candidate_order
Q136,validation_rank_equal_budget_no_cf,7,98,7,C000|C001|C002|C003|C004|C005|C006,qwen:F00_Full_NoShape|qwen:F01_Full_WithShape|qwen:F10_Compact_NoShape|qwen:F11_Compact_WithShape|granite:F00_Full_NoShape|granite:F01_Full_WithShape|granite:F10_Compact_NoShape,C000,qwen:F00_Full_NoShape,original_candidate_order
Q137,validation_rank_equal_budget_no_cf,8,98,8,C000|C001|C002|C003|C004|C005|C006|C007,qwen:F00_Full_NoShape|qwen:F01_Full_WithShape|qwen:F10_Compact_NoShape|qwen:F11_Compact_WithShape|granite:F00_Full_NoShape|granite:F01_Full_WithShape|granite:F10_Compact_NoShape|granite:F11_Compact_WithShape,C000,qwen:F00_Full_NoShape,original_candidate_order
Q138,validation_rank_equal_budget_no_cf,8,98,7,C000|C001|C002|C003|C004|C006|C007,qwen:F00_Full_NoShape|qwen:F01_Full_WithShape|qwen:F10_Compact_NoShape|qwen:F11_Compact_WithShape|granite:F00_Full_NoShape|granite:F10_Compact_NoShape|granite:F11_Compact_WithShape,C000,qwen:F00_Full_NoShape,original_candidate_order
Q139,validation_rank_equal_budget_no_cf,8,98,8,C000|C001|C002|C003|C004|C005|C006|C007,qwen:F00_Full_NoShape|qwen:F01_Full_WithShape|qwen:F10_Compact_NoShape|qwen:F11_Compact_WithShape|granite:F00_Full_NoShape|granite:F01_Full_WithShape|granite:F10_Compact_NoShape|granite:F11_Compact_WithShape,C000,qwen:F00_Full_NoShape,original_candidate_order
Q140,validation_rank_equal_budget_no_cf,7,98,7,C000|C001|C002|C003|C004|C005|C006,qwen:F00_Full_NoShape|qwen:F01_Full_WithShape|qwen:F10_Compact_NoShape|qwen:F11_Compact_WithShape|granite:F00_Full_NoShape|granite:F01_Full_WithShape|granite:F10_Compact_NoShape,C000,qwen:F00_Full_NoShape,original_candidate_order
Q141,validation_rank_equal_budget_no_cf,8,98,8,C000|C001|C002|C003|C004|C005|C006|C007,qwen:F00_Full_NoShape|qwen:F01_Full_WithShape|qwen:F10_Compact_NoShape|qwen:F11_Compact_WithShape|granite:F00_Full_NoShape|granite:F01_Full_WithShape|granite:F10_Compact_NoShape|granite:F11_Compact_WithShape,C000,qwen:F00_Full_NoShape,original_candidate_order
Q142,validation_rank_equal_budget_no_cf,7,98,7,C000|C001|C002|C003|C004|C005|C006,qwen:F00_Full_NoShape|qwen:F01_Full_WithShape|qwen:F10_Compact_NoShape|qwen:F11_Compact_WithShape|granite:F00_Full_NoShape|granite:F01_Full_WithShape|granite:F10_Compact_NoShape,C000,qwen:F00_Full_NoShape,original_candidate_order
Q143,validation_rank_equal_budget_no_cf,8,95,8,C000|C001|C002|C003|C004|C005|C006|C007,qwen:F00_Full_NoShape|qwen:F01_Full_WithShape|qwen:F10_Compact_NoShape|qwen:F11_Compact_WithShape|granite:F00_Full_NoShape|granite:F01_Full_WithShape|granite:F10_Compact_NoShape|granite:F11_Compact_WithShape,C000,qwen:F00_Full_NoShape,original_candidate_order
Q144,validation_rank_equal_budget_no_cf,8,95,8,C000|C001|C002|C003|C004|C005|C006|C007,qwen:F00_Full_NoShape|qwen:F01_Full_WithShape|qwen:F10_Compact_NoShape|qwen:F11_Compact_WithShape|granite:F00_Full_NoShape|granite:F01_Full_WithShape|granite:F10_Compact_NoShape|granite:F11_Compact_WithShape,C000,qwen:F00_Full_NoShape,original_candidate_order
Q145,validation_rank_equal_budget_no_cf,8,95,8,C000|C001|C002|C003|C004|C005|C006|C007,qwen:F00_Full_NoShape|qwen:F01_Full_WithShape|qwen:F10_Compact_NoShape|qwen:F11_Compact_WithShape|granite:F00_Full_NoShape|granite:F01_Full_WithShape|granite:F10_Compact_NoShape|granite:F11_Compact_WithShape,C000,qwen:F00_Full_NoShape,original_candidate_order
Q146,validation_rank_equal_budget_no_cf,8,95,8,C000|C001|C002|C003|C004|C005|C006|C007,qwen:F00_Full_NoShape|qwen:F01_Full_WithShape|qwen:F10_Compact_NoShape|qwen:F11_Compact_WithShape|granite:F00_Full_NoShape|granite:F01_Full_WithShape|granite:F10_Compact_NoShape|granite:F11_Compact_WithShape,C000,qwen:F00_Full_NoShape,original_candidate_order
Q147,validation_rank_equal_budget_no_cf,8,95,8,C000|C001|C002|C003|C004|C005|C006|C007,qwen:F00_Full_NoShape|qwen:F01_Full_WithShape|qwen:F10_Compact_NoShape|qwen:F11_Compact_WithShape|granite:F00_Full_NoShape|granite:F01_Full_WithShape|granite:F10_Compact_NoShape|granite:F11_Compact_WithShape,C000,qwen:F00_Full_NoShape,original_candidate_order
Q148,validation_rank_equal_budget_no_cf,8,95,8,C000|C001|C002|C003|C004|C005|C006|C007,qwen:F00_Full_NoShape|qwen:F01_Full_WithShape|qwen:F10_Compact_NoShape|qwen:F11_Compact_WithShape|granite:F00_Full_NoShape|granite:F01_Full_WithShape|granite:F10_Compact_NoShape|granite:F11_Compact_WithShape,C000,qwen:F00_Full_NoShape,original_candidate_order
Q149,validation_rank_equal_budget_no_cf,8,95,8,C000|C001|C002|C003|C004|C005|C006|C007,qwen:F00_Full_NoShape|qwen:F01_Full_WithShape|qwen:F10_Compact_NoShape|qwen:F11_Compact_WithShape|granite:F00_Full_NoShape|granite:F01_Full_WithShape|granite:F10_Compact_NoShape|granite:F11_Compact_WithShape,C000,qwen:F00_Full_NoShape,original_candidate_order
Q150,validation_rank_equal_budget_no_cf,8,95,8,C000|C001|C002|C003|C004|C005|C006|C007,qwen:F00_Full_NoShape|qwen:F01_Full_WithShape|qwen:F10_Compact_NoShape|qwen:F11_Compact_WithShape|granite:F00_Full_NoShape|granite:F01_Full_WithShape|granite:F10_Compact_NoShape|granite:F11_Compact_WithShape,C000,qwen:F00_Full_NoShape,original_candidate_order
Q151,validation_rank_equal_budget_no_cf,8,95,8,C000|C001|C002|C003|C004|C005|C006|C007,qwen:F00_Full_NoShape|qwen:F01_Full_WithShape|qwen:F10_Compact_NoShape|qwen:F11_Compact_WithShape|granite:F00_Full_NoShape|granite:F01_Full_WithShape|granite:F10_Compact_NoShape|granite:F11_Compact_WithShape,C000,qwen:F00_Full_NoShape,original_candidate_order
Q152,validation_rank_equal_budget_no_cf,8,95,8,C000|C001|C002|C003|C004|C005|C006|C007,qwen:F00_Full_NoShape|qwen:F01_Full_WithShape|qwen:F10_Compact_NoShape|qwen:F11_Compact_WithShape|granite:F00_Full_NoShape|granite:F01_Full_WithShape|granite:F10_Compact_NoShape|granite:F11_Compact_WithShape,C000,qwen:F00_Full_NoShape,original_candidate_order
Q153,validation_rank_equal_budget_no_cf,8,95,8,C000|C001|C002|C003|C004|C005|C006|C007,qwen:F00_Full_NoShape|qwen:F01_Full_WithShape|qwen:F10_Compact_NoShape|qwen:F11_Compact_WithShape|granite:F00_Full_NoShape|granite:F01_Full_WithShape|granite:F10_Compact_NoShape|granite:F11_Compact_WithShape,C000,qwen:F00_Full_NoShape,original_candidate_order
Q154,validation_rank_equal_budget_no_cf,8,95,8,C000|C001|C002|C003|C004|C005|C006|C007,qwen:F00_Full_NoShape|qwen:F01_Full_WithShape|qwen:F10_Compact_NoShape|qwen:F11_Compact_WithShape|granite:F00_Full_NoShape|granite:F01_Full_WithShape|granite:F10_Compact_NoShape|granite:F11_Compact_WithShape,C000,qwen:F00_Full_NoShape,original_candidate_order
Q155,validation_rank_equal_budget_no_cf,8,100,1,C001,qwen:F01_Full_WithShape,C001,qwen:F01_Full_WithShape,original_candidate_order
Q156,validation_rank_equal_budget_no_cf,8,100,1,C001,qwen:F01_Full_WithShape,C001,qwen:F01_Full_WithShape,original_candidate_order
Q157,validation_rank_equal_budget_no_cf,8,100,1,C001,qwen:F01_Full_WithShape,C001,qwen:F01_Full_WithShape,original_candidate_order
Q158,validation_rank_equal_budget_no_cf,8,100,2,C001|C003,qwen:F01_Full_WithShape|qwen:F11_Compact_WithShape,C001,qwen:F01_Full_WithShape,original_candidate_order
Q159,validation_rank_equal_budget_no_cf,8,100,1,C001,qwen:F01_Full_WithShape,C001,qwen:F01_Full_WithShape,original_candidate_order
Q160,validation_rank_equal_budget_no_cf,8,100,1,C001,qwen:F01_Full_WithShape,C001,qwen:F01_Full_WithShape,original_candidate_order
Q161,validation_rank_equal_budget_no_cf,8,100,1,C001,qwen:F01_Full_WithShape,C001,qwen:F01_Full_WithShape,original_candidate_order
Q162,validation_rank_equal_budget_no_cf,8,100,2,C001|C003,qwen:F01_Full_WithShape|qwen:F11_Compact_WithShape,C001,qwen:F01_Full_WithShape,original_candidate_order
Q163,validation_rank_equal_budget_no_cf,8,99,8,C000|C001|C002|C003|C004|C005|C006|C007,qwen:F00_Full_NoShape|qwen:F01_Full_WithShape|qwen:F10_Compact_NoShape|qwen:F11_Compact_WithShape|granite:F00_Full_NoShape|granite:F01_Full_WithShape|granite:F10_Compact_NoShape|granite:F11_Compact_WithShape,C000,qwen:F00_Full_NoShape,original_candidate_order
Q164,validation_rank_equal_budget_no_cf,8,100,8,C000|C001|C002|C003|C004|C005|C006|C007,qwen:F00_Full_NoShape|qwen:F01_Full_WithShape|qwen:F10_Compact_NoShape|qwen:F11_Compact_WithShape|granite:F00_Full_NoShape|granite:F01_Full_WithShape|granite:F10_Compact_NoShape|granite:F11_Compact_WithShape,C000,qwen:F00_Full_NoShape,original_candidate_order
Q165,validation_rank_equal_budget_no_cf,8,99,8,C000|C001|C002|C003|C004|C005|C006|C007,qwen:F00_Full_NoShape|qwen:F01_Full_WithShape|qwen:F10_Compact_NoShape|qwen:F11_Compact_WithShape|granite:F00_Full_NoShape|granite:F01_Full_WithShape|granite:F10_Compact_NoShape|granite:F11_Compact_WithShape,C000,qwen:F00_Full_NoShape,original_candidate_order
Q166,validation_rank_equal_budget_no_cf,8,99,8,C000|C001|C002|C003|C004|C005|C006|C007,qwen:F00_Full_NoShape|qwen:F01_Full_WithShape|qwen:F10_Compact_NoShape|qwen:F11_Compact_WithShape|granite:F00_Full_NoShape|granite:F01_Full_WithShape|granite:F10_Compact_NoShape|granite:F11_Compact_WithShape,C000,qwen:F00_Full_NoShape,original_candidate_order
Q167,validation_rank_equal_budget_no_cf,8,99,8,C000|C001|C002|C003|C004|C005|C006|C007,qwen:F00_Full_NoShape|qwen:F01_Full_WithShape|qwen:F10_Compact_NoShape|qwen:F11_Compact_WithShape|granite:F00_Full_NoShape|granite:F01_Full_WithShape|granite:F10_Compact_NoShape|granite:F11_Compact_WithShape,C000,qwen:F00_Full_NoShape,original_candidate_order
Q168,validation_rank_equal_budget_no_cf,8,99,8,C000|C001|C002|C003|C004|C005|C006|C007,qwen:F00_Full_NoShape|qwen:F01_Full_WithShape|qwen:F10_Compact_NoShape|qwen:F11_Compact_WithShape|granite:F00_Full_NoShape|granite:F01_Full_WithShape|granite:F10_Compact_NoShape|granite:F11_Compact_WithShape,C000,qwen:F00_Full_NoShape,original_candidate_order
Q169,validation_rank_equal_budget_no_cf,8,99,8,C000|C001|C002|C003|C004|C005|C006|C007,qwen:F00_Full_NoShape|qwen:F01_Full_WithShape|qwen:F10_Compact_NoShape|qwen:F11_Compact_WithShape|granite:F00_Full_NoShape|granite:F01_Full_WithShape|granite:F10_Compact_NoShape|granite:F11_Compact_WithShape,C000,qwen:F00_Full_NoShape,original_candidate_order
Q170,validation_rank_equal_budget_no_cf,8,100,1,C001,qwen:F01_Full_WithShape,C001,qwen:F01_Full_WithShape,original_candidate_order
Q171,validation_rank_equal_budget_no_cf,8,100,1,C001,qwen:F01_Full_WithShape,C001,qwen:F01_Full_WithShape,original_candidate_order
Q172,validation_rank_equal_budget_no_cf,8,100,1,C001,qwen:F01_Full_WithShape,C001,qwen:F01_Full_WithShape,original_candidate_order
Q173,validation_rank_equal_budget_no_cf,8,100,1,C001,qwen:F01_Full_WithShape,C001,qwen:F01_Full_WithShape,original_candidate_order
Q174,validation_rank_equal_budget_no_cf,7,100,1,C001,qwen:F01_Full_WithShape,C001,qwen:F01_Full_WithShape,original_candidate_order
Q175,validation_rank_equal_budget_no_cf,8,100,1,C001,qwen:F01_Full_WithShape,C001,qwen:F01_Full_WithShape,original_candidate_order
Q176,validation_rank_equal_budget_no_cf,7,100,1,C001,qwen:F01_Full_WithShape,C001,qwen:F01_Full_WithShape,original_candidate_order
Q177,validation_rank_equal_budget_no_cf,8,100,1,C001,qwen:F01_Full_WithShape,C001,qwen:F01_Full_WithShape,original_candidate_order
Q178,validation_rank_equal_budget_no_cf,7,100,1,C001,qwen:F01_Full_WithShape,C001,qwen:F01_Full_WithShape,original_candidate_order
Q179,validation_rank_equal_budget_no_cf,8,100,8,C000|C001|C002|C003|C004|C005|C006|C007,qwen:F00_Full_NoShape|qwen:F01_Full_WithShape|qwen:F10_Compact_NoShape|qwen:F11_Compact_WithShape|granite:F00_Full_NoShape|granite:F01_Full_WithShape|granite:F10_Compact_NoShape|granite:F11_Compact_WithShape,C000,qwen:F00_Full_NoShape,original_candidate_order
Q180,validation_rank_equal_budget_no_cf,8,100,8,C000|C001|C002|C003|C004|C005|C006|C007,qwen:F00_Full_NoShape|qwen:F01_Full_WithShape|qwen:F10_Compact_NoShape|qwen:F11_Compact_WithShape|granite:F00_Full_NoShape|granite:F01_Full_WithShape|granite:F10_Compact_NoShape|granite:F11_Compact_WithShape,C000,qwen:F00_Full_NoShape,original_candidate_order
Q181,validation_rank_equal_budget_no_cf,8,100,8,C000|C001|C002|C003|C004|C005|C006|C007,qwen:F00_Full_NoShape|qwen:F01_Full_WithShape|qwen:F10_Compact_NoShape|qwen:F11_Compact_WithShape|granite:F00_Full_NoShape|granite:F01_Full_WithShape|granite:F10_Compact_NoShape|granite:F11_Compact_WithShape,C000,qwen:F00_Full_NoShape,original_candidate_order
Q182,validation_rank_equal_budget_no_cf,8,100,8,C000|C001|C002|C003|C004|C005|C006|C007,qwen:F00_Full_NoShape|qwen:F01_Full_WithShape|qwen:F10_Compact_NoShape|qwen:F11_Compact_WithShape|granite:F00_Full_NoShape|granite:F01_Full_WithShape|granite:F10_Compact_NoShape|granite:F11_Compact_WithShape,C000,qwen:F00_Full_NoShape,original_candidate_order
Q183,validation_rank_equal_budget_no_cf,8,100,8,C000|C001|C002|C003|C004|C005|C006|C007,qwen:F00_Full_NoShape|qwen:F01_Full_WithShape|qwen:F10_Compact_NoShape|qwen:F11_Compact_WithShape|granite:F00_Full_NoShape|granite:F01_Full_WithShape|granite:F10_Compact_NoShape|granite:F11_Compact_WithShape,C000,qwen:F00_Full_NoShape,original_candidate_order
Q184,validation_rank_equal_budget_no_cf,8,100,8,C000|C001|C002|C003|C004|C005|C006|C007,qwen:F00_Full_NoShape|qwen:F01_Full_WithShape|qwen:F10_Compact_NoShape|qwen:F11_Compact_WithShape|granite:F00_Full_NoShape|granite:F01_Full_WithShape|granite:F10_Compact_NoShape|granite:F11_Compact_WithShape,C000,qwen:F00_Full_NoShape,original_candidate_order
Q185,validation_rank_equal_budget_no_cf,8,100,8,C000|C001|C002|C003|C004|C005|C006|C007,qwen:F00_Full_NoShape|qwen:F01_Full_WithShape|qwen:F10_Compact_NoShape|qwen:F11_Compact_WithShape|granite:F00_Full_NoShape|granite:F01_Full_WithShape|granite:F10_Compact_NoShape|granite:F11_Compact_WithShape,C000,qwen:F00_Full_NoShape,original_candidate_order
Q186,validation_rank_equal_budget_no_cf,8,100,8,C000|C001|C002|C003|C004|C005|C006|C007,qwen:F00_Full_NoShape|qwen:F01_Full_WithShape|qwen:F10_Compact_NoShape|qwen:F11_Compact_WithShape|granite:F00_Full_NoShape|granite:F01_Full_WithShape|granite:F10_Compact_NoShape|granite:F11_Compact_WithShape,C000,qwen:F00_Full_NoShape,original_candidate_order
Q187,validation_rank_equal_budget_no_cf,8,100,8,C000|C001|C002|C003|C004|C005|C006|C007,qwen:F00_Full_NoShape|qwen:F01_Full_WithShape|qwen:F10_Compact_NoShape|qwen:F11_Compact_WithShape|granite:F00_Full_NoShape|granite:F01_Full_WithShape|granite:F10_Compact_NoShape|granite:F11_Compact_WithShape,C000,qwen:F00_Full_NoShape,original_candidate_order
Q188,validation_rank_equal_budget_no_cf,8,100,8,C000|C001|C002|C003|C004|C005|C006|C007,qwen:F00_Full_NoShape|qwen:F01_Full_WithShape|qwen:F10_Compact_NoShape|qwen:F11_Compact_WithShape|granite:F00_Full_NoShape|granite:F01_Full_WithShape|granite:F10_Compact_NoShape|granite:F11_Compact_WithShape,C000,qwen:F00_Full_NoShape,original_candidate_order
Q189,validation_rank_equal_budget_no_cf,8,100,8,C000|C001|C002|C003|C004|C005|C006|C007,qwen:F00_Full_NoShape|qwen:F01_Full_WithShape|qwen:F10_Compact_NoShape|qwen:F11_Compact_WithShape|granite:F00_Full_NoShape|granite:F01_Full_WithShape|granite:F10_Compact_NoShape|granite:F11_Compact_WithShape,C000,qwen:F00_Full_NoShape,original_candidate_order
Q190,validation_rank_equal_budget_no_cf,8,100,8,C000|C001|C002|C003|C004|C005|C006|C007,qwen:F00_Full_NoShape|qwen:F01_Full_WithShape|qwen:F10_Compact_NoShape|qwen:F11_Compact_WithShape|granite:F00_Full_NoShape|granite:F01_Full_WithShape|granite:F10_Compact_NoShape|granite:F11_Compact_WithShape,C000,qwen:F00_Full_NoShape,original_candidate_order
Q191,validation_rank_equal_budget_no_cf,8,100,8,C000|C001|C002|C003|C004|C005|C006|C007,qwen:F00_Full_NoShape|qwen:F01_Full_WithShape|qwen:F10_Compact_NoShape|qwen:F11_Compact_WithShape|granite:F00_Full_NoShape|granite:F01_Full_WithShape|granite:F10_Compact_NoShape|granite:F11_Compact_WithShape,C000,qwen:F00_Full_NoShape,original_candidate_order
Q192,validation_rank_equal_budget_no_cf,8,100,8,C000|C001|C002|C003|C004|C005|C006|C007,qwen:F00_Full_NoShape|qwen:F01_Full_WithShape|qwen:F10_Compact_NoShape|qwen:F11_Compact_WithShape|granite:F00_Full_NoShape|granite:F01_Full_WithShape|granite:F10_Compact_NoShape|granite:F11_Compact_WithShape,C000,qwen:F00_Full_NoShape,original_candidate_order
Q193,validation_rank_equal_budget_no_cf,8,100,8,C000|C001|C002|C003|C004|C005|C006|C007,qwen:F00_Full_NoShape|qwen:F01_Full_WithShape|qwen:F10_Compact_NoShape|qwen:F11_Compact_WithShape|granite:F00_Full_NoShape|granite:F01_Full_WithShape|granite:F10_Compact_NoShape|granite:F11_Compact_WithShape,C000,qwen:F00_Full_NoShape,original_candidate_order
Q194,validation_rank_equal_budget_no_cf,8,99,6,C002|C003|C004|C005|C006|C007,qwen:F10_Compact_NoShape|qwen:F11_Compact_WithShape|granite:F00_Full_NoShape|granite:F01_Full_WithShape|granite:F10_Compact_NoShape|granite:F11_Compact_WithShape,C002,qwen:F10_Compact_NoShape,original_candidate_order
Q195,validation_rank_equal_budget_no_cf,8,98,6,C002|C003|C004|C005|C006|C007,qwen:F10_Compact_NoShape|qwen:F11_Compact_WithShape|granite:F00_Full_NoShape|granite:F01_Full_WithShape|granite:F10_Compact_NoShape|granite:F11_Compact_WithShape,C002,qwen:F10_Compact_NoShape,original_candidate_order
Q196,validation_rank_equal_budget_no_cf,7,98,5,C002|C003|C004|C006|C007,qwen:F10_Compact_NoShape|qwen:F11_Compact_WithShape|granite:F00_Full_NoShape|granite:F10_Compact_NoShape|granite:F11_Compact_WithShape,C002,qwen:F10_Compact_NoShape,original_candidate_order
Q197,validation_rank_equal_budget_no_cf,8,98,6,C002|C003|C004|C005|C006|C007,qwen:F10_Compact_NoShape|qwen:F11_Compact_WithShape|granite:F00_Full_NoShape|granite:F01_Full_WithShape|granite:F10_Compact_NoShape|granite:F11_Compact_WithShape,C002,qwen:F10_Compact_NoShape,original_candidate_order
Q198,validation_rank_equal_budget_no_cf,7,98,5,C002|C003|C004|C006|C007,qwen:F10_Compact_NoShape|qwen:F11_Compact_WithShape|granite:F00_Full_NoShape|granite:F10_Compact_NoShape|granite:F11_Compact_WithShape,C002,qwen:F10_Compact_NoShape,original_candidate_order
Q199,validation_rank_equal_budget_no_cf,7,98,5,C002|C003|C004|C006|C007,qwen:F10_Compact_NoShape|qwen:F11_Compact_WithShape|granite:F00_Full_NoShape|granite:F10_Compact_NoShape|granite:F11_Compact_WithShape,C002,qwen:F10_Compact_NoShape,original_candidate_order
Q200,validation_rank_equal_budget_no_cf,6,99,6,C000|C002|C004|C005|C006|C007,qwen:F00_Full_NoShape|qwen:F10_Compact_NoShape|granite:F00_Full_NoShape|granite:F01_Full_WithShape|granite:F10_Compact_NoShape|granite:F11_Compact_WithShape,C000,qwen:F00_Full_NoShape,original_candidate_order
Q021,full_coordination_complete_metamorphic,8,97,8,C000|C001|C002|C003|C004|C005|C006|C007,qwen:F00_Full_NoShape|qwen:F01_Full_WithShape|qwen:F10_Compact_NoShape|qwen:F11_Compact_WithShape|granite:F00_Full_NoShape|granite:F01_Full_WithShape|granite:F10_Compact_NoShape|granite:F11_Compact_WithShape,C000,qwen:F00_Full_NoShape,original_candidate_order
Q022,full_coordination_complete_metamorphic,8,97,8,C000|C001|C002|C003|C004|C005|C006|C007,qwen:F00_Full_NoShape|qwen:F01_Full_WithShape|qwen:F10_Compact_NoShape|qwen:F11_Compact_WithShape|granite:F00_Full_NoShape|granite:F01_Full_WithShape|granite:F10_Compact_NoShape|granite:F11_Compact_WithShape,C000,qwen:F00_Full_NoShape,original_candidate_order
Q023,full_coordination_complete_metamorphic,8,100,1,C001,qwen:F01_Full_WithShape,C001,qwen:F01_Full_WithShape,original_candidate_order
Q024,full_coordination_complete_metamorphic,8,96,8,C000|C001|C002|C003|C004|C005|C006|C007,qwen:F00_Full_NoShape|qwen:F01_Full_WithShape|qwen:F10_Compact_NoShape|qwen:F11_Compact_WithShape|granite:F00_Full_NoShape|granite:F01_Full_WithShape|granite:F10_Compact_NoShape|granite:F11_Compact_WithShape,C000,qwen:F00_Full_NoShape,original_candidate_order
Q025,full_coordination_complete_metamorphic,7,98,7,C000|C001|C002|C004|C005|C006|C007,qwen:F00_Full_NoShape|qwen:F01_Full_WithShape|qwen:F10_Compact_NoShape|granite:F00_Full_NoShape|granite:F01_Full_WithShape|granite:F10_Compact_NoShape|granite:F11_Compact_WithShape,C000,qwen:F00_Full_NoShape,original_candidate_order
Q026,full_coordination_complete_metamorphic,8,99,8,C000|C001|C002|C003|C004|C005|C006|C007,qwen:F00_Full_NoShape|qwen:F01_Full_WithShape|qwen:F10_Compact_NoShape|qwen:F11_Compact_WithShape|granite:F00_Full_NoShape|granite:F01_Full_WithShape|granite:F10_Compact_NoShape|granite:F11_Compact_WithShape,C000,qwen:F00_Full_NoShape,original_candidate_order
Q027,full_coordination_complete_metamorphic,8,95,8,C000|C001|C002|C003|C004|C005|C006|C007,qwen:F00_Full_NoShape|qwen:F01_Full_WithShape|qwen:F10_Compact_NoShape|qwen:F11_Compact_WithShape|granite:F00_Full_NoShape|granite:F01_Full_WithShape|granite:F10_Compact_NoShape|granite:F11_Compact_WithShape,C000,qwen:F00_Full_NoShape,original_candidate_order
Q028,full_coordination_complete_metamorphic,8,100,1,C002,qwen:F10_Compact_NoShape,C002,qwen:F10_Compact_NoShape,original_candidate_order
Q029,full_coordination_complete_metamorphic,8,99,8,C000|C001|C002|C003|C004|C005|C006|C007,qwen:F00_Full_NoShape|qwen:F01_Full_WithShape|qwen:F10_Compact_NoShape|qwen:F11_Compact_WithShape|granite:F00_Full_NoShape|granite:F01_Full_WithShape|granite:F10_Compact_NoShape|granite:F11_Compact_WithShape,C000,qwen:F00_Full_NoShape,original_candidate_order
Q030,full_coordination_complete_metamorphic,7,100,1,C001,qwen:F01_Full_WithShape,C001,qwen:F01_Full_WithShape,original_candidate_order
Q031,full_coordination_complete_metamorphic,6,100,4,C000|C001|C003|C005,qwen:F00_Full_NoShape|qwen:F01_Full_WithShape|qwen:F11_Compact_WithShape|granite:F01_Full_WithShape,C000,qwen:F00_Full_NoShape,original_candidate_order
Q032,full_coordination_complete_metamorphic,6,96,4,C002|C003|C004|C006,qwen:F10_Compact_NoShape|qwen:F11_Compact_WithShape|granite:F00_Full_NoShape|granite:F10_Compact_NoShape,C002,qwen:F10_Compact_NoShape,original_candidate_order
Q033,full_coordination_complete_metamorphic,8,95,8,C000|C001|C002|C003|C004|C005|C006|C007,qwen:F00_Full_NoShape|qwen:F01_Full_WithShape|qwen:F10_Compact_NoShape|qwen:F11_Compact_WithShape|granite:F00_Full_NoShape|granite:F01_Full_WithShape|granite:F10_Compact_NoShape|granite:F11_Compact_WithShape,C000,qwen:F00_Full_NoShape,original_candidate_order
Q034,full_coordination_complete_metamorphic,8,97,8,C000|C001|C002|C003|C004|C005|C006|C007,qwen:F00_Full_NoShape|qwen:F01_Full_WithShape|qwen:F10_Compact_NoShape|qwen:F11_Compact_WithShape|granite:F00_Full_NoShape|granite:F01_Full_WithShape|granite:F10_Compact_NoShape|granite:F11_Compact_WithShape,C000,qwen:F00_Full_NoShape,original_candidate_order
Q035,full_coordination_complete_metamorphic,8,100,3,C001|C003|C005,qwen:F01_Full_WithShape|qwen:F11_Compact_WithShape|granite:F01_Full_WithShape,C001,qwen:F01_Full_WithShape,original_candidate_order
Q036,full_coordination_complete_metamorphic,8,100,1,C001,qwen:F01_Full_WithShape,C001,qwen:F01_Full_WithShape,original_candidate_order
Q037,full_coordination_complete_metamorphic,8,98,8,C000|C001|C002|C003|C004|C005|C006|C007,qwen:F00_Full_NoShape|qwen:F01_Full_WithShape|qwen:F10_Compact_NoShape|qwen:F11_Compact_WithShape|granite:F00_Full_NoShape|granite:F01_Full_WithShape|granite:F10_Compact_NoShape|granite:F11_Compact_WithShape,C000,qwen:F00_Full_NoShape,original_candidate_order
Q038,full_coordination_complete_metamorphic,8,95,8,C000|C001|C002|C003|C004|C005|C006|C007,qwen:F00_Full_NoShape|qwen:F01_Full_WithShape|qwen:F10_Compact_NoShape|qwen:F11_Compact_WithShape|granite:F00_Full_NoShape|granite:F01_Full_WithShape|granite:F10_Compact_NoShape|granite:F11_Compact_WithShape,C000,qwen:F00_Full_NoShape,original_candidate_order
Q039,full_coordination_complete_metamorphic,6,98,6,C001|C002|C003|C005|C006|C007,qwen:F01_Full_WithShape|qwen:F10_Compact_NoShape|qwen:F11_Compact_WithShape|granite:F01_Full_WithShape|granite:F10_Compact_NoShape|granite:F11_Compact_WithShape,C001,qwen:F01_Full_WithShape,original_candidate_order
Q040,full_coordination_complete_metamorphic,6,96,6,C000|C001|C002|C003|C004|C005,qwen:F00_Full_NoShape|qwen:F01_Full_WithShape|qwen:F10_Compact_NoShape|qwen:F11_Compact_WithShape|granite:F00_Full_NoShape|granite:F01_Full_WithShape,C000,qwen:F00_Full_NoShape,original_candidate_order
Q041,full_coordination_complete_metamorphic,8,98,3,C000|C002|C003,qwen:F00_Full_NoShape|qwen:F10_Compact_NoShape|qwen:F11_Compact_WithShape,C000,qwen:F00_Full_NoShape,original_candidate_order
Q042,full_coordination_complete_metamorphic,8,97,8,C000|C001|C002|C003|C004|C005|C006|C007,qwen:F00_Full_NoShape|qwen:F01_Full_WithShape|qwen:F10_Compact_NoShape|qwen:F11_Compact_WithShape|granite:F00_Full_NoShape|granite:F01_Full_WithShape|granite:F10_Compact_NoShape|granite:F11_Compact_WithShape,C000,qwen:F00_Full_NoShape,original_candidate_order
Q043,full_coordination_complete_metamorphic,5,98,3,C002|C003|C005,qwen:F10_Compact_NoShape|qwen:F11_Compact_WithShape|granite:F01_Full_WithShape,C002,qwen:F10_Compact_NoShape,original_candidate_order
Q044,full_coordination_complete_metamorphic,8,99,8,C000|C001|C002|C003|C004|C005|C006|C007,qwen:F00_Full_NoShape|qwen:F01_Full_WithShape|qwen:F10_Compact_NoShape|qwen:F11_Compact_WithShape|granite:F00_Full_NoShape|granite:F01_Full_WithShape|granite:F10_Compact_NoShape|granite:F11_Compact_WithShape,C000,qwen:F00_Full_NoShape,original_candidate_order
Q045,full_coordination_complete_metamorphic,6,99,1,C001,qwen:F01_Full_WithShape,C001,qwen:F01_Full_WithShape,original_candidate_order
Q046,full_coordination_complete_metamorphic,8,97,8,C000|C001|C002|C003|C004|C005|C006|C007,qwen:F00_Full_NoShape|qwen:F01_Full_WithShape|qwen:F10_Compact_NoShape|qwen:F11_Compact_WithShape|granite:F00_Full_NoShape|granite:F01_Full_WithShape|granite:F10_Compact_NoShape|granite:F11_Compact_WithShape,C000,qwen:F00_Full_NoShape,original_candidate_order
Q047,full_coordination_complete_metamorphic,7,98,5,C001|C002|C003|C004|C006,qwen:F01_Full_WithShape|qwen:F10_Compact_NoShape|qwen:F11_Compact_WithShape|granite:F00_Full_NoShape|granite:F10_Compact_NoShape,C001,qwen:F01_Full_WithShape,original_candidate_order
Q048,full_coordination_complete_metamorphic,8,96,8,C000|C001|C002|C003|C004|C005|C006|C007,qwen:F00_Full_NoShape|qwen:F01_Full_WithShape|qwen:F10_Compact_NoShape|qwen:F11_Compact_WithShape|granite:F00_Full_NoShape|granite:F01_Full_WithShape|granite:F10_Compact_NoShape|granite:F11_Compact_WithShape,C000,qwen:F00_Full_NoShape,original_candidate_order
Q049,full_coordination_complete_metamorphic,6,100,2,C006|C007,granite:F10_Compact_NoShape|granite:F11_Compact_WithShape,C006,granite:F10_Compact_NoShape,original_candidate_order
Q050,full_coordination_complete_metamorphic,6,100,6,C000|C001|C004|C005|C006|C007,qwen:F00_Full_NoShape|qwen:F01_Full_WithShape|granite:F00_Full_NoShape|granite:F01_Full_WithShape|granite:F10_Compact_NoShape|granite:F11_Compact_WithShape,C000,qwen:F00_Full_NoShape,original_candidate_order
Q051,full_coordination_complete_metamorphic,7,99,7,C000|C001|C002|C003|C004|C005|C006,qwen:F00_Full_NoShape|qwen:F01_Full_WithShape|qwen:F10_Compact_NoShape|qwen:F11_Compact_WithShape|granite:F00_Full_NoShape|granite:F01_Full_WithShape|granite:F10_Compact_NoShape,C000,qwen:F00_Full_NoShape,original_candidate_order
Q052,full_coordination_complete_metamorphic,7,99,7,C000|C001|C003|C004|C005|C006|C007,qwen:F00_Full_NoShape|qwen:F01_Full_WithShape|qwen:F11_Compact_WithShape|granite:F00_Full_NoShape|granite:F01_Full_WithShape|granite:F10_Compact_NoShape|granite:F11_Compact_WithShape,C000,qwen:F00_Full_NoShape,original_candidate_order
Q053,full_coordination_complete_metamorphic,5,100,1,C001,qwen:F01_Full_WithShape,C001,qwen:F01_Full_WithShape,original_candidate_order
Q054,full_coordination_complete_metamorphic,8,98,8,C000|C001|C002|C003|C004|C005|C006|C007,qwen:F00_Full_NoShape|qwen:F01_Full_WithShape|qwen:F10_Compact_NoShape|qwen:F11_Compact_WithShape|granite:F00_Full_NoShape|granite:F01_Full_WithShape|granite:F10_Compact_NoShape|granite:F11_Compact_WithShape,C000,qwen:F00_Full_NoShape,original_candidate_order
Q055,full_coordination_complete_metamorphic,8,100,8,C000|C001|C002|C003|C004|C005|C006|C007,qwen:F00_Full_NoShape|qwen:F01_Full_WithShape|qwen:F10_Compact_NoShape|qwen:F11_Compact_WithShape|granite:F00_Full_NoShape|granite:F01_Full_WithShape|granite:F10_Compact_NoShape|granite:F11_Compact_WithShape,C000,qwen:F00_Full_NoShape,original_candidate_order
Q056,full_coordination_complete_metamorphic,8,98,1,C001,qwen:F01_Full_WithShape,C001,qwen:F01_Full_WithShape,original_candidate_order
Q057,full_coordination_complete_metamorphic,8,98,1,C004,granite:F00_Full_NoShape,C004,granite:F00_Full_NoShape,original_candidate_order
Q058,full_coordination_complete_metamorphic,8,98,8,C000|C001|C002|C003|C004|C005|C006|C007,qwen:F00_Full_NoShape|qwen:F01_Full_WithShape|qwen:F10_Compact_NoShape|qwen:F11_Compact_WithShape|granite:F00_Full_NoShape|granite:F01_Full_WithShape|granite:F10_Compact_NoShape|granite:F11_Compact_WithShape,C000,qwen:F00_Full_NoShape,original_candidate_order
Q059,full_coordination_complete_metamorphic,8,100,2,C001|C003,qwen:F01_Full_WithShape|qwen:F11_Compact_WithShape,C001,qwen:F01_Full_WithShape,original_candidate_order
Q060,full_coordination_complete_metamorphic,8,98,8,C000|C001|C002|C003|C004|C005|C006|C007,qwen:F00_Full_NoShape|qwen:F01_Full_WithShape|qwen:F10_Compact_NoShape|qwen:F11_Compact_WithShape|granite:F00_Full_NoShape|granite:F01_Full_WithShape|granite:F10_Compact_NoShape|granite:F11_Compact_WithShape,C000,qwen:F00_Full_NoShape,original_candidate_order
Q061,full_coordination_complete_metamorphic,8,98,6,C002|C003|C004|C005|C006|C007,qwen:F10_Compact_NoShape|qwen:F11_Compact_WithShape|granite:F00_Full_NoShape|granite:F01_Full_WithShape|granite:F10_Compact_NoShape|granite:F11_Compact_WithShape,C002,qwen:F10_Compact_NoShape,original_candidate_order
Q062,full_coordination_complete_metamorphic,7,100,1,C003,qwen:F11_Compact_WithShape,C003,qwen:F11_Compact_WithShape,original_candidate_order
Q063,full_coordination_complete_metamorphic,7,98,1,C001,qwen:F01_Full_WithShape,C001,qwen:F01_Full_WithShape,original_candidate_order
Q064,full_coordination_complete_metamorphic,6,99,2,C000|C002,qwen:F00_Full_NoShape|qwen:F10_Compact_NoShape,C000,qwen:F00_Full_NoShape,original_candidate_order
Q065,full_coordination_complete_metamorphic,8,96,8,C000|C001|C002|C003|C004|C005|C006|C007,qwen:F00_Full_NoShape|qwen:F01_Full_WithShape|qwen:F10_Compact_NoShape|qwen:F11_Compact_WithShape|granite:F00_Full_NoShape|granite:F01_Full_WithShape|granite:F10_Compact_NoShape|granite:F11_Compact_WithShape,C000,qwen:F00_Full_NoShape,original_candidate_order
Q066,full_coordination_complete_metamorphic,8,99,1,C001,qwen:F01_Full_WithShape,C001,qwen:F01_Full_WithShape,original_candidate_order
Q067,full_coordination_complete_metamorphic,8,99,8,C000|C001|C002|C003|C004|C005|C006|C007,qwen:F00_Full_NoShape|qwen:F01_Full_WithShape|qwen:F10_Compact_NoShape|qwen:F11_Compact_WithShape|granite:F00_Full_NoShape|granite:F01_Full_WithShape|granite:F10_Compact_NoShape|granite:F11_Compact_WithShape,C000,qwen:F00_Full_NoShape,original_candidate_order
Q068,full_coordination_complete_metamorphic,7,98,7,C000|C001|C002|C003|C004|C005|C007,qwen:F00_Full_NoShape|qwen:F01_Full_WithShape|qwen:F10_Compact_NoShape|qwen:F11_Compact_WithShape|granite:F00_Full_NoShape|granite:F01_Full_WithShape|granite:F11_Compact_WithShape,C000,qwen:F00_Full_NoShape,original_candidate_order
Q069,full_coordination_complete_metamorphic,8,99,8,C000|C001|C002|C003|C004|C005|C006|C007,qwen:F00_Full_NoShape|qwen:F01_Full_WithShape|qwen:F10_Compact_NoShape|qwen:F11_Compact_WithShape|granite:F00_Full_NoShape|granite:F01_Full_WithShape|granite:F10_Compact_NoShape|granite:F11_Compact_WithShape,C000,qwen:F00_Full_NoShape,original_candidate_order
Q070,full_coordination_complete_metamorphic,8,97,8,C000|C001|C002|C003|C004|C005|C006|C007,qwen:F00_Full_NoShape|qwen:F01_Full_WithShape|qwen:F10_Compact_NoShape|qwen:F11_Compact_WithShape|granite:F00_Full_NoShape|granite:F01_Full_WithShape|granite:F10_Compact_NoShape|granite:F11_Compact_WithShape,C000,qwen:F00_Full_NoShape,original_candidate_order
Q071,full_coordination_complete_metamorphic,5,98,1,C001,qwen:F01_Full_WithShape,C001,qwen:F01_Full_WithShape,original_candidate_order
Q072,full_coordination_complete_metamorphic,8,87,8,C000|C001|C002|C003|C004|C005|C006|C007,qwen:F00_Full_NoShape|qwen:F01_Full_WithShape|qwen:F10_Compact_NoShape|qwen:F11_Compact_WithShape|granite:F00_Full_NoShape|granite:F01_Full_WithShape|granite:F10_Compact_NoShape|granite:F11_Compact_WithShape,C000,qwen:F00_Full_NoShape,original_candidate_order
Q073,full_coordination_complete_metamorphic,8,100,1,C001,qwen:F01_Full_WithShape,C001,qwen:F01_Full_WithShape,original_candidate_order
Q074,full_coordination_complete_metamorphic,6,98,6,C000|C001|C003|C004|C005|C007,qwen:F00_Full_NoShape|qwen:F01_Full_WithShape|qwen:F11_Compact_WithShape|granite:F00_Full_NoShape|granite:F01_Full_WithShape|granite:F11_Compact_WithShape,C000,qwen:F00_Full_NoShape,original_candidate_order
Q075,full_coordination_complete_metamorphic,8,97,8,C000|C001|C002|C003|C004|C005|C006|C007,qwen:F00_Full_NoShape|qwen:F01_Full_WithShape|qwen:F10_Compact_NoShape|qwen:F11_Compact_WithShape|granite:F00_Full_NoShape|granite:F01_Full_WithShape|granite:F10_Compact_NoShape|granite:F11_Compact_WithShape,C000,qwen:F00_Full_NoShape,original_candidate_order
Q076,full_coordination_complete_metamorphic,4,100,1,C003,qwen:F11_Compact_WithShape,C003,qwen:F11_Compact_WithShape,original_candidate_order
Q077,full_coordination_complete_metamorphic,8,100,1,C001,qwen:F01_Full_WithShape,C001,qwen:F01_Full_WithShape,original_candidate_order
Q078,full_coordination_complete_metamorphic,8,99,4,C000|C001|C004|C005,qwen:F00_Full_NoShape|qwen:F01_Full_WithShape|granite:F00_Full_NoShape|granite:F01_Full_WithShape,C000,qwen:F00_Full_NoShape,original_candidate_order
Q079,full_coordination_complete_metamorphic,8,98,5,C000|C002|C004|C005|C006,qwen:F00_Full_NoShape|qwen:F10_Compact_NoShape|granite:F00_Full_NoShape|granite:F01_Full_WithShape|granite:F10_Compact_NoShape,C000,qwen:F00_Full_NoShape,original_candidate_order
Q080,full_coordination_complete_metamorphic,4,95,4,C000|C005|C006|C007,qwen:F00_Full_NoShape|granite:F01_Full_WithShape|granite:F10_Compact_NoShape|granite:F11_Compact_WithShape,C000,qwen:F00_Full_NoShape,original_candidate_order
Q081,full_coordination_complete_metamorphic,7,99,7,C000|C001|C002|C003|C004|C006|C007,qwen:F00_Full_NoShape|qwen:F01_Full_WithShape|qwen:F10_Compact_NoShape|qwen:F11_Compact_WithShape|granite:F00_Full_NoShape|granite:F10_Compact_NoShape|granite:F11_Compact_WithShape,C000,qwen:F00_Full_NoShape,original_candidate_order
Q082,full_coordination_complete_metamorphic,8,99,8,C000|C001|C002|C003|C004|C005|C006|C007,qwen:F00_Full_NoShape|qwen:F01_Full_WithShape|qwen:F10_Compact_NoShape|qwen:F11_Compact_WithShape|granite:F00_Full_NoShape|granite:F01_Full_WithShape|granite:F10_Compact_NoShape|granite:F11_Compact_WithShape,C000,qwen:F00_Full_NoShape,original_candidate_order
Q083,full_coordination_complete_metamorphic,7,99,7,C000|C001|C002|C003|C004|C006|C007,qwen:F00_Full_NoShape|qwen:F01_Full_WithShape|qwen:F10_Compact_NoShape|qwen:F11_Compact_WithShape|granite:F00_Full_NoShape|granite:F10_Compact_NoShape|granite:F11_Compact_WithShape,C000,qwen:F00_Full_NoShape,original_candidate_order
Q084,full_coordination_complete_metamorphic,7,99,7,C000|C001|C002|C003|C004|C006|C007,qwen:F00_Full_NoShape|qwen:F01_Full_WithShape|qwen:F10_Compact_NoShape|qwen:F11_Compact_WithShape|granite:F00_Full_NoShape|granite:F10_Compact_NoShape|granite:F11_Compact_WithShape,C000,qwen:F00_Full_NoShape,original_candidate_order
Q085,full_coordination_complete_metamorphic,7,100,7,C000|C001|C002|C003|C004|C006|C007,qwen:F00_Full_NoShape|qwen:F01_Full_WithShape|qwen:F10_Compact_NoShape|qwen:F11_Compact_WithShape|granite:F00_Full_NoShape|granite:F10_Compact_NoShape|granite:F11_Compact_WithShape,C000,qwen:F00_Full_NoShape,original_candidate_order
Q086,full_coordination_complete_metamorphic,7,100,7,C000|C001|C002|C003|C004|C006|C007,qwen:F00_Full_NoShape|qwen:F01_Full_WithShape|qwen:F10_Compact_NoShape|qwen:F11_Compact_WithShape|granite:F00_Full_NoShape|granite:F10_Compact_NoShape|granite:F11_Compact_WithShape,C000,qwen:F00_Full_NoShape,original_candidate_order
Q087,full_coordination_complete_metamorphic,8,99,8,C000|C001|C002|C003|C004|C005|C006|C007,qwen:F00_Full_NoShape|qwen:F01_Full_WithShape|qwen:F10_Compact_NoShape|qwen:F11_Compact_WithShape|granite:F00_Full_NoShape|granite:F01_Full_WithShape|granite:F10_Compact_NoShape|granite:F11_Compact_WithShape,C000,qwen:F00_Full_NoShape,original_candidate_order
Q088,full_coordination_complete_metamorphic,8,99,8,C000|C001|C002|C003|C004|C005|C006|C007,qwen:F00_Full_NoShape|qwen:F01_Full_WithShape|qwen:F10_Compact_NoShape|qwen:F11_Compact_WithShape|granite:F00_Full_NoShape|granite:F01_Full_WithShape|granite:F10_Compact_NoShape|granite:F11_Compact_WithShape,C000,qwen:F00_Full_NoShape,original_candidate_order
Q089,full_coordination_complete_metamorphic,7,99,7,C000|C001|C002|C003|C004|C006|C007,qwen:F00_Full_NoShape|qwen:F01_Full_WithShape|qwen:F10_Compact_NoShape|qwen:F11_Compact_WithShape|granite:F00_Full_NoShape|granite:F10_Compact_NoShape|granite:F11_Compact_WithShape,C000,qwen:F00_Full_NoShape,original_candidate_order
Q090,full_coordination_complete_metamorphic,7,100,7,C000|C001|C002|C003|C004|C005|C006,qwen:F00_Full_NoShape|qwen:F01_Full_WithShape|qwen:F10_Compact_NoShape|qwen:F11_Compact_WithShape|granite:F00_Full_NoShape|granite:F01_Full_WithShape|granite:F10_Compact_NoShape,C000,qwen:F00_Full_NoShape,original_candidate_order
Q091,full_coordination_complete_metamorphic,8,99,8,C000|C001|C002|C003|C004|C005|C006|C007,qwen:F00_Full_NoShape|qwen:F01_Full_WithShape|qwen:F10_Compact_NoShape|qwen:F11_Compact_WithShape|granite:F00_Full_NoShape|granite:F01_Full_WithShape|granite:F10_Compact_NoShape|granite:F11_Compact_WithShape,C000,qwen:F00_Full_NoShape,original_candidate_order
Q092,full_coordination_complete_metamorphic,7,100,7,C000|C001|C002|C003|C004|C006|C007,qwen:F00_Full_NoShape|qwen:F01_Full_WithShape|qwen:F10_Compact_NoShape|qwen:F11_Compact_WithShape|granite:F00_Full_NoShape|granite:F10_Compact_NoShape|granite:F11_Compact_WithShape,C000,qwen:F00_Full_NoShape,original_candidate_order
Q093,full_coordination_complete_metamorphic,7,99,7,C000|C001|C002|C003|C004|C006|C007,qwen:F00_Full_NoShape|qwen:F01_Full_WithShape|qwen:F10_Compact_NoShape|qwen:F11_Compact_WithShape|granite:F00_Full_NoShape|granite:F10_Compact_NoShape|granite:F11_Compact_WithShape,C000,qwen:F00_Full_NoShape,original_candidate_order
Q094,full_coordination_complete_metamorphic,8,99,8,C000|C001|C002|C003|C004|C005|C006|C007,qwen:F00_Full_NoShape|qwen:F01_Full_WithShape|qwen:F10_Compact_NoShape|qwen:F11_Compact_WithShape|granite:F00_Full_NoShape|granite:F01_Full_WithShape|granite:F10_Compact_NoShape|granite:F11_Compact_WithShape,C000,qwen:F00_Full_NoShape,original_candidate_order
Q095,full_coordination_complete_metamorphic,7,100,7,C000|C001|C002|C003|C004|C006|C007,qwen:F00_Full_NoShape|qwen:F01_Full_WithShape|qwen:F10_Compact_NoShape|qwen:F11_Compact_WithShape|granite:F00_Full_NoShape|granite:F10_Compact_NoShape|granite:F11_Compact_WithShape,C000,qwen:F00_Full_NoShape,original_candidate_order
Q096,full_coordination_complete_metamorphic,7,99,7,C000|C001|C002|C003|C004|C006|C007,qwen:F00_Full_NoShape|qwen:F01_Full_WithShape|qwen:F10_Compact_NoShape|qwen:F11_Compact_WithShape|granite:F00_Full_NoShape|granite:F10_Compact_NoShape|granite:F11_Compact_WithShape,C000,qwen:F00_Full_NoShape,original_candidate_order
Q097,full_coordination_complete_metamorphic,7,99,7,C000|C001|C002|C003|C004|C006|C007,qwen:F00_Full_NoShape|qwen:F01_Full_WithShape|qwen:F10_Compact_NoShape|qwen:F11_Compact_WithShape|granite:F00_Full_NoShape|granite:F10_Compact_NoShape|granite:F11_Compact_WithShape,C000,qwen:F00_Full_NoShape,original_candidate_order
Q098,full_coordination_complete_metamorphic,7,100,7,C000|C001|C002|C003|C004|C006|C007,qwen:F00_Full_NoShape|qwen:F01_Full_WithShape|qwen:F10_Compact_NoShape|qwen:F11_Compact_WithShape|granite:F00_Full_NoShape|granite:F10_Compact_NoShape|granite:F11_Compact_WithShape,C000,qwen:F00_Full_NoShape,original_candidate_order
Q099,full_coordination_complete_metamorphic,7,98,1,C001,qwen:F01_Full_WithShape,C001,qwen:F01_Full_WithShape,original_candidate_order
Q100,full_coordination_complete_metamorphic,7,98,1,C001,qwen:F01_Full_WithShape,C001,qwen:F01_Full_WithShape,original_candidate_order
Q101,full_coordination_complete_metamorphic,7,98,1,C001,qwen:F01_Full_WithShape,C001,qwen:F01_Full_WithShape,original_candidate_order
Q102,full_coordination_complete_metamorphic,7,98,1,C001,qwen:F01_Full_WithShape,C001,qwen:F01_Full_WithShape,original_candidate_order
Q103,full_coordination_complete_metamorphic,7,99,1,C001,qwen:F01_Full_WithShape,C001,qwen:F01_Full_WithShape,original_candidate_order
Q104,full_coordination_complete_metamorphic,7,99,1,C001,qwen:F01_Full_WithShape,C001,qwen:F01_Full_WithShape,original_candidate_order
Q105,full_coordination_complete_metamorphic,7,98,1,C001,qwen:F01_Full_WithShape,C001,qwen:F01_Full_WithShape,original_candidate_order
Q106,full_coordination_complete_metamorphic,7,98,1,C001,qwen:F01_Full_WithShape,C001,qwen:F01_Full_WithShape,original_candidate_order
Q107,full_coordination_complete_metamorphic,7,98,1,C001,qwen:F01_Full_WithShape,C001,qwen:F01_Full_WithShape,original_candidate_order
Q108,full_coordination_complete_metamorphic,7,99,1,C001,qwen:F01_Full_WithShape,C001,qwen:F01_Full_WithShape,original_candidate_order
Q109,full_coordination_complete_metamorphic,7,98,1,C001,qwen:F01_Full_WithShape,C001,qwen:F01_Full_WithShape,original_candidate_order
Q110,full_coordination_complete_metamorphic,7,99,1,C001,qwen:F01_Full_WithShape,C001,qwen:F01_Full_WithShape,original_candidate_order
Q111,full_coordination_complete_metamorphic,7,98,1,C001,qwen:F01_Full_WithShape,C001,qwen:F01_Full_WithShape,original_candidate_order
Q112,full_coordination_complete_metamorphic,7,98,1,C001,qwen:F01_Full_WithShape,C001,qwen:F01_Full_WithShape,original_candidate_order
Q113,full_coordination_complete_metamorphic,8,99,1,C001,qwen:F01_Full_WithShape,C001,qwen:F01_Full_WithShape,original_candidate_order
Q114,full_coordination_complete_metamorphic,7,98,1,C001,qwen:F01_Full_WithShape,C001,qwen:F01_Full_WithShape,original_candidate_order
Q115,full_coordination_complete_metamorphic,7,98,1,C001,qwen:F01_Full_WithShape,C001,qwen:F01_Full_WithShape,original_candidate_order
Q116,full_coordination_complete_metamorphic,7,99,1,C001,qwen:F01_Full_WithShape,C001,qwen:F01_Full_WithShape,original_candidate_order
Q117,full_coordination_complete_metamorphic,8,98,8,C000|C001|C002|C003|C004|C005|C006|C007,qwen:F00_Full_NoShape|qwen:F01_Full_WithShape|qwen:F10_Compact_NoShape|qwen:F11_Compact_WithShape|granite:F00_Full_NoShape|granite:F01_Full_WithShape|granite:F10_Compact_NoShape|granite:F11_Compact_WithShape,C000,qwen:F00_Full_NoShape,original_candidate_order
Q118,full_coordination_complete_metamorphic,7,98,7,C000|C001|C002|C003|C004|C005|C007,qwen:F00_Full_NoShape|qwen:F01_Full_WithShape|qwen:F10_Compact_NoShape|qwen:F11_Compact_WithShape|granite:F00_Full_NoShape|granite:F01_Full_WithShape|granite:F11_Compact_WithShape,C000,qwen:F00_Full_NoShape,original_candidate_order
Q119,full_coordination_complete_metamorphic,8,99,1,C002,qwen:F10_Compact_NoShape,C002,qwen:F10_Compact_NoShape,original_candidate_order
Q120,full_coordination_complete_metamorphic,8,99,8,C000|C001|C002|C003|C004|C005|C006|C007,qwen:F00_Full_NoShape|qwen:F01_Full_WithShape|qwen:F10_Compact_NoShape|qwen:F11_Compact_WithShape|granite:F00_Full_NoShape|granite:F01_Full_WithShape|granite:F10_Compact_NoShape|granite:F11_Compact_WithShape,C000,qwen:F00_Full_NoShape,original_candidate_order
Q121,full_coordination_complete_metamorphic,8,99,8,C000|C001|C002|C003|C004|C005|C006|C007,qwen:F00_Full_NoShape|qwen:F01_Full_WithShape|qwen:F10_Compact_NoShape|qwen:F11_Compact_WithShape|granite:F00_Full_NoShape|granite:F01_Full_WithShape|granite:F10_Compact_NoShape|granite:F11_Compact_WithShape,C000,qwen:F00_Full_NoShape,original_candidate_order
Q122,full_coordination_complete_metamorphic,7,98,7,C000|C001|C002|C003|C004|C005|C007,qwen:F00_Full_NoShape|qwen:F01_Full_WithShape|qwen:F10_Compact_NoShape|qwen:F11_Compact_WithShape|granite:F00_Full_NoShape|granite:F01_Full_WithShape|granite:F11_Compact_WithShape,C000,qwen:F00_Full_NoShape,original_candidate_order
Q123,full_coordination_complete_metamorphic,7,98,7,C000|C001|C002|C003|C004|C005|C007,qwen:F00_Full_NoShape|qwen:F01_Full_WithShape|qwen:F10_Compact_NoShape|qwen:F11_Compact_WithShape|granite:F00_Full_NoShape|granite:F01_Full_WithShape|granite:F11_Compact_WithShape,C000,qwen:F00_Full_NoShape,original_candidate_order
Q124,full_coordination_complete_metamorphic,8,99,8,C000|C001|C002|C003|C004|C005|C006|C007,qwen:F00_Full_NoShape|qwen:F01_Full_WithShape|qwen:F10_Compact_NoShape|qwen:F11_Compact_WithShape|granite:F00_Full_NoShape|granite:F01_Full_WithShape|granite:F10_Compact_NoShape|granite:F11_Compact_WithShape,C000,qwen:F00_Full_NoShape,original_candidate_order
Q125,full_coordination_complete_metamorphic,8,99,1,C002,qwen:F10_Compact_NoShape,C002,qwen:F10_Compact_NoShape,original_candidate_order
Q126,full_coordination_complete_metamorphic,7,98,7,C000|C001|C002|C003|C004|C005|C007,qwen:F00_Full_NoShape|qwen:F01_Full_WithShape|qwen:F10_Compact_NoShape|qwen:F11_Compact_WithShape|granite:F00_Full_NoShape|granite:F01_Full_WithShape|granite:F11_Compact_WithShape,C000,qwen:F00_Full_NoShape,original_candidate_order
Q127,full_coordination_complete_metamorphic,8,99,8,C000|C001|C002|C003|C004|C005|C006|C007,qwen:F00_Full_NoShape|qwen:F01_Full_WithShape|qwen:F10_Compact_NoShape|qwen:F11_Compact_WithShape|granite:F00_Full_NoShape|granite:F01_Full_WithShape|granite:F10_Compact_NoShape|granite:F11_Compact_WithShape,C000,qwen:F00_Full_NoShape,original_candidate_order
Q128,full_coordination_complete_metamorphic,8,98,8,C000|C001|C002|C003|C004|C005|C006|C007,qwen:F00_Full_NoShape|qwen:F01_Full_WithShape|qwen:F10_Compact_NoShape|qwen:F11_Compact_WithShape|granite:F00_Full_NoShape|granite:F01_Full_WithShape|granite:F10_Compact_NoShape|granite:F11_Compact_WithShape,C000,qwen:F00_Full_NoShape,original_candidate_order
Q129,full_coordination_complete_metamorphic,8,98,8,C000|C001|C002|C003|C004|C005|C006|C007,qwen:F00_Full_NoShape|qwen:F01_Full_WithShape|qwen:F10_Compact_NoShape|qwen:F11_Compact_WithShape|granite:F00_Full_NoShape|granite:F01_Full_WithShape|granite:F10_Compact_NoShape|granite:F11_Compact_WithShape,C000,qwen:F00_Full_NoShape,original_candidate_order
Q130,full_coordination_complete_metamorphic,7,99,7,C000|C001|C002|C003|C004|C005|C007,qwen:F00_Full_NoShape|qwen:F01_Full_WithShape|qwen:F10_Compact_NoShape|qwen:F11_Compact_WithShape|granite:F00_Full_NoShape|granite:F01_Full_WithShape|granite:F11_Compact_WithShape,C000,qwen:F00_Full_NoShape,original_candidate_order
Q131,full_coordination_complete_metamorphic,8,98,8,C000|C001|C002|C003|C004|C005|C006|C007,qwen:F00_Full_NoShape|qwen:F01_Full_WithShape|qwen:F10_Compact_NoShape|qwen:F11_Compact_WithShape|granite:F00_Full_NoShape|granite:F01_Full_WithShape|granite:F10_Compact_NoShape|granite:F11_Compact_WithShape,C000,qwen:F00_Full_NoShape,original_candidate_order
Q132,full_coordination_complete_metamorphic,8,98,8,C000|C001|C002|C003|C004|C005|C006|C007,qwen:F00_Full_NoShape|qwen:F01_Full_WithShape|qwen:F10_Compact_NoShape|qwen:F11_Compact_WithShape|granite:F00_Full_NoShape|granite:F01_Full_WithShape|granite:F10_Compact_NoShape|granite:F11_Compact_WithShape,C000,qwen:F00_Full_NoShape,original_candidate_order
Q133,full_coordination_complete_metamorphic,8,98,8,C000|C001|C002|C003|C004|C005|C006|C007,qwen:F00_Full_NoShape|qwen:F01_Full_WithShape|qwen:F10_Compact_NoShape|qwen:F11_Compact_WithShape|granite:F00_Full_NoShape|granite:F01_Full_WithShape|granite:F10_Compact_NoShape|granite:F11_Compact_WithShape,C000,qwen:F00_Full_NoShape,original_candidate_order
Q134,full_coordination_complete_metamorphic,8,98,8,C000|C001|C002|C003|C004|C005|C006|C007,qwen:F00_Full_NoShape|qwen:F01_Full_WithShape|qwen:F10_Compact_NoShape|qwen:F11_Compact_WithShape|granite:F00_Full_NoShape|granite:F01_Full_WithShape|granite:F10_Compact_NoShape|granite:F11_Compact_WithShape,C000,qwen:F00_Full_NoShape,original_candidate_order
Q135,full_coordination_complete_metamorphic,8,98,8,C000|C001|C002|C003|C004|C005|C006|C007,qwen:F00_Full_NoShape|qwen:F01_Full_WithShape|qwen:F10_Compact_NoShape|qwen:F11_Compact_WithShape|granite:F00_Full_NoShape|granite:F01_Full_WithShape|granite:F10_Compact_NoShape|granite:F11_Compact_WithShape,C000,qwen:F00_Full_NoShape,original_candidate_order
Q136,full_coordination_complete_metamorphic,7,98,7,C000|C001|C002|C003|C004|C005|C006,qwen:F00_Full_NoShape|qwen:F01_Full_WithShape|qwen:F10_Compact_NoShape|qwen:F11_Compact_WithShape|granite:F00_Full_NoShape|granite:F01_Full_WithShape|granite:F10_Compact_NoShape,C000,qwen:F00_Full_NoShape,original_candidate_order
Q137,full_coordination_complete_metamorphic,8,98,8,C000|C001|C002|C003|C004|C005|C006|C007,qwen:F00_Full_NoShape|qwen:F01_Full_WithShape|qwen:F10_Compact_NoShape|qwen:F11_Compact_WithShape|granite:F00_Full_NoShape|granite:F01_Full_WithShape|granite:F10_Compact_NoShape|granite:F11_Compact_WithShape,C000,qwen:F00_Full_NoShape,original_candidate_order
Q138,full_coordination_complete_metamorphic,8,98,7,C000|C001|C002|C003|C004|C006|C007,qwen:F00_Full_NoShape|qwen:F01_Full_WithShape|qwen:F10_Compact_NoShape|qwen:F11_Compact_WithShape|granite:F00_Full_NoShape|granite:F10_Compact_NoShape|granite:F11_Compact_WithShape,C000,qwen:F00_Full_NoShape,original_candidate_order
Q139,full_coordination_complete_metamorphic,8,98,8,C000|C001|C002|C003|C004|C005|C006|C007,qwen:F00_Full_NoShape|qwen:F01_Full_WithShape|qwen:F10_Compact_NoShape|qwen:F11_Compact_WithShape|granite:F00_Full_NoShape|granite:F01_Full_WithShape|granite:F10_Compact_NoShape|granite:F11_Compact_WithShape,C000,qwen:F00_Full_NoShape,original_candidate_order
Q140,full_coordination_complete_metamorphic,7,98,7,C000|C001|C002|C003|C004|C005|C006,qwen:F00_Full_NoShape|qwen:F01_Full_WithShape|qwen:F10_Compact_NoShape|qwen:F11_Compact_WithShape|granite:F00_Full_NoShape|granite:F01_Full_WithShape|granite:F10_Compact_NoShape,C000,qwen:F00_Full_NoShape,original_candidate_order
Q141,full_coordination_complete_metamorphic,8,98,8,C000|C001|C002|C003|C004|C005|C006|C007,qwen:F00_Full_NoShape|qwen:F01_Full_WithShape|qwen:F10_Compact_NoShape|qwen:F11_Compact_WithShape|granite:F00_Full_NoShape|granite:F01_Full_WithShape|granite:F10_Compact_NoShape|granite:F11_Compact_WithShape,C000,qwen:F00_Full_NoShape,original_candidate_order
Q142,full_coordination_complete_metamorphic,7,98,7,C000|C001|C002|C003|C004|C005|C006,qwen:F00_Full_NoShape|qwen:F01_Full_WithShape|qwen:F10_Compact_NoShape|qwen:F11_Compact_WithShape|granite:F00_Full_NoShape|granite:F01_Full_WithShape|granite:F10_Compact_NoShape,C000,qwen:F00_Full_NoShape,original_candidate_order
Q143,full_coordination_complete_metamorphic,8,95,8,C000|C001|C002|C003|C004|C005|C006|C007,qwen:F00_Full_NoShape|qwen:F01_Full_WithShape|qwen:F10_Compact_NoShape|qwen:F11_Compact_WithShape|granite:F00_Full_NoShape|granite:F01_Full_WithShape|granite:F10_Compact_NoShape|granite:F11_Compact_WithShape,C000,qwen:F00_Full_NoShape,original_candidate_order
Q144,full_coordination_complete_metamorphic,8,95,8,C000|C001|C002|C003|C004|C005|C006|C007,qwen:F00_Full_NoShape|qwen:F01_Full_WithShape|qwen:F10_Compact_NoShape|qwen:F11_Compact_WithShape|granite:F00_Full_NoShape|granite:F01_Full_WithShape|granite:F10_Compact_NoShape|granite:F11_Compact_WithShape,C000,qwen:F00_Full_NoShape,original_candidate_order
Q145,full_coordination_complete_metamorphic,8,95,8,C000|C001|C002|C003|C004|C005|C006|C007,qwen:F00_Full_NoShape|qwen:F01_Full_WithShape|qwen:F10_Compact_NoShape|qwen:F11_Compact_WithShape|granite:F00_Full_NoShape|granite:F01_Full_WithShape|granite:F10_Compact_NoShape|granite:F11_Compact_WithShape,C000,qwen:F00_Full_NoShape,original_candidate_order
Q146,full_coordination_complete_metamorphic,8,95,8,C000|C001|C002|C003|C004|C005|C006|C007,qwen:F00_Full_NoShape|qwen:F01_Full_WithShape|qwen:F10_Compact_NoShape|qwen:F11_Compact_WithShape|granite:F00_Full_NoShape|granite:F01_Full_WithShape|granite:F10_Compact_NoShape|granite:F11_Compact_WithShape,C000,qwen:F00_Full_NoShape,original_candidate_order
Q147,full_coordination_complete_metamorphic,8,95,8,C000|C001|C002|C003|C004|C005|C006|C007,qwen:F00_Full_NoShape|qwen:F01_Full_WithShape|qwen:F10_Compact_NoShape|qwen:F11_Compact_WithShape|granite:F00_Full_NoShape|granite:F01_Full_WithShape|granite:F10_Compact_NoShape|granite:F11_Compact_WithShape,C000,qwen:F00_Full_NoShape,original_candidate_order
Q148,full_coordination_complete_metamorphic,8,95,8,C000|C001|C002|C003|C004|C005|C006|C007,qwen:F00_Full_NoShape|qwen:F01_Full_WithShape|qwen:F10_Compact_NoShape|qwen:F11_Compact_WithShape|granite:F00_Full_NoShape|granite:F01_Full_WithShape|granite:F10_Compact_NoShape|granite:F11_Compact_WithShape,C000,qwen:F00_Full_NoShape,original_candidate_order
Q149,full_coordination_complete_metamorphic,8,95,8,C000|C001|C002|C003|C004|C005|C006|C007,qwen:F00_Full_NoShape|qwen:F01_Full_WithShape|qwen:F10_Compact_NoShape|qwen:F11_Compact_WithShape|granite:F00_Full_NoShape|granite:F01_Full_WithShape|granite:F10_Compact_NoShape|granite:F11_Compact_WithShape,C000,qwen:F00_Full_NoShape,original_candidate_order
Q150,full_coordination_complete_metamorphic,8,95,8,C000|C001|C002|C003|C004|C005|C006|C007,qwen:F00_Full_NoShape|qwen:F01_Full_WithShape|qwen:F10_Compact_NoShape|qwen:F11_Compact_WithShape|granite:F00_Full_NoShape|granite:F01_Full_WithShape|granite:F10_Compact_NoShape|granite:F11_Compact_WithShape,C000,qwen:F00_Full_NoShape,original_candidate_order
Q151,full_coordination_complete_metamorphic,8,95,8,C000|C001|C002|C003|C004|C005|C006|C007,qwen:F00_Full_NoShape|qwen:F01_Full_WithShape|qwen:F10_Compact_NoShape|qwen:F11_Compact_WithShape|granite:F00_Full_NoShape|granite:F01_Full_WithShape|granite:F10_Compact_NoShape|granite:F11_Compact_WithShape,C000,qwen:F00_Full_NoShape,original_candidate_order
Q152,full_coordination_complete_metamorphic,8,95,8,C000|C001|C002|C003|C004|C005|C006|C007,qwen:F00_Full_NoShape|qwen:F01_Full_WithShape|qwen:F10_Compact_NoShape|qwen:F11_Compact_WithShape|granite:F00_Full_NoShape|granite:F01_Full_WithShape|granite:F10_Compact_NoShape|granite:F11_Compact_WithShape,C000,qwen:F00_Full_NoShape,original_candidate_order
Q153,full_coordination_complete_metamorphic,8,95,8,C000|C001|C002|C003|C004|C005|C006|C007,qwen:F00_Full_NoShape|qwen:F01_Full_WithShape|qwen:F10_Compact_NoShape|qwen:F11_Compact_WithShape|granite:F00_Full_NoShape|granite:F01_Full_WithShape|granite:F10_Compact_NoShape|granite:F11_Compact_WithShape,C000,qwen:F00_Full_NoShape,original_candidate_order
Q154,full_coordination_complete_metamorphic,8,95,8,C000|C001|C002|C003|C004|C005|C006|C007,qwen:F00_Full_NoShape|qwen:F01_Full_WithShape|qwen:F10_Compact_NoShape|qwen:F11_Compact_WithShape|granite:F00_Full_NoShape|granite:F01_Full_WithShape|granite:F10_Compact_NoShape|granite:F11_Compact_WithShape,C000,qwen:F00_Full_NoShape,original_candidate_order
Q155,full_coordination_complete_metamorphic,7,100,1,C001,qwen:F01_Full_WithShape,C001,qwen:F01_Full_WithShape,original_candidate_order
Q156,full_coordination_complete_metamorphic,7,100,1,C001,qwen:F01_Full_WithShape,C001,qwen:F01_Full_WithShape,original_candidate_order
Q157,full_coordination_complete_metamorphic,8,100,1,C001,qwen:F01_Full_WithShape,C001,qwen:F01_Full_WithShape,original_candidate_order
Q158,full_coordination_complete_metamorphic,8,100,2,C001|C003,qwen:F01_Full_WithShape|qwen:F11_Compact_WithShape,C001,qwen:F01_Full_WithShape,original_candidate_order
Q159,full_coordination_complete_metamorphic,8,100,1,C001,qwen:F01_Full_WithShape,C001,qwen:F01_Full_WithShape,original_candidate_order
Q160,full_coordination_complete_metamorphic,8,100,1,C001,qwen:F01_Full_WithShape,C001,qwen:F01_Full_WithShape,original_candidate_order
Q161,full_coordination_complete_metamorphic,8,100,1,C001,qwen:F01_Full_WithShape,C001,qwen:F01_Full_WithShape,original_candidate_order
Q162,full_coordination_complete_metamorphic,8,100,2,C001|C003,qwen:F01_Full_WithShape|qwen:F11_Compact_WithShape,C001,qwen:F01_Full_WithShape,original_candidate_order
Q163,full_coordination_complete_metamorphic,8,99,8,C000|C001|C002|C003|C004|C005|C006|C007,qwen:F00_Full_NoShape|qwen:F01_Full_WithShape|qwen:F10_Compact_NoShape|qwen:F11_Compact_WithShape|granite:F00_Full_NoShape|granite:F01_Full_WithShape|granite:F10_Compact_NoShape|granite:F11_Compact_WithShape,C000,qwen:F00_Full_NoShape,original_candidate_order
Q164,full_coordination_complete_metamorphic,8,100,8,C000|C001|C002|C003|C004|C005|C006|C007,qwen:F00_Full_NoShape|qwen:F01_Full_WithShape|qwen:F10_Compact_NoShape|qwen:F11_Compact_WithShape|granite:F00_Full_NoShape|granite:F01_Full_WithShape|granite:F10_Compact_NoShape|granite:F11_Compact_WithShape,C000,qwen:F00_Full_NoShape,original_candidate_order
Q165,full_coordination_complete_metamorphic,8,99,8,C000|C001|C002|C003|C004|C005|C006|C007,qwen:F00_Full_NoShape|qwen:F01_Full_WithShape|qwen:F10_Compact_NoShape|qwen:F11_Compact_WithShape|granite:F00_Full_NoShape|granite:F01_Full_WithShape|granite:F10_Compact_NoShape|granite:F11_Compact_WithShape,C000,qwen:F00_Full_NoShape,original_candidate_order
Q166,full_coordination_complete_metamorphic,8,99,8,C000|C001|C002|C003|C004|C005|C006|C007,qwen:F00_Full_NoShape|qwen:F01_Full_WithShape|qwen:F10_Compact_NoShape|qwen:F11_Compact_WithShape|granite:F00_Full_NoShape|granite:F01_Full_WithShape|granite:F10_Compact_NoShape|granite:F11_Compact_WithShape,C000,qwen:F00_Full_NoShape,original_candidate_order
Q167,full_coordination_complete_metamorphic,8,99,8,C000|C001|C002|C003|C004|C005|C006|C007,qwen:F00_Full_NoShape|qwen:F01_Full_WithShape|qwen:F10_Compact_NoShape|qwen:F11_Compact_WithShape|granite:F00_Full_NoShape|granite:F01_Full_WithShape|granite:F10_Compact_NoShape|granite:F11_Compact_WithShape,C000,qwen:F00_Full_NoShape,original_candidate_order
Q168,full_coordination_complete_metamorphic,8,99,8,C000|C001|C002|C003|C004|C005|C006|C007,qwen:F00_Full_NoShape|qwen:F01_Full_WithShape|qwen:F10_Compact_NoShape|qwen:F11_Compact_WithShape|granite:F00_Full_NoShape|granite:F01_Full_WithShape|granite:F10_Compact_NoShape|granite:F11_Compact_WithShape,C000,qwen:F00_Full_NoShape,original_candidate_order
Q169,full_coordination_complete_metamorphic,8,99,8,C000|C001|C002|C003|C004|C005|C006|C007,qwen:F00_Full_NoShape|qwen:F01_Full_WithShape|qwen:F10_Compact_NoShape|qwen:F11_Compact_WithShape|granite:F00_Full_NoShape|granite:F01_Full_WithShape|granite:F10_Compact_NoShape|granite:F11_Compact_WithShape,C000,qwen:F00_Full_NoShape,original_candidate_order
Q170,full_coordination_complete_metamorphic,7,100,1,C001,qwen:F01_Full_WithShape,C001,qwen:F01_Full_WithShape,original_candidate_order
Q171,full_coordination_complete_metamorphic,7,100,1,C001,qwen:F01_Full_WithShape,C001,qwen:F01_Full_WithShape,original_candidate_order
Q172,full_coordination_complete_metamorphic,7,100,1,C001,qwen:F01_Full_WithShape,C001,qwen:F01_Full_WithShape,original_candidate_order
Q173,full_coordination_complete_metamorphic,7,100,1,C001,qwen:F01_Full_WithShape,C001,qwen:F01_Full_WithShape,original_candidate_order
Q174,full_coordination_complete_metamorphic,6,100,1,C001,qwen:F01_Full_WithShape,C001,qwen:F01_Full_WithShape,original_candidate_order
Q175,full_coordination_complete_metamorphic,8,100,1,C001,qwen:F01_Full_WithShape,C001,qwen:F01_Full_WithShape,original_candidate_order
Q176,full_coordination_complete_metamorphic,6,100,1,C001,qwen:F01_Full_WithShape,C001,qwen:F01_Full_WithShape,original_candidate_order
Q177,full_coordination_complete_metamorphic,7,100,1,C001,qwen:F01_Full_WithShape,C001,qwen:F01_Full_WithShape,original_candidate_order
Q178,full_coordination_complete_metamorphic,6,100,1,C001,qwen:F01_Full_WithShape,C001,qwen:F01_Full_WithShape,original_candidate_order
Q179,full_coordination_complete_metamorphic,8,100,8,C000|C001|C002|C003|C004|C005|C006|C007,qwen:F00_Full_NoShape|qwen:F01_Full_WithShape|qwen:F10_Compact_NoShape|qwen:F11_Compact_WithShape|granite:F00_Full_NoShape|granite:F01_Full_WithShape|granite:F10_Compact_NoShape|granite:F11_Compact_WithShape,C000,qwen:F00_Full_NoShape,original_candidate_order
Q180,full_coordination_complete_metamorphic,8,100,8,C000|C001|C002|C003|C004|C005|C006|C007,qwen:F00_Full_NoShape|qwen:F01_Full_WithShape|qwen:F10_Compact_NoShape|qwen:F11_Compact_WithShape|granite:F00_Full_NoShape|granite:F01_Full_WithShape|granite:F10_Compact_NoShape|granite:F11_Compact_WithShape,C000,qwen:F00_Full_NoShape,original_candidate_order
Q181,full_coordination_complete_metamorphic,8,100,8,C000|C001|C002|C003|C004|C005|C006|C007,qwen:F00_Full_NoShape|qwen:F01_Full_WithShape|qwen:F10_Compact_NoShape|qwen:F11_Compact_WithShape|granite:F00_Full_NoShape|granite:F01_Full_WithShape|granite:F10_Compact_NoShape|granite:F11_Compact_WithShape,C000,qwen:F00_Full_NoShape,original_candidate_order
Q182,full_coordination_complete_metamorphic,8,100,8,C000|C001|C002|C003|C004|C005|C006|C007,qwen:F00_Full_NoShape|qwen:F01_Full_WithShape|qwen:F10_Compact_NoShape|qwen:F11_Compact_WithShape|granite:F00_Full_NoShape|granite:F01_Full_WithShape|granite:F10_Compact_NoShape|granite:F11_Compact_WithShape,C000,qwen:F00_Full_NoShape,original_candidate_order
Q183,full_coordination_complete_metamorphic,8,100,8,C000|C001|C002|C003|C004|C005|C006|C007,qwen:F00_Full_NoShape|qwen:F01_Full_WithShape|qwen:F10_Compact_NoShape|qwen:F11_Compact_WithShape|granite:F00_Full_NoShape|granite:F01_Full_WithShape|granite:F10_Compact_NoShape|granite:F11_Compact_WithShape,C000,qwen:F00_Full_NoShape,original_candidate_order
Q184,full_coordination_complete_metamorphic,8,100,8,C000|C001|C002|C003|C004|C005|C006|C007,qwen:F00_Full_NoShape|qwen:F01_Full_WithShape|qwen:F10_Compact_NoShape|qwen:F11_Compact_WithShape|granite:F00_Full_NoShape|granite:F01_Full_WithShape|granite:F10_Compact_NoShape|granite:F11_Compact_WithShape,C000,qwen:F00_Full_NoShape,original_candidate_order
Q185,full_coordination_complete_metamorphic,8,100,8,C000|C001|C002|C003|C004|C005|C006|C007,qwen:F00_Full_NoShape|qwen:F01_Full_WithShape|qwen:F10_Compact_NoShape|qwen:F11_Compact_WithShape|granite:F00_Full_NoShape|granite:F01_Full_WithShape|granite:F10_Compact_NoShape|granite:F11_Compact_WithShape,C000,qwen:F00_Full_NoShape,original_candidate_order
Q186,full_coordination_complete_metamorphic,8,100,8,C000|C001|C002|C003|C004|C005|C006|C007,qwen:F00_Full_NoShape|qwen:F01_Full_WithShape|qwen:F10_Compact_NoShape|qwen:F11_Compact_WithShape|granite:F00_Full_NoShape|granite:F01_Full_WithShape|granite:F10_Compact_NoShape|granite:F11_Compact_WithShape,C000,qwen:F00_Full_NoShape,original_candidate_order
Q187,full_coordination_complete_metamorphic,8,100,8,C000|C001|C002|C003|C004|C005|C006|C007,qwen:F00_Full_NoShape|qwen:F01_Full_WithShape|qwen:F10_Compact_NoShape|qwen:F11_Compact_WithShape|granite:F00_Full_NoShape|granite:F01_Full_WithShape|granite:F10_Compact_NoShape|granite:F11_Compact_WithShape,C000,qwen:F00_Full_NoShape,original_candidate_order
Q188,full_coordination_complete_metamorphic,8,100,8,C000|C001|C002|C003|C004|C005|C006|C007,qwen:F00_Full_NoShape|qwen:F01_Full_WithShape|qwen:F10_Compact_NoShape|qwen:F11_Compact_WithShape|granite:F00_Full_NoShape|granite:F01_Full_WithShape|granite:F10_Compact_NoShape|granite:F11_Compact_WithShape,C000,qwen:F00_Full_NoShape,original_candidate_order
Q189,full_coordination_complete_metamorphic,8,100,8,C000|C001|C002|C003|C004|C005|C006|C007,qwen:F00_Full_NoShape|qwen:F01_Full_WithShape|qwen:F10_Compact_NoShape|qwen:F11_Compact_WithShape|granite:F00_Full_NoShape|granite:F01_Full_WithShape|granite:F10_Compact_NoShape|granite:F11_Compact_WithShape,C000,qwen:F00_Full_NoShape,original_candidate_order
Q190,full_coordination_complete_metamorphic,8,100,8,C000|C001|C002|C003|C004|C005|C006|C007,qwen:F00_Full_NoShape|qwen:F01_Full_WithShape|qwen:F10_Compact_NoShape|qwen:F11_Compact_WithShape|granite:F00_Full_NoShape|granite:F01_Full_WithShape|granite:F10_Compact_NoShape|granite:F11_Compact_WithShape,C000,qwen:F00_Full_NoShape,original_candidate_order
Q191,full_coordination_complete_metamorphic,8,100,8,C000|C001|C002|C003|C004|C005|C006|C007,qwen:F00_Full_NoShape|qwen:F01_Full_WithShape|qwen:F10_Compact_NoShape|qwen:F11_Compact_WithShape|granite:F00_Full_NoShape|granite:F01_Full_WithShape|granite:F10_Compact_NoShape|granite:F11_Compact_WithShape,C000,qwen:F00_Full_NoShape,original_candidate_order
Q192,full_coordination_complete_metamorphic,8,100,8,C000|C001|C002|C003|C004|C005|C006|C007,qwen:F00_Full_NoShape|qwen:F01_Full_WithShape|qwen:F10_Compact_NoShape|qwen:F11_Compact_WithShape|granite:F00_Full_NoShape|granite:F01_Full_WithShape|granite:F10_Compact_NoShape|granite:F11_Compact_WithShape,C000,qwen:F00_Full_NoShape,original_candidate_order
Q193,full_coordination_complete_metamorphic,8,100,8,C000|C001|C002|C003|C004|C005|C006|C007,qwen:F00_Full_NoShape|qwen:F01_Full_WithShape|qwen:F10_Compact_NoShape|qwen:F11_Compact_WithShape|granite:F00_Full_NoShape|granite:F01_Full_WithShape|granite:F10_Compact_NoShape|granite:F11_Compact_WithShape,C000,qwen:F00_Full_NoShape,original_candidate_order
Q194,full_coordination_complete_metamorphic,8,99,6,C002|C003|C004|C005|C006|C007,qwen:F10_Compact_NoShape|qwen:F11_Compact_WithShape|granite:F00_Full_NoShape|granite:F01_Full_WithShape|granite:F10_Compact_NoShape|granite:F11_Compact_WithShape,C002,qwen:F10_Compact_NoShape,original_candidate_order
Q195,full_coordination_complete_metamorphic,8,98,6,C002|C003|C004|C005|C006|C007,qwen:F10_Compact_NoShape|qwen:F11_Compact_WithShape|granite:F00_Full_NoShape|granite:F01_Full_WithShape|granite:F10_Compact_NoShape|granite:F11_Compact_WithShape,C002,qwen:F10_Compact_NoShape,original_candidate_order
Q196,full_coordination_complete_metamorphic,7,98,5,C002|C003|C004|C006|C007,qwen:F10_Compact_NoShape|qwen:F11_Compact_WithShape|granite:F00_Full_NoShape|granite:F10_Compact_NoShape|granite:F11_Compact_WithShape,C002,qwen:F10_Compact_NoShape,original_candidate_order
Q197,full_coordination_complete_metamorphic,8,98,6,C002|C003|C004|C005|C006|C007,qwen:F10_Compact_NoShape|qwen:F11_Compact_WithShape|granite:F00_Full_NoShape|granite:F01_Full_WithShape|granite:F10_Compact_NoShape|granite:F11_Compact_WithShape,C002,qwen:F10_Compact_NoShape,original_candidate_order
Q198,full_coordination_complete_metamorphic,7,98,5,C002|C003|C004|C006|C007,qwen:F10_Compact_NoShape|qwen:F11_Compact_WithShape|granite:F00_Full_NoShape|granite:F10_Compact_NoShape|granite:F11_Compact_WithShape,C002,qwen:F10_Compact_NoShape,original_candidate_order
Q199,full_coordination_complete_metamorphic,7,98,5,C002|C003|C004|C006|C007,qwen:F10_Compact_NoShape|qwen:F11_Compact_WithShape|granite:F00_Full_NoShape|granite:F10_Compact_NoShape|granite:F11_Compact_WithShape,C002,qwen:F10_Compact_NoShape,original_candidate_order
Q200,full_coordination_complete_metamorphic,6,99,6,C000|C002|C004|C005|C006|C007,qwen:F00_Full_NoShape|qwen:F10_Compact_NoShape|granite:F00_Full_NoShape|granite:F01_Full_WithShape|granite:F10_Compact_NoShape|granite:F11_Compact_WithShape,C000,qwen:F00_Full_NoShape,original_candidate_order
