scenario,method,method_type,seed_index,front_points,hv_reported_empirical_ref1p1_clipped,hv_reported_empirical_ref1p1_unclipped,hv_expanded_empirical_ref1p1_unclipped,hv_analytic_ref1p1_unclipped,hv_analytic_ref1p2_unclipped,reported_below_zero_coordinates,reported_above_one_coordinates,reported_clipped_points,expanded_below_zero_coordinates,expanded_above_one_coordinates,expanded_clipped_points,analytic_below_zero_coordinates,analytic_above_one_coordinates,analytic_clipped_points
benchmark_portfolio_optimization,TRACE-MOEA,shared_custom_moea,0,38,0.1747412993,0.1896334840,0.2038742952,0.0273574174,0.1057399136,3,0,3,0,0,0,0,0,0
benchmark_portfolio_optimization,TRACE-MOEA,shared_custom_moea,1,39,0.1767807179,0.1948904130,0.2084326848,0.0270926363,0.1046079180,2,0,2,0,0,0,0,0,0
benchmark_portfolio_optimization,TRACE-MOEA,shared_custom_moea,2,39,0.1747036350,0.1993836502,0.2137206609,0.0273826225,0.1065252664,3,0,3,0,0,0,0,0,0
benchmark_portfolio_optimization,TRACE-MOEA,shared_custom_moea,3,38,0.1779222236,0.2015927505,0.2148780378,0.0272523827,0.1051370768,4,0,4,0,0,0,0,0,0
benchmark_portfolio_optimization,TRACE-MOEA,shared_custom_moea,4,38,0.1767009910,0.2292980506,0.2398079548,0.0279360769,0.1072005460,4,0,4,1,0,1,0,0,0
benchmark_portfolio_optimization,TRACE-MOEA,shared_custom_moea,5,39,0.1729494684,0.2146237191,0.2271216867,0.0277010079,0.1072297613,8,0,8,1,0,1,0,0,0
benchmark_portfolio_optimization,TRACE-MOEA,shared_custom_moea,6,39,0.1734979808,0.1775358070,0.1947498480,0.0256086165,0.1011512094,3,0,3,0,0,0,0,0,0
benchmark_portfolio_optimization,TRACE-MOEA,shared_custom_moea,7,39,0.1744697601,0.1930880611,0.2078974286,0.0280972049,0.1077355598,5,0,5,0,0,0,0,0,0
benchmark_portfolio_optimization,TRACE-MOEA,shared_custom_moea,8,39,0.1763216953,0.1962805169,0.2103947822,0.0277660076,0.1068748968,4,0,4,0,0,0,0,0,0
benchmark_portfolio_optimization,TRACE-MOEA,shared_custom_moea,9,39,0.1752465868,0.2069367567,0.2187337927,0.0276928875,0.1062009743,7,0,7,0,0,0,0,0,0
benchmark_portfolio_optimization,TRACE-MOEA,shared_custom_moea,10,39,0.1763675777,0.2160316970,0.2272065527,0.0277659424,0.1074019864,7,0,7,1,0,1,0,0,0
benchmark_portfolio_optimization,TRACE-MOEA,shared_custom_moea,11,39,0.1762561575,0.1762561575,0.1910686159,0.0256071634,0.0998960420,0,0,0,0,0,0,0,0,0
benchmark_portfolio_optimization,TRACE-MOEA,shared_custom_moea,12,39,0.1740488126,0.2186607597,0.2276423992,0.0268341476,0.1016032654,6,0,6,2,0,2,0,0,0
benchmark_portfolio_optimization,TRACE-MOEA,shared_custom_moea,13,38,0.1753928336,0.2204385665,0.2323918307,0.0281431775,0.1083667106,5,0,5,2,0,2,0,0,0
benchmark_portfolio_optimization,TRACE-MOEA,shared_custom_moea,14,39,0.1670104322,0.1670104322,0.1852255044,0.0255392222,0.1003373738,0,0,0,0,0,0,0,0,0
benchmark_portfolio_optimization,TRACE-MOEA,shared_custom_moea,15,38,0.1716482470,0.1912264997,0.2058543468,0.0278724930,0.1060686875,3,0,3,0,0,0,0,0,0
benchmark_portfolio_optimization,TRACE-MOEA,shared_custom_moea,16,39,0.1698196291,0.2161385433,0.2264383028,0.0271007158,0.1038958862,7,0,7,2,0,2,0,0,0
benchmark_portfolio_optimization,TRACE-MOEA,shared_custom_moea,17,38,0.1694164713,0.2042429280,0.2165593238,0.0271539188,0.1036038068,4,0,4,1,0,1,0,0,0
benchmark_portfolio_optimization,TRACE-MOEA,shared_custom_moea,18,40,0.1788489092,0.2146760111,0.2256329391,0.0274466362,0.1061133194,7,0,7,1,0,1,0,0,0
benchmark_portfolio_optimization,TRACE-MOEA,shared_custom_moea,19,38,0.1719928673,0.2117200379,0.2237122960,0.0272336815,0.1051060056,5,0,5,1,0,1,0,0,0
benchmark_portfolio_optimization,TRACE-MOEA,shared_custom_moea,20,39,0.1745786672,0.2248121074,0.2339147456,0.0266194130,0.1039750623,7,0,7,4,0,4,0,0,0
benchmark_portfolio_optimization,TRACE-MOEA,shared_custom_moea,21,38,0.1758020174,0.2149156189,0.2239685117,0.0260844064,0.1015568417,5,0,5,2,0,2,0,0,0
benchmark_portfolio_optimization,TRACE-MOEA,shared_custom_moea,22,39,0.1736566950,0.2094797886,0.2223391149,0.0267477879,0.1049044634,5,0,5,1,0,1,0,0,0
benchmark_portfolio_optimization,TRACE-MOEA,shared_custom_moea,23,39,0.1764091593,0.1863864393,0.2012090582,0.0266036434,0.1038635084,2,0,2,0,0,0,0,0,0
benchmark_portfolio_optimization,TRACE-MOEA,shared_custom_moea,24,39,0.1756639604,0.2341505328,0.2440437184,0.0289799854,0.1108514251,6,0,6,3,0,3,0,0,0
benchmark_portfolio_optimization,TRACE-MOEA,shared_custom_moea,25,38,0.1746948246,0.2104437848,0.2231875530,0.0283767311,0.1090758043,6,0,6,1,0,1,0,0,0
benchmark_portfolio_optimization,TRACE-MOEA,shared_custom_moea,26,39,0.1777091442,0.2244131977,0.2345652343,0.0279374139,0.1077867932,8,0,8,2,0,2,0,0,0
benchmark_portfolio_optimization,TRACE-MOEA,shared_custom_moea,27,39,0.1727494103,0.2032301926,0.2183482992,0.0284075183,0.1089763288,6,0,6,0,0,0,0,0,0
benchmark_portfolio_optimization,TRACE-MOEA,shared_custom_moea,28,39,0.1741958237,0.2191189281,0.2309529225,0.0279386998,0.1078212415,5,0,5,1,0,1,0,0,0
benchmark_portfolio_optimization,TRACE-MOEA,shared_custom_moea,29,39,0.1728548553,0.2128762931,0.2244865948,0.0265493875,0.1034861546,3,0,3,1,0,1,0,0,0
benchmark_portfolio_optimization,Ablation-NoPreferenceRanking,shared_custom_moea,0,39,0.1761701964,0.2061892815,0.2189192982,0.0272768330,0.1063026957,4,0,4,0,0,0,0,0,0
benchmark_portfolio_optimization,Ablation-NoPreferenceRanking,shared_custom_moea,1,39,0.1742930686,0.2050320605,0.2183438556,0.0274764331,0.1063614155,4,0,4,0,0,0,0,0,0
benchmark_portfolio_optimization,Ablation-NoPreferenceRanking,shared_custom_moea,2,37,0.1756056144,0.1813294974,0.1974899042,0.0245418412,0.0968303051,2,0,2,0,0,0,0,0,0
benchmark_portfolio_optimization,Ablation-NoPreferenceRanking,shared_custom_moea,3,38,0.1755891226,0.1854628221,0.2013596913,0.0264234672,0.1030279496,2,0,2,0,0,0,0,0,0
benchmark_portfolio_optimization,Ablation-NoPreferenceRanking,shared_custom_moea,4,39,0.1739915523,0.2064315022,0.2198852112,0.0273439472,0.1059087276,5,0,5,0,0,0,0,0,0
benchmark_portfolio_optimization,Ablation-NoPreferenceRanking,shared_custom_moea,5,38,0.1721089462,0.2043875528,0.2194963264,0.0264125909,0.1041874183,5,0,5,0,0,0,0,0,0
benchmark_portfolio_optimization,Ablation-NoPreferenceRanking,shared_custom_moea,6,37,0.1749523811,0.1761015312,0.1927933225,0.0262240546,0.1027642486,1,0,1,0,0,0,0,0,0
benchmark_portfolio_optimization,Ablation-NoPreferenceRanking,shared_custom_moea,7,39,0.1732549879,0.1880429543,0.2043615482,0.0265265056,0.1040487429,3,0,3,0,0,0,0,0,0
benchmark_portfolio_optimization,Ablation-NoPreferenceRanking,shared_custom_moea,8,39,0.1731904777,0.1864570971,0.2030113483,0.0262338079,0.1027689415,3,0,3,0,0,0,0,0,0
benchmark_portfolio_optimization,Ablation-NoPreferenceRanking,shared_custom_moea,9,39,0.1738247964,0.1902749928,0.2060547848,0.0271866595,0.1055306819,3,0,3,0,0,0,0,0,0
benchmark_portfolio_optimization,Ablation-NoPreferenceRanking,shared_custom_moea,10,38,0.1760279586,0.2074645320,0.2198920538,0.0270195621,0.1049287991,5,0,5,0,0,0,0,0,0
benchmark_portfolio_optimization,Ablation-NoPreferenceRanking,shared_custom_moea,11,39,0.1739456770,0.2016907143,0.2159182414,0.0271611068,0.1054946197,5,0,5,0,0,0,0,0,0
benchmark_portfolio_optimization,Ablation-NoPreferenceRanking,shared_custom_moea,12,38,0.1739346115,0.2082847508,0.2222821866,0.0276201602,0.1065344538,6,0,6,1,0,1,0,0,0
benchmark_portfolio_optimization,Ablation-NoPreferenceRanking,shared_custom_moea,13,39,0.1764790194,0.2013275116,0.2155932718,0.0252237133,0.0996625130,4,0,4,0,0,0,0,0,0
benchmark_portfolio_optimization,Ablation-NoPreferenceRanking,shared_custom_moea,14,39,0.1751812312,0.1895733650,0.2047099513,0.0276660527,0.1062086953,3,0,3,0,0,0,0,0,0
benchmark_portfolio_optimization,Ablation-NoPreferenceRanking,shared_custom_moea,15,38,0.1736819168,0.1924624204,0.2084945283,0.0260353570,0.1029038073,3,0,3,0,0,0,0,0,0
benchmark_portfolio_optimization,Ablation-NoPreferenceRanking,shared_custom_moea,16,39,0.1743739299,0.1804832804,0.1973168538,0.0265153439,0.1035290220,2,0,2,0,0,0,0,0,0
benchmark_portfolio_optimization,Ablation-NoPreferenceRanking,shared_custom_moea,17,38,0.1773250353,0.2144009213,0.2259894705,0.0279892617,0.1081712601,6,0,6,1,0,1,0,0,0
benchmark_portfolio_optimization,Ablation-NoPreferenceRanking,shared_custom_moea,18,39,0.1733717429,0.2032759165,0.2175126780,0.0276185186,0.1066312930,5,0,5,0,0,0,0,0,0
benchmark_portfolio_optimization,Ablation-NoPreferenceRanking,shared_custom_moea,19,38,0.1745569600,0.2138824288,0.2263272757,0.0284393465,0.1089899419,7,0,7,2,0,2,0,0,0
benchmark_portfolio_optimization,Ablation-NoPreferenceRanking,shared_custom_moea,20,39,0.1749063811,0.1837445929,0.1994692309,0.0265170039,0.1036790964,2,0,2,0,0,0,0,0,0
benchmark_portfolio_optimization,Ablation-NoPreferenceRanking,shared_custom_moea,21,38,0.1732610968,0.2330515478,0.2441726368,0.0282477852,0.1093930280,7,0,7,4,0,4,0,0,0
benchmark_portfolio_optimization,Ablation-NoPreferenceRanking,shared_custom_moea,22,39,0.1739212867,0.2229498083,0.2348644734,0.0275397509,0.1073329717,8,0,8,2,0,2,0,0,0
benchmark_portfolio_optimization,Ablation-NoPreferenceRanking,shared_custom_moea,23,39,0.1730771166,0.1732757296,0.1915251661,0.0254071178,0.1003872233,1,0,1,0,0,0,0,0,0
benchmark_portfolio_optimization,Ablation-NoPreferenceRanking,shared_custom_moea,24,38,0.1733491242,0.1739228643,0.1899357837,0.0227382758,0.0923292393,1,0,1,0,0,0,0,0,0
benchmark_portfolio_optimization,Ablation-NoPreferenceRanking,shared_custom_moea,25,39,0.1731520443,0.1868247275,0.2031184744,0.0269171818,0.1046536653,4,0,4,0,0,0,0,0,0
benchmark_portfolio_optimization,Ablation-NoPreferenceRanking,shared_custom_moea,26,39,0.1728246801,0.2050119553,0.2196417887,0.0268417927,0.1048348793,6,0,6,0,0,0,0,0,0
benchmark_portfolio_optimization,Ablation-NoPreferenceRanking,shared_custom_moea,27,39,0.1752280534,0.1986926179,0.2133479713,0.0273132224,0.1042732467,3,0,3,0,0,0,0,0,0
benchmark_portfolio_optimization,Ablation-NoPreferenceRanking,shared_custom_moea,28,39,0.1745450186,0.2060483101,0.2198335028,0.0266559065,0.1040801046,4,0,4,0,0,0,0,0,0
benchmark_portfolio_optimization,Ablation-NoPreferenceRanking,shared_custom_moea,29,38,0.1732864486,0.2040238123,0.2184088093,0.0274237852,0.1059741709,5,0,5,0,0,0,0,0,0
benchmark_portfolio_optimization,AHP-TOPSIS,deterministic,unique,1,0.1338178615,0.2174849222,0.2353761519,0.0035107443,0.0214078837,1,0,1,1,0,1,0,0,0
benchmark_portfolio_optimization,Weighted Sum,deterministic,unique,1,0.0280125059,0.0280125059,0.0567322102,0.0011178772,0.0089493379,0,0,0,0,0,0,0,0,0
benchmark_portfolio_optimization,Greedy BCR,deterministic,unique,1,0.0411081027,0.0411081027,0.0726588946,0.0017100024,0.0126704727,0,0,0,0,0,0,0,0,0
distribution_project_review,TRACE-MOEA,shared_custom_moea,0,38,0.1655073153,0.2021926273,0.2222577634,0.0326131328,0.1224658569,5,0,5,1,0,1,0,0,0
distribution_project_review,TRACE-MOEA,shared_custom_moea,1,40,0.1646883373,0.1838054149,0.2055874155,0.0314974920,0.1187300158,5,0,5,0,0,0,0,0,0
distribution_project_review,TRACE-MOEA,shared_custom_moea,2,38,0.1592774779,0.1592774779,0.1832744477,0.0292235591,0.1105949213,0,0,0,0,0,0,0,0,0
distribution_project_review,TRACE-MOEA,shared_custom_moea,3,40,0.1653856729,0.1855970523,0.2071195929,0.0323733449,0.1207711085,4,0,4,0,0,0,0,0,0
distribution_project_review,TRACE-MOEA,shared_custom_moea,4,39,0.1656798797,0.1778859116,0.2000763611,0.0316469280,0.1185345858,2,0,2,0,0,0,0,0,0
distribution_project_review,TRACE-MOEA,shared_custom_moea,5,38,0.1667214122,0.1846067167,0.2058896255,0.0312580895,0.1181907691,5,0,5,0,0,0,0,0,0
distribution_project_review,TRACE-MOEA,shared_custom_moea,6,38,0.1665520334,0.1779618186,0.1998629488,0.0304644486,0.1159989291,4,0,4,0,0,0,0,0,0
distribution_project_review,TRACE-MOEA,shared_custom_moea,7,39,0.1664917375,0.1772847278,0.1992265372,0.0310890904,0.1174871302,3,0,3,0,0,0,0,0,0
distribution_project_review,TRACE-MOEA,shared_custom_moea,8,38,0.1662364500,0.2115784476,0.2306746857,0.0323459279,0.1222554013,4,0,4,1,0,1,0,0,0
distribution_project_review,TRACE-MOEA,shared_custom_moea,9,38,0.1583887800,0.1583887800,0.1822808322,0.0305280852,0.1143866382,0,0,0,0,0,0,0,0,0
distribution_project_review,TRACE-MOEA,shared_custom_moea,10,38,0.1643131525,0.2020553851,0.2224731950,0.0339987524,0.1250729421,7,0,7,2,0,2,0,0,0
distribution_project_review,TRACE-MOEA,shared_custom_moea,11,38,0.1642545225,0.1709806508,0.1940423337,0.0307456447,0.1155632619,1,0,1,0,0,0,0,0,0
distribution_project_review,TRACE-MOEA,shared_custom_moea,12,39,0.1645119676,0.1834047464,0.2053337327,0.0313495904,0.1183464387,3,0,3,0,0,0,0,0,0
distribution_project_review,TRACE-MOEA,shared_custom_moea,13,39,0.1661936530,0.1905959210,0.2113846332,0.0320906477,0.1205226191,5,0,5,0,0,0,0,0,0
distribution_project_review,TRACE-MOEA,shared_custom_moea,14,39,0.1661578197,0.1752774709,0.1975488412,0.0317845618,0.1191626553,2,0,2,0,0,0,0,0,0
distribution_project_review,TRACE-MOEA,shared_custom_moea,15,38,0.1656487038,0.1938686342,0.2145174311,0.0320255815,0.1199728065,7,0,7,0,0,0,0,0,0
distribution_project_review,TRACE-MOEA,shared_custom_moea,16,38,0.1644590447,0.2018430065,0.2221512789,0.0325695844,0.1222993731,6,0,6,2,0,2,0,0,0
distribution_project_review,TRACE-MOEA,shared_custom_moea,17,39,0.1652285116,0.2022989068,0.2225636173,0.0338529921,0.1251842320,4,0,4,2,0,2,0,0,0
distribution_project_review,TRACE-MOEA,shared_custom_moea,18,37,0.1654976304,0.1760728945,0.1983887746,0.0323924934,0.1206103136,2,0,2,0,0,0,0,0,0
distribution_project_review,TRACE-MOEA,shared_custom_moea,19,38,0.1660486603,0.1762764564,0.1984265511,0.0307678658,0.1165974130,2,0,2,0,0,0,0,0,0
distribution_project_review,TRACE-MOEA,shared_custom_moea,20,39,0.1658673263,0.1850307536,0.2064027818,0.0319563989,0.1199724116,5,0,5,0,0,0,0,0,0
distribution_project_review,TRACE-MOEA,shared_custom_moea,21,38,0.1642031741,0.1831343906,0.2051357207,0.0312125181,0.1180556566,3,0,3,0,0,0,0,0,0
distribution_project_review,TRACE-MOEA,shared_custom_moea,22,37,0.1664077296,0.1866363322,0.2077775509,0.0306179349,0.1167361574,4,0,4,0,0,0,0,0,0
distribution_project_review,TRACE-MOEA,shared_custom_moea,23,39,0.1656078123,0.1933446798,0.2141472406,0.0311949771,0.1178453892,4,0,4,0,0,0,0,0,0
distribution_project_review,TRACE-MOEA,shared_custom_moea,24,37,0.1644773334,0.2009712126,0.2215099198,0.0325794352,0.1222410907,7,0,7,1,0,1,0,0,0
distribution_project_review,TRACE-MOEA,shared_custom_moea,25,39,0.1640297599,0.1840603847,0.2060454253,0.0322645765,0.1206294674,4,0,4,0,0,0,0,0,0
distribution_project_review,TRACE-MOEA,shared_custom_moea,26,37,0.1653299033,0.1935047449,0.2142501245,0.0314753771,0.1187030351,6,0,6,0,0,0,0,0,0
distribution_project_review,TRACE-MOEA,shared_custom_moea,27,37,0.1658948591,0.1765872277,0.1987675646,0.0296426970,0.1139153331,2,0,2,0,0,0,0,0,0
distribution_project_review,TRACE-MOEA,shared_custom_moea,28,38,0.1657220111,0.1938997013,0.2146195884,0.0323741516,0.1214296878,5,0,5,0,0,0,0,0,0
distribution_project_review,TRACE-MOEA,shared_custom_moea,29,39,0.1623765901,0.1916336931,0.2119503001,0.0324061135,0.1199699012,6,0,6,0,0,0,0,0,0
distribution_project_review,Ablation-NoPreferenceRanking,shared_custom_moea,0,37,0.1647444580,0.1895491668,0.2110522108,0.0340628473,0.1254276319,5,0,5,0,0,0,0,0,0
distribution_project_review,Ablation-NoPreferenceRanking,shared_custom_moea,1,39,0.1653453278,0.1815297726,0.2034108071,0.0320595499,0.1200092040,4,0,4,0,0,0,0,0,0
distribution_project_review,Ablation-NoPreferenceRanking,shared_custom_moea,2,39,0.1660613342,0.1723099642,0.1948708399,0.0304685115,0.1149858569,2,0,2,0,0,0,0,0,0
distribution_project_review,Ablation-NoPreferenceRanking,shared_custom_moea,3,38,0.1663434954,0.1770366626,0.1991084199,0.0319569294,0.1190882480,3,0,3,0,0,0,0,0,0
distribution_project_review,Ablation-NoPreferenceRanking,shared_custom_moea,4,38,0.1657448421,0.1709182610,0.1937834480,0.0293564604,0.1123183880,1,0,1,0,0,0,0,0,0
distribution_project_review,Ablation-NoPreferenceRanking,shared_custom_moea,5,38,0.1654421699,0.1897861588,0.2109034370,0.0318940107,0.1199827733,5,0,5,0,0,0,0,0,0
distribution_project_review,Ablation-NoPreferenceRanking,shared_custom_moea,6,38,0.1659681059,0.1788499777,0.2007122055,0.0315314994,0.1185729955,4,0,4,0,0,0,0,0,0
distribution_project_review,Ablation-NoPreferenceRanking,shared_custom_moea,7,39,0.1655376143,0.1933194539,0.2142179585,0.0340867502,0.1252590746,6,0,6,0,0,0,0,0,0
distribution_project_review,Ablation-NoPreferenceRanking,shared_custom_moea,8,39,0.1650926253,0.1669271259,0.1901407598,0.0315535176,0.1180151854,2,0,2,0,0,0,0,0,0
distribution_project_review,Ablation-NoPreferenceRanking,shared_custom_moea,9,37,0.1646696684,0.1928324911,0.2139620264,0.0314419710,0.1190211998,4,0,4,0,0,0,0,0,0
distribution_project_review,Ablation-NoPreferenceRanking,shared_custom_moea,10,38,0.1654333624,0.1807994995,0.2027576796,0.0312679807,0.1180557987,2,0,2,0,0,0,0,0,0
distribution_project_review,Ablation-NoPreferenceRanking,shared_custom_moea,11,38,0.1670263786,0.1824078890,0.2038757047,0.0328138027,0.1219542410,3,0,3,0,0,0,0,0,0
distribution_project_review,Ablation-NoPreferenceRanking,shared_custom_moea,12,38,0.1655665927,0.1763590337,0.1986587481,0.0317342803,0.1189559776,2,0,2,0,0,0,0,0,0
distribution_project_review,Ablation-NoPreferenceRanking,shared_custom_moea,13,38,0.1658374827,0.2023641647,0.2225273952,0.0312534090,0.1185411630,5,0,5,1,0,1,0,0,0
distribution_project_review,Ablation-NoPreferenceRanking,shared_custom_moea,14,38,0.1660255570,0.1767165407,0.1989531188,0.0309016220,0.1168821804,2,0,2,0,0,0,0,0,0
distribution_project_review,Ablation-NoPreferenceRanking,shared_custom_moea,15,38,0.1666643542,0.2036217829,0.2231994881,0.0325790559,0.1221278217,6,0,6,1,0,1,0,0,0
distribution_project_review,Ablation-NoPreferenceRanking,shared_custom_moea,16,38,0.1661919474,0.1957448340,0.2161181918,0.0316144759,0.1196799615,5,0,5,0,0,0,0,0,0
distribution_project_review,Ablation-NoPreferenceRanking,shared_custom_moea,17,38,0.1657122441,0.1938618132,0.2145730155,0.0329506481,0.1228251583,3,0,3,0,0,0,0,0,0
distribution_project_review,Ablation-NoPreferenceRanking,shared_custom_moea,18,38,0.1664493839,0.1953187482,0.2156773272,0.0320500403,0.1206598379,5,0,5,0,0,0,0,0,0
distribution_project_review,Ablation-NoPreferenceRanking,shared_custom_moea,19,38,0.1645696989,0.2017748411,0.2220723670,0.0322773199,0.1215706302,6,0,6,1,0,1,0,0,0
distribution_project_review,Ablation-NoPreferenceRanking,shared_custom_moea,20,39,0.1670480423,0.1738095431,0.1960026771,0.0313471391,0.1178481296,2,0,2,0,0,0,0,0,0
distribution_project_review,Ablation-NoPreferenceRanking,shared_custom_moea,21,38,0.1655480841,0.2111689776,0.2305735506,0.0340649404,0.1263758982,6,0,6,2,0,2,0,0,0
distribution_project_review,Ablation-NoPreferenceRanking,shared_custom_moea,22,38,0.1660658550,0.1677740911,0.1907535170,0.0308440058,0.1160950425,1,0,1,0,0,0,0,0,0
distribution_project_review,Ablation-NoPreferenceRanking,shared_custom_moea,23,39,0.1654876605,0.1845732013,0.2061413743,0.0317166686,0.1192990123,3,0,3,0,0,0,0,0,0
distribution_project_review,Ablation-NoPreferenceRanking,shared_custom_moea,24,38,0.1664487528,0.1905122125,0.2114745913,0.0300387125,0.1154882035,3,0,3,0,0,0,0,0,0
distribution_project_review,Ablation-NoPreferenceRanking,shared_custom_moea,25,38,0.1645529982,0.1825432810,0.2046027923,0.0328471231,0.1215582866,4,0,4,0,0,0,0,0,0
distribution_project_review,Ablation-NoPreferenceRanking,shared_custom_moea,26,37,0.1646541479,0.1846524492,0.2064225723,0.0320894936,0.1197170584,3,0,3,0,0,0,0,0,0
distribution_project_review,Ablation-NoPreferenceRanking,shared_custom_moea,27,38,0.1656480080,0.1935119442,0.2144236388,0.0322202899,0.1210030885,4,0,4,0,0,0,0,0,0
distribution_project_review,Ablation-NoPreferenceRanking,shared_custom_moea,28,39,0.1657307611,0.1748350850,0.1973576327,0.0311741371,0.1174975981,3,0,3,0,0,0,0,0,0
distribution_project_review,Ablation-NoPreferenceRanking,shared_custom_moea,29,39,0.1641883208,0.1970350579,0.2178190780,0.0339384711,0.1253956582,6,0,6,1,0,1,0,0,0
distribution_project_review,AHP-TOPSIS,deterministic,unique,1,0.1338178615,0.1797397036,0.2003958396,0.0041276904,0.0244364695,1,0,1,1,0,1,0,0,0
distribution_project_review,Weighted Sum,deterministic,unique,1,0.0819286753,0.0819286753,0.1106239651,0.0028608235,0.0178067496,0,0,0,0,0,0,0,0,0
distribution_project_review,Greedy BCR,deterministic,unique,1,0.1330997299,0.1765886628,0.1971494130,0.0060796506,0.0300310876,1,0,1,1,0,1,0,0,0
reliability_driven_review,TRACE-MOEA,shared_custom_moea,0,39,0.1713609349,0.1988424933,0.2146512381,0.0305229597,0.1149086359,5,0,5,0,0,0,0,0,0
reliability_driven_review,TRACE-MOEA,shared_custom_moea,1,39,0.1750353968,0.2162484869,0.2292447632,0.0299242266,0.1135515882,4,0,4,1,0,1,0,0,0
reliability_driven_review,TRACE-MOEA,shared_custom_moea,2,39,0.1722679020,0.2195584603,0.2327254846,0.0302162537,0.1150343259,5,0,5,1,0,1,0,0,0
reliability_driven_review,TRACE-MOEA,shared_custom_moea,3,39,0.1699714061,0.2145066508,0.2290607389,0.0299244185,0.1140665305,5,0,5,1,0,1,0,0,0
reliability_driven_review,TRACE-MOEA,shared_custom_moea,4,39,0.1722345750,0.2031653118,0.2181073460,0.0306369923,0.1153439871,4,0,4,0,0,0,0,0,0
reliability_driven_review,TRACE-MOEA,shared_custom_moea,5,39,0.1715121692,0.2174938741,0.2308605982,0.0313961952,0.1178580829,8,0,8,3,0,3,0,0,0
reliability_driven_review,TRACE-MOEA,shared_custom_moea,6,38,0.1763981903,0.1879250980,0.2033526420,0.0294127737,0.1118299997,4,0,4,0,0,0,0,0,0
reliability_driven_review,TRACE-MOEA,shared_custom_moea,7,39,0.1709635172,0.2002822711,0.2158391844,0.0303688604,0.1140632219,4,0,4,0,0,0,0,0,0
reliability_driven_review,TRACE-MOEA,shared_custom_moea,8,40,0.1717141102,0.1874842369,0.2034228517,0.0294031704,0.1106713049,3,0,3,0,0,0,0,0,0
reliability_driven_review,TRACE-MOEA,shared_custom_moea,9,39,0.1706543503,0.2150952688,0.2296304718,0.0315603913,0.1181489514,6,0,6,3,0,3,0,0,0
reliability_driven_review,TRACE-MOEA,shared_custom_moea,10,38,0.1727417745,0.1963203383,0.2125337818,0.0310609680,0.1158123875,3,0,3,0,0,0,0,0,0
reliability_driven_review,TRACE-MOEA,shared_custom_moea,11,38,0.1704176930,0.1972826428,0.2133684640,0.0302227249,0.1142038315,5,0,5,0,0,0,0,0,0
reliability_driven_review,TRACE-MOEA,shared_custom_moea,12,39,0.1710723350,0.1972479290,0.2132525800,0.0289718756,0.1112150728,4,0,4,0,0,0,0,0,0
reliability_driven_review,TRACE-MOEA,shared_custom_moea,13,39,0.1733905834,0.1908859170,0.2070405254,0.0293763498,0.1118465100,2,0,2,0,0,0,0,0,0
reliability_driven_review,TRACE-MOEA,shared_custom_moea,14,39,0.1699629225,0.1952864083,0.2119157054,0.0292646554,0.1119206769,4,0,4,0,0,0,0,0,0
reliability_driven_review,TRACE-MOEA,shared_custom_moea,15,39,0.1733344230,0.2014957023,0.2165624655,0.0310223476,0.1161926113,4,0,4,0,0,0,0,0,0
reliability_driven_review,TRACE-MOEA,shared_custom_moea,16,39,0.1735724676,0.2146401721,0.2280440765,0.0314229809,0.1176877662,5,0,5,1,0,1,0,0,0
reliability_driven_review,TRACE-MOEA,shared_custom_moea,17,38,0.1722533359,0.2172346733,0.2305111393,0.0309982746,0.1164713740,6,0,6,2,0,2,0,0,0
reliability_driven_review,TRACE-MOEA,shared_custom_moea,18,38,0.1714134874,0.1969660300,0.2130990424,0.0305216563,0.1149864014,5,0,5,0,0,0,0,0,0
reliability_driven_review,TRACE-MOEA,shared_custom_moea,19,38,0.1734159398,0.2056206953,0.2201118927,0.0306665535,0.1154095736,4,0,4,0,0,0,0,0,0
reliability_driven_review,TRACE-MOEA,shared_custom_moea,20,36,0.1747640605,0.1905275604,0.2059938994,0.0292674045,0.1114994580,4,0,4,0,0,0,0,0,0
reliability_driven_review,TRACE-MOEA,shared_custom_moea,21,40,0.1718741990,0.2009697878,0.2162014118,0.0304450226,0.1148107262,4,0,4,0,0,0,0,0,0
reliability_driven_review,TRACE-MOEA,shared_custom_moea,22,39,0.1722192453,0.2025683097,0.2175571220,0.0299004794,0.1134888456,2,0,2,0,0,0,0,0,0
reliability_driven_review,TRACE-MOEA,shared_custom_moea,23,39,0.1709355387,0.1983010830,0.2140654467,0.0307127584,0.1153414711,5,0,5,0,0,0,0,0,0
reliability_driven_review,TRACE-MOEA,shared_custom_moea,24,39,0.1708133309,0.2269297408,0.2401346040,0.0308179815,0.1167448429,6,0,6,3,0,3,0,0,0
reliability_driven_review,TRACE-MOEA,shared_custom_moea,25,40,0.1702269552,0.1943957476,0.2095672195,0.0304455754,0.1124378588,5,0,5,0,0,0,0,0,0
reliability_driven_review,TRACE-MOEA,shared_custom_moea,26,39,0.1746211253,0.2389632024,0.2492584785,0.0323821590,0.1209866958,8,0,8,3,0,3,0,0,0
reliability_driven_review,TRACE-MOEA,shared_custom_moea,27,38,0.1716552674,0.2201897655,0.2332846129,0.0319902237,0.1189678177,7,0,7,4,0,4,0,0,0
reliability_driven_review,TRACE-MOEA,shared_custom_moea,28,39,0.1731633729,0.2176156293,0.2313586128,0.0302283086,0.1150062677,4,0,4,1,0,1,0,0,0
reliability_driven_review,TRACE-MOEA,shared_custom_moea,29,39,0.1729929607,0.1850698987,0.2019656332,0.0292355625,0.1112739312,2,0,2,0,0,0,0,0,0
reliability_driven_review,Ablation-NoPreferenceRanking,shared_custom_moea,0,38,0.1721445774,0.1896250120,0.2060545280,0.0296350520,0.1124432344,5,0,5,0,0,0,0,0,0
reliability_driven_review,Ablation-NoPreferenceRanking,shared_custom_moea,1,38,0.1730611725,0.2042529749,0.2192359069,0.0297867425,0.1134425655,4,0,4,0,0,0,0,0,0
reliability_driven_review,Ablation-NoPreferenceRanking,shared_custom_moea,2,39,0.1691405980,0.2155480748,0.2307062292,0.0321857711,0.1197043157,5,0,5,2,0,2,0,0,0
reliability_driven_review,Ablation-NoPreferenceRanking,shared_custom_moea,3,39,0.1708276823,0.2138263629,0.2280999283,0.0312286910,0.1171988899,6,0,6,2,0,2,0,0,0
reliability_driven_review,Ablation-NoPreferenceRanking,shared_custom_moea,4,38,0.1710189231,0.2024877846,0.2177716541,0.0300477433,0.1138763993,6,0,6,0,0,0,0,0,0
reliability_driven_review,Ablation-NoPreferenceRanking,shared_custom_moea,5,38,0.1722210769,0.2152068992,0.2291918597,0.0294876896,0.1130566561,5,0,5,2,0,2,0,0,0
reliability_driven_review,Ablation-NoPreferenceRanking,shared_custom_moea,6,38,0.1705787992,0.2259555034,0.2391602065,0.0284988823,0.1112368653,5,0,5,2,0,2,0,0,0
reliability_driven_review,Ablation-NoPreferenceRanking,shared_custom_moea,7,38,0.1727096864,0.2178086781,0.2310619423,0.0309885134,0.1164014196,7,0,7,2,0,2,0,0,0
reliability_driven_review,Ablation-NoPreferenceRanking,shared_custom_moea,8,39,0.1704379282,0.1838865328,0.2015896899,0.0300920648,0.1132621586,2,0,2,0,0,0,0,0,0
reliability_driven_review,Ablation-NoPreferenceRanking,shared_custom_moea,9,38,0.1724806404,0.1999411679,0.2152178002,0.0301860875,0.1135375957,6,0,6,0,0,0,0,0,0
reliability_driven_review,Ablation-NoPreferenceRanking,shared_custom_moea,10,38,0.1696527714,0.1946047279,0.2109152450,0.0293936421,0.1119568456,5,0,5,0,0,0,0,0,0
reliability_driven_review,Ablation-NoPreferenceRanking,shared_custom_moea,11,39,0.1728222855,0.1859434652,0.2026985596,0.0293312848,0.1111350157,3,0,3,0,0,0,0,0,0
reliability_driven_review,Ablation-NoPreferenceRanking,shared_custom_moea,12,39,0.1741630660,0.2193164273,0.2322934251,0.0303799393,0.1143335439,7,0,7,2,0,2,0,0,0
reliability_driven_review,Ablation-NoPreferenceRanking,shared_custom_moea,13,39,0.1741376239,0.1881908115,0.2044503216,0.0291504413,0.1110390374,2,0,2,0,0,0,0,0,0
reliability_driven_review,Ablation-NoPreferenceRanking,shared_custom_moea,14,38,0.1714408176,0.2147565793,0.2292821239,0.0311842300,0.1172359880,6,0,6,2,0,2,0,0,0
reliability_driven_review,Ablation-NoPreferenceRanking,shared_custom_moea,15,39,0.1756462919,0.2190760277,0.2314806406,0.0312118247,0.1173341569,5,0,5,1,0,1,0,0,0
reliability_driven_review,Ablation-NoPreferenceRanking,shared_custom_moea,16,39,0.1718574012,0.1939352582,0.2103665977,0.0307364243,0.1152091279,3,0,3,0,0,0,0,0,0
reliability_driven_review,Ablation-NoPreferenceRanking,shared_custom_moea,17,38,0.1696591911,0.2327413072,0.2460103231,0.0310773052,0.1162158170,8,0,8,3,0,3,0,0,0
reliability_driven_review,Ablation-NoPreferenceRanking,shared_custom_moea,18,39,0.1764732383,0.2048653115,0.2186431236,0.0298117902,0.1122300110,4,0,4,0,0,0,0,0,0
reliability_driven_review,Ablation-NoPreferenceRanking,shared_custom_moea,19,39,0.1722312772,0.1954127483,0.2114380810,0.0305359813,0.1148927912,4,0,4,0,0,0,0,0,0
reliability_driven_review,Ablation-NoPreferenceRanking,shared_custom_moea,20,39,0.1732838906,0.2015566501,0.2166665826,0.0297836487,0.1121529022,4,0,4,0,0,0,0,0,0
reliability_driven_review,Ablation-NoPreferenceRanking,shared_custom_moea,21,38,0.1686722456,0.1978466883,0.2144855477,0.0307282082,0.1156783691,6,0,6,0,0,0,0,0,0
reliability_driven_review,Ablation-NoPreferenceRanking,shared_custom_moea,22,39,0.1714811326,0.2044158804,0.2196494436,0.0305665502,0.1152393130,7,0,7,0,0,0,0,0,0
reliability_driven_review,Ablation-NoPreferenceRanking,shared_custom_moea,23,39,0.1738629259,0.2022830036,0.2168536746,0.0305651123,0.1151392548,3,0,3,0,0,0,0,0,0
reliability_driven_review,Ablation-NoPreferenceRanking,shared_custom_moea,24,38,0.1725099525,0.1733628238,0.1918273507,0.0275625793,0.1058577202,1,0,1,0,0,0,0,0,0
reliability_driven_review,Ablation-NoPreferenceRanking,shared_custom_moea,25,38,0.1715597802,0.2024701682,0.2180882830,0.0311322102,0.1163585684,5,0,5,0,0,0,0,0,0
reliability_driven_review,Ablation-NoPreferenceRanking,shared_custom_moea,26,39,0.1715857763,0.2049119467,0.2196862235,0.0307197529,0.1154375927,6,0,6,0,0,0,0,0,0
reliability_driven_review,Ablation-NoPreferenceRanking,shared_custom_moea,27,39,0.1726347132,0.1904239548,0.2070649826,0.0290669507,0.1092606200,3,0,3,0,0,0,0,0,0
reliability_driven_review,Ablation-NoPreferenceRanking,shared_custom_moea,28,39,0.1750513920,0.1987002402,0.2140052926,0.0318336299,0.1180854152,4,0,4,0,0,0,0,0,0
reliability_driven_review,Ablation-NoPreferenceRanking,shared_custom_moea,29,38,0.1725148222,0.2037564121,0.2186098526,0.0299680288,0.1137378069,3,0,3,0,0,0,0,0,0
reliability_driven_review,AHP-TOPSIS,deterministic,unique,1,0.1338476763,0.2175333781,0.2353932763,0.0040048867,0.0238317742,1,0,1,1,0,1,0,0,0
reliability_driven_review,Weighted Sum,deterministic,unique,1,0.0280125059,0.0280125059,0.0567322102,0.0011601906,0.0091379703,0,0,0,0,0,0,0,0,0
reliability_driven_review,Greedy BCR,deterministic,unique,1,0.0359765977,0.0359765977,0.0680408319,0.0015570779,0.0119174414,0,0,0,0,0,0,0,0,0
renewable_accommodation_review,TRACE-MOEA,shared_custom_moea,0,39,0.1840361109,0.1947260243,0.2058486656,0.0523796150,0.1718863621,3,0,3,0,0,0,0,0,0
renewable_accommodation_review,TRACE-MOEA,shared_custom_moea,1,38,0.1862657224,0.1994295909,0.2094593479,0.0543644033,0.1767384132,3,0,3,0,0,0,1,0,1
renewable_accommodation_review,TRACE-MOEA,shared_custom_moea,2,39,0.1874489645,0.2053642070,0.2144801473,0.0571054813,0.1836106519,3,0,3,0,0,0,1,0,1
renewable_accommodation_review,TRACE-MOEA,shared_custom_moea,3,39,0.1869769544,0.2179887878,0.2260482276,0.0582747747,0.1877894483,3,0,3,0,0,0,0,0,0
renewable_accommodation_review,TRACE-MOEA,shared_custom_moea,4,38,0.1873550115,0.2119352682,0.2205525802,0.0571196280,0.1843599444,5,0,5,0,0,0,2,0,2
renewable_accommodation_review,TRACE-MOEA,shared_custom_moea,5,39,0.1878451079,0.2111848620,0.2196034896,0.0562982956,0.1825462854,4,0,4,0,0,0,1,0,1
renewable_accommodation_review,TRACE-MOEA,shared_custom_moea,6,39,0.1872860011,0.1978092134,0.2078145649,0.0546996047,0.1775409328,3,0,3,0,0,0,0,0,0
renewable_accommodation_review,TRACE-MOEA,shared_custom_moea,7,39,0.1821792361,0.1927539910,0.2039221105,0.0514049279,0.1684796280,3,0,3,0,0,0,0,0,0
renewable_accommodation_review,TRACE-MOEA,shared_custom_moea,8,38,0.1886153372,0.2116083829,0.2199115951,0.0575460194,0.1854304437,1,0,1,0,0,0,1,0,1
renewable_accommodation_review,TRACE-MOEA,shared_custom_moea,9,38,0.1843736989,0.2007597362,0.2110149618,0.0524242383,0.1720939125,2,0,2,0,0,0,0,0,0
renewable_accommodation_review,TRACE-MOEA,shared_custom_moea,10,38,0.1852316499,0.1935528756,0.2046640292,0.0532266283,0.1733623036,4,0,4,0,0,0,1,0,1
renewable_accommodation_review,TRACE-MOEA,shared_custom_moea,11,39,0.1867713449,0.2076661596,0.2167592071,0.0567842511,0.1832980363,5,0,5,0,0,0,0,0,0
renewable_accommodation_review,TRACE-MOEA,shared_custom_moea,12,39,0.1885168542,0.2228425788,0.2294180417,0.0586837111,0.1889196067,5,0,5,0,0,0,2,0,2
renewable_accommodation_review,TRACE-MOEA,shared_custom_moea,13,39,0.1869388314,0.2105133814,0.2190506328,0.0557818542,0.1808496161,4,0,4,0,0,0,0,0,0
renewable_accommodation_review,TRACE-MOEA,shared_custom_moea,14,39,0.1854468899,0.1957907123,0.2069508902,0.0534211406,0.1745338538,1,0,1,0,0,0,0,0,0
renewable_accommodation_review,TRACE-MOEA,shared_custom_moea,15,39,0.1898840133,0.2006788860,0.2098466723,0.0589750948,0.1875015869,4,0,4,0,0,0,0,0,0
renewable_accommodation_review,TRACE-MOEA,shared_custom_moea,16,38,0.1887998412,0.2261630037,0.2327217669,0.0602858068,0.1931119695,4,0,4,1,0,1,1,0,1
renewable_accommodation_review,TRACE-MOEA,shared_custom_moea,17,38,0.1880367877,0.1986336406,0.2084730337,0.0551381621,0.1789307128,4,0,4,0,0,0,0,0,0
renewable_accommodation_review,TRACE-MOEA,shared_custom_moea,18,39,0.1890047390,0.1961877649,0.2061555215,0.0567121021,0.1819747228,4,0,4,0,0,0,0,0,0
renewable_accommodation_review,TRACE-MOEA,shared_custom_moea,19,38,0.1854252361,0.2058072620,0.2156529443,0.0552219609,0.1794247944,4,0,4,0,0,0,0,0,0
renewable_accommodation_review,TRACE-MOEA,shared_custom_moea,20,39,0.1883273946,0.1938386367,0.2042268186,0.0562537870,0.1807916379,2,0,2,0,0,0,1,0,1
renewable_accommodation_review,TRACE-MOEA,shared_custom_moea,21,39,0.1874740644,0.1994311189,0.2094204612,0.0550505399,0.1785092416,3,0,3,0,0,0,0,0,0
renewable_accommodation_review,TRACE-MOEA,shared_custom_moea,22,39,0.1856660407,0.1994397677,0.2095742936,0.0538712954,0.1755687754,3,0,3,0,0,0,0,0,0
renewable_accommodation_review,TRACE-MOEA,shared_custom_moea,23,39,0.1857867045,0.1959871036,0.2067713405,0.0535615196,0.1747140776,2,0,2,0,0,0,1,0,1
renewable_accommodation_review,TRACE-MOEA,shared_custom_moea,24,38,0.1855188552,0.2088275001,0.2184453689,0.0549350576,0.1793954389,5,0,5,0,0,0,0,0,0
renewable_accommodation_review,TRACE-MOEA,shared_custom_moea,25,39,0.1859910618,0.1965312498,0.2070031919,0.0537058261,0.1751064544,3,0,3,0,0,0,0,0,0
renewable_accommodation_review,TRACE-MOEA,shared_custom_moea,26,39,0.1843894579,0.1989071939,0.2095268998,0.0534194810,0.1747156113,5,0,5,0,0,0,0,0,0
renewable_accommodation_review,TRACE-MOEA,shared_custom_moea,27,39,0.1866373419,0.1897795396,0.2010080606,0.0541518467,0.1753198775,2,0,2,0,0,0,1,0,1
renewable_accommodation_review,TRACE-MOEA,shared_custom_moea,28,39,0.1867452537,0.1898966425,0.2011796808,0.0547202073,0.1767759390,2,0,2,0,0,0,0,0,0
renewable_accommodation_review,TRACE-MOEA,shared_custom_moea,29,38,0.1808540965,0.1808540965,0.1929358273,0.0539496643,0.1736870193,0,0,0,0,0,0,0,0,0
renewable_accommodation_review,Ablation-NoPreferenceRanking,shared_custom_moea,0,37,0.1851664442,0.2055798454,0.2155786166,0.0534674779,0.1754288671,3,0,3,0,0,0,1,0,1
renewable_accommodation_review,Ablation-NoPreferenceRanking,shared_custom_moea,1,38,0.1868189614,0.2101220660,0.2190450970,0.0566458651,0.1834133277,4,0,4,0,0,0,0,0,0
renewable_accommodation_review,Ablation-NoPreferenceRanking,shared_custom_moea,2,39,0.1866879318,0.1971960045,0.2077702407,0.0547269293,0.1776586866,2,0,2,0,0,0,0,0,0
renewable_accommodation_review,Ablation-NoPreferenceRanking,shared_custom_moea,3,38,0.1866526905,0.1948305822,0.2057533348,0.0549681697,0.1780132882,2,0,2,0,0,0,1,0,1
renewable_accommodation_review,Ablation-NoPreferenceRanking,shared_custom_moea,4,39,0.1818710447,0.1882208332,0.2007596194,0.0506799056,0.1670351321,2,0,2,0,0,0,0,0,0
renewable_accommodation_review,Ablation-NoPreferenceRanking,shared_custom_moea,5,39,0.1874732879,0.2031027501,0.2129414180,0.0572377365,0.1834029405,3,0,3,0,0,0,1,0,1
renewable_accommodation_review,Ablation-NoPreferenceRanking,shared_custom_moea,6,39,0.1835232753,0.2120475095,0.2225267188,0.0549413307,0.1798286919,3,0,3,0,0,0,0,0,0
renewable_accommodation_review,Ablation-NoPreferenceRanking,shared_custom_moea,7,39,0.1841637974,0.1910066616,0.2030359374,0.0516895272,0.1702844821,2,0,2,0,0,0,1,0,1
renewable_accommodation_review,Ablation-NoPreferenceRanking,shared_custom_moea,8,38,0.1843178892,0.1973950866,0.2086824533,0.0522331837,0.1718069780,3,0,3,0,0,0,1,0,1
renewable_accommodation_review,Ablation-NoPreferenceRanking,shared_custom_moea,9,39,0.1885210289,0.2170113090,0.2248082247,0.0581942777,0.1874901073,4,0,4,0,0,0,0,0,0
renewable_accommodation_review,Ablation-NoPreferenceRanking,shared_custom_moea,10,39,0.1861721095,0.2032283371,0.2135351461,0.0564670085,0.1823238236,5,0,5,0,0,0,0,0,0
renewable_accommodation_review,Ablation-NoPreferenceRanking,shared_custom_moea,11,39,0.1857538145,0.1991732380,0.2094941819,0.0546374530,0.1774478364,3,0,3,0,0,0,0,0,0
renewable_accommodation_review,Ablation-NoPreferenceRanking,shared_custom_moea,12,38,0.1845746750,0.1953069428,0.2069985062,0.0532148716,0.1742738207,3,0,3,0,0,0,1,0,1
renewable_accommodation_review,Ablation-NoPreferenceRanking,shared_custom_moea,13,38,0.1861817187,0.2018208813,0.2119340317,0.0548597187,0.1782668674,2,0,2,0,0,0,1,0,1
renewable_accommodation_review,Ablation-NoPreferenceRanking,shared_custom_moea,14,39,0.1866273144,0.1970967598,0.2072587815,0.0543846670,0.1765250016,2,0,2,0,0,0,0,0,0
renewable_accommodation_review,Ablation-NoPreferenceRanking,shared_custom_moea,15,39,0.1860778060,0.1929741354,0.2042244628,0.0535436193,0.1744594841,2,0,2,0,0,0,1,0,1
renewable_accommodation_review,Ablation-NoPreferenceRanking,shared_custom_moea,16,38,0.1740259165,0.1740259165,0.1882008017,0.0471436742,0.1574333568,0,0,0,0,0,0,0,0,0
renewable_accommodation_review,Ablation-NoPreferenceRanking,shared_custom_moea,17,39,0.1860372832,0.1940936928,0.2051119380,0.0537045497,0.1749042284,1,0,1,0,0,0,1,0,1
renewable_accommodation_review,Ablation-NoPreferenceRanking,shared_custom_moea,18,38,0.1866283692,0.2077830972,0.2173160543,0.0548427228,0.1793737309,4,0,4,0,0,0,1,0,1
renewable_accommodation_review,Ablation-NoPreferenceRanking,shared_custom_moea,19,39,0.1825553988,0.1825553988,0.1952902025,0.0532221093,0.1724088282,0,0,0,0,0,0,0,0,0
renewable_accommodation_review,Ablation-NoPreferenceRanking,shared_custom_moea,20,38,0.1860027601,0.1995031295,0.2102669545,0.0559561269,0.1807499693,3,0,3,0,0,0,1,0,1
renewable_accommodation_review,Ablation-NoPreferenceRanking,shared_custom_moea,21,38,0.1851465736,0.2123469795,0.2213892752,0.0550437541,0.1798825493,5,0,5,0,0,0,0,0,0
renewable_accommodation_review,Ablation-NoPreferenceRanking,shared_custom_moea,22,38,0.1769743810,0.1769743810,0.1910662409,0.0479918959,0.1603540253,0,0,0,0,0,0,0,0,0
renewable_accommodation_review,Ablation-NoPreferenceRanking,shared_custom_moea,23,38,0.1869300256,0.2000294553,0.2101557197,0.0551418857,0.1789821344,3,0,3,0,0,0,1,0,1
renewable_accommodation_review,Ablation-NoPreferenceRanking,shared_custom_moea,24,38,0.1840582696,0.1931201101,0.2050782556,0.0525363231,0.1724456312,1,0,1,0,0,0,1,0,1
renewable_accommodation_review,Ablation-NoPreferenceRanking,shared_custom_moea,25,39,0.1795682385,0.1795682385,0.1930158646,0.0502488370,0.1655230097,0,0,0,0,0,0,0,0,0
renewable_accommodation_review,Ablation-NoPreferenceRanking,shared_custom_moea,26,39,0.1866699915,0.2021089509,0.2123212259,0.0567486988,0.1828138872,3,0,3,0,0,0,0,0,0
renewable_accommodation_review,Ablation-NoPreferenceRanking,shared_custom_moea,27,39,0.1855462947,0.1973208855,0.2080594431,0.0546216523,0.1775744258,3,0,3,0,0,0,0,0,0
renewable_accommodation_review,Ablation-NoPreferenceRanking,shared_custom_moea,28,38,0.1873485004,0.2156794039,0.2242934529,0.0571500769,0.1852097122,4,0,4,0,0,0,1,0,1
renewable_accommodation_review,Ablation-NoPreferenceRanking,shared_custom_moea,29,38,0.1822629857,0.2017585192,0.2131702544,0.0495588252,0.1665855441,3,0,3,0,0,0,1,0,1
renewable_accommodation_review,AHP-TOPSIS,deterministic,unique,1,0.1411475515,0.1940551814,0.2129464790,0.0121800516,0.0569300993,1,0,1,1,0,1,0,0,0
renewable_accommodation_review,Weighted Sum,deterministic,unique,1,0.0598621041,0.0598621041,0.0858065120,0.0039475257,0.0222028969,0,0,0,0,0,0,0,0,0
renewable_accommodation_review,Greedy BCR,deterministic,unique,1,0.0598621041,0.0598621041,0.0858065120,0.0039475257,0.0222028969,0,0,0,0,0,0,0,0,0
budget_ranking_stability,TRACE-MOEA,shared_custom_moea,0,37,0.1721046591,0.1836238029,0.2003382093,0.0252396261,0.1003572799,1,0,1,0,0,0,0,0,0
budget_ranking_stability,TRACE-MOEA,shared_custom_moea,1,37,0.1684776858,0.2113390095,0.2237043675,0.0260601071,0.1010541877,6,0,6,1,0,1,0,0,0
budget_ranking_stability,TRACE-MOEA,shared_custom_moea,2,38,0.1733069201,0.1852321430,0.2018853897,0.0249246285,0.0996781574,2,0,2,0,0,0,0,0,0
budget_ranking_stability,TRACE-MOEA,shared_custom_moea,3,37,0.1732000541,0.2060858844,0.2202901334,0.0259675008,0.1028780620,5,0,5,0,0,0,0,0,0
budget_ranking_stability,TRACE-MOEA,shared_custom_moea,4,39,0.1715253943,0.2162651073,0.2306359188,0.0273788225,0.1066751471,4,0,4,1,0,1,0,0,0
budget_ranking_stability,TRACE-MOEA,shared_custom_moea,5,38,0.1755251078,0.2035357342,0.2172853103,0.0257295201,0.1017031189,5,0,5,0,0,0,0,0,0
budget_ranking_stability,TRACE-MOEA,shared_custom_moea,6,39,0.1690415023,0.1850948164,0.2006252394,0.0238779967,0.0956957848,2,0,2,0,0,0,0,0,0
budget_ranking_stability,TRACE-MOEA,shared_custom_moea,7,39,0.1739763686,0.1852722424,0.2007031797,0.0262188685,0.1017630097,3,0,3,0,0,0,0,0,0
budget_ranking_stability,TRACE-MOEA,shared_custom_moea,8,38,0.1721335233,0.1834311125,0.2007361311,0.0257325349,0.1009935800,2,0,2,0,0,0,0,0,0
budget_ranking_stability,TRACE-MOEA,shared_custom_moea,9,39,0.1632062016,0.1632062016,0.1816796779,0.0246119690,0.0980719878,0,0,0,0,0,0,0,0,0
budget_ranking_stability,TRACE-MOEA,shared_custom_moea,10,39,0.1712539255,0.1833844592,0.1979726173,0.0244812087,0.0963638987,2,0,2,0,0,0,0,0,0
budget_ranking_stability,TRACE-MOEA,shared_custom_moea,11,36,0.1730660603,0.1966574028,0.2117842533,0.0270125870,0.1052592606,5,0,5,0,0,0,0,0,0
budget_ranking_stability,TRACE-MOEA,shared_custom_moea,12,40,0.1722576581,0.1935556716,0.2094187705,0.0259756432,0.1024941342,4,0,4,0,0,0,0,0,0
budget_ranking_stability,TRACE-MOEA,shared_custom_moea,13,39,0.1736740324,0.2040168559,0.2176408392,0.0269088922,0.1051509879,5,0,5,0,0,0,0,0,0
budget_ranking_stability,TRACE-MOEA,shared_custom_moea,14,39,0.1744827122,0.2015284152,0.2155731048,0.0262658294,0.1035311811,4,0,4,0,0,0,0,0,0
budget_ranking_stability,TRACE-MOEA,shared_custom_moea,15,39,0.1663765847,0.1663765847,0.1851332170,0.0257485129,0.1010807425,0,0,0,0,0,0,0,0,0
budget_ranking_stability,TRACE-MOEA,shared_custom_moea,16,39,0.1740857227,0.1786166475,0.1953580906,0.0256619227,0.1013984635,2,0,2,0,0,0,0,0,0
budget_ranking_stability,TRACE-MOEA,shared_custom_moea,17,38,0.1719726200,0.2071759482,0.2215598306,0.0262572147,0.1038198043,4,0,4,1,0,1,0,0,0
budget_ranking_stability,TRACE-MOEA,shared_custom_moea,18,39,0.1703977898,0.1703977898,0.1875447497,0.0260958760,0.1019236911,0,0,0,0,0,0,0,0,0
budget_ranking_stability,TRACE-MOEA,shared_custom_moea,19,39,0.1703206683,0.2005289247,0.2144870183,0.0269910642,0.1041770035,7,0,7,0,0,0,0,0,0
budget_ranking_stability,TRACE-MOEA,shared_custom_moea,20,39,0.1703744006,0.1761823828,0.1948334353,0.0257459439,0.1014223661,2,0,2,0,0,0,0,0,0
budget_ranking_stability,TRACE-MOEA,shared_custom_moea,21,39,0.1733581511,0.2006630403,0.2151695355,0.0268858613,0.1048488052,3,0,3,0,0,0,0,0,0
budget_ranking_stability,TRACE-MOEA,shared_custom_moea,22,38,0.1660608149,0.1660608149,0.1849157228,0.0252797500,0.0998339691,0,0,0,0,0,0,0,0,0
budget_ranking_stability,TRACE-MOEA,shared_custom_moea,23,39,0.1712073680,0.2033259121,0.2169599208,0.0271783564,0.1045242808,5,0,5,0,0,0,0,0,0
budget_ranking_stability,TRACE-MOEA,shared_custom_moea,24,39,0.1741951690,0.1775522319,0.1945805117,0.0244510354,0.0982383870,1,0,1,0,0,0,0,0,0
budget_ranking_stability,TRACE-MOEA,shared_custom_moea,25,39,0.1728986670,0.2001129460,0.2158030191,0.0271189021,0.1057850679,5,0,5,0,0,0,0,0,0
budget_ranking_stability,TRACE-MOEA,shared_custom_moea,26,39,0.1726782379,0.1974863396,0.2126053889,0.0266944904,0.1044344905,4,0,4,0,0,0,0,0,0
budget_ranking_stability,TRACE-MOEA,shared_custom_moea,27,38,0.1706036442,0.1961691754,0.2128172329,0.0264244365,0.1038132221,2,0,2,0,0,0,0,0,0
budget_ranking_stability,TRACE-MOEA,shared_custom_moea,28,39,0.1705156254,0.1970972321,0.2129499465,0.0272823014,0.1053404971,4,0,4,0,0,0,0,0,0
budget_ranking_stability,TRACE-MOEA,shared_custom_moea,29,39,0.1694675335,0.1813635382,0.1980208875,0.0249519418,0.0982987722,3,0,3,0,0,0,0,0,0
budget_ranking_stability,Ablation-NoPreferenceRanking,shared_custom_moea,0,38,0.1723371588,0.1730745927,0.1911629951,0.0253932129,0.1002309837,1,0,1,0,0,0,0,0,0
budget_ranking_stability,Ablation-NoPreferenceRanking,shared_custom_moea,1,39,0.1699372688,0.1972504388,0.2132966636,0.0265386863,0.1037809068,4,0,4,0,0,0,0,0,0
budget_ranking_stability,Ablation-NoPreferenceRanking,shared_custom_moea,2,39,0.1719388257,0.1854731824,0.2024811869,0.0256026855,0.1010424121,1,0,1,0,0,0,0,0,0
budget_ranking_stability,Ablation-NoPreferenceRanking,shared_custom_moea,3,39,0.1727858111,0.1850306706,0.2017929843,0.0259988021,0.1021276889,3,0,3,0,0,0,0,0,0
budget_ranking_stability,Ablation-NoPreferenceRanking,shared_custom_moea,4,39,0.1716760333,0.1785161631,0.1966349803,0.0262322309,0.1028921359,2,0,2,0,0,0,0,0,0
budget_ranking_stability,Ablation-NoPreferenceRanking,shared_custom_moea,5,39,0.1711902652,0.2023586195,0.2183165401,0.0269479444,0.1052961411,4,0,4,0,0,0,0,0,0
budget_ranking_stability,Ablation-NoPreferenceRanking,shared_custom_moea,6,37,0.1725693032,0.1875202054,0.2037469762,0.0257920340,0.1020053819,2,0,2,0,0,0,0,0,0
budget_ranking_stability,Ablation-NoPreferenceRanking,shared_custom_moea,7,38,0.1728591837,0.2089893539,0.2230300924,0.0256447659,0.1000093890,7,0,7,2,0,2,0,0,0
budget_ranking_stability,Ablation-NoPreferenceRanking,shared_custom_moea,8,39,0.1716513799,0.1978566639,0.2137749259,0.0265539839,0.1041531888,5,0,5,0,0,0,0,0,0
budget_ranking_stability,Ablation-NoPreferenceRanking,shared_custom_moea,9,39,0.1714848649,0.1882495575,0.2054182483,0.0245798071,0.0984226248,2,0,2,0,0,0,0,0,0
budget_ranking_stability,Ablation-NoPreferenceRanking,shared_custom_moea,10,39,0.1723601726,0.1909542135,0.2071337891,0.0264616074,0.1031610030,3,0,3,0,0,0,0,0,0
budget_ranking_stability,Ablation-NoPreferenceRanking,shared_custom_moea,11,39,0.1715606688,0.1865592685,0.2037405198,0.0254390531,0.1006489175,1,0,1,0,0,0,0,0,0
budget_ranking_stability,Ablation-NoPreferenceRanking,shared_custom_moea,12,39,0.1721846749,0.1908500110,0.2071833301,0.0258155988,0.1015684991,3,0,3,0,0,0,0,0,0
budget_ranking_stability,Ablation-NoPreferenceRanking,shared_custom_moea,13,39,0.1702131372,0.1878184279,0.2048987842,0.0265475599,0.1038985646,4,0,4,0,0,0,0,0,0
budget_ranking_stability,Ablation-NoPreferenceRanking,shared_custom_moea,14,39,0.1719589986,0.2002244159,0.2160545100,0.0256659348,0.1021402328,3,0,3,0,0,0,0,0,0
budget_ranking_stability,Ablation-NoPreferenceRanking,shared_custom_moea,15,39,0.1724955793,0.1820824824,0.1996384994,0.0263024609,0.1032813750,3,0,3,0,0,0,0,0,0
budget_ranking_stability,Ablation-NoPreferenceRanking,shared_custom_moea,16,39,0.1689934658,0.1982110133,0.2152974601,0.0260367320,0.1026740927,4,0,4,0,0,0,0,0,0
budget_ranking_stability,Ablation-NoPreferenceRanking,shared_custom_moea,17,39,0.1728953585,0.1737081204,0.1916363680,0.0252453950,0.0999855240,1,0,1,0,0,0,0,0,0
budget_ranking_stability,Ablation-NoPreferenceRanking,shared_custom_moea,18,39,0.1703733880,0.1798168177,0.1984911564,0.0255730040,0.1006396434,1,0,1,0,0,0,0,0,0
budget_ranking_stability,Ablation-NoPreferenceRanking,shared_custom_moea,19,38,0.1682236775,0.1682236775,0.1875325712,0.0247098526,0.0985969399,0,0,0,0,0,0,0,0,0
budget_ranking_stability,Ablation-NoPreferenceRanking,shared_custom_moea,20,39,0.1708853667,0.1985480325,0.2144158283,0.0263582380,0.1035404694,4,0,4,0,0,0,0,0,0
budget_ranking_stability,Ablation-NoPreferenceRanking,shared_custom_moea,21,38,0.1706699150,0.2038924072,0.2179544582,0.0243295450,0.0969596859,5,0,5,1,0,1,0,0,0
budget_ranking_stability,Ablation-NoPreferenceRanking,shared_custom_moea,22,39,0.1732092255,0.1853983343,0.2022548674,0.0260778888,0.1026046928,3,0,3,0,0,0,0,0,0
budget_ranking_stability,Ablation-NoPreferenceRanking,shared_custom_moea,23,39,0.1729655824,0.2030518525,0.2174607760,0.0260632653,0.1028795784,5,0,5,0,0,0,0,0,0
budget_ranking_stability,Ablation-NoPreferenceRanking,shared_custom_moea,24,39,0.1688910255,0.2074243228,0.2233886815,0.0272783907,0.1062159126,6,0,6,2,0,2,0,0,0
budget_ranking_stability,Ablation-NoPreferenceRanking,shared_custom_moea,25,39,0.1724276140,0.1804180173,0.1981933875,0.0249623692,0.0977659257,2,0,2,0,0,0,0,0,0
budget_ranking_stability,Ablation-NoPreferenceRanking,shared_custom_moea,26,38,0.1724974036,0.1856096712,0.2025901317,0.0250229832,0.1000159334,3,0,3,0,0,0,0,0,0
budget_ranking_stability,Ablation-NoPreferenceRanking,shared_custom_moea,27,38,0.1698884174,0.2010156272,0.2171962003,0.0260111307,0.1030765118,5,0,5,0,0,0,0,0,0
budget_ranking_stability,Ablation-NoPreferenceRanking,shared_custom_moea,28,39,0.1741785732,0.2036413412,0.2180013757,0.0245628965,0.0995366426,4,0,4,0,0,0,0,0,0
budget_ranking_stability,Ablation-NoPreferenceRanking,shared_custom_moea,29,39,0.1707659209,0.1838040926,0.2014424589,0.0265531646,0.1037081454,3,0,3,0,0,0,0,0,0
budget_ranking_stability,AHP-TOPSIS,deterministic,unique,1,0.1324814280,0.2133626630,0.2317903616,0.0053280105,0.0268317181,1,0,1,1,0,1,0,0,0
budget_ranking_stability,Weighted Sum,deterministic,unique,1,0.0334945635,0.0334945635,0.0646233104,0.0011427679,0.0097740831,0,0,0,0,0,0,0,0,0
budget_ranking_stability,Greedy BCR,deterministic,unique,1,0.0380271809,0.0380271809,0.0702302474,0.0019335786,0.0136011135,0,0,0,0,0,0,0,0,0
preference_aware_support,TRACE-MOEA,shared_custom_moea,0,38,0.1762476837,0.1969537441,0.2109127055,0.0266536760,0.1044624351,3,0,3,0,0,0,0,0,0
preference_aware_support,TRACE-MOEA,shared_custom_moea,1,38,0.1778502604,0.2046571250,0.2167557114,0.0286268679,0.1091423287,5,0,5,0,0,0,0,0,0
preference_aware_support,TRACE-MOEA,shared_custom_moea,2,38,0.1714849504,0.1949715234,0.2074652569,0.0266186325,0.1019781189,3,0,3,0,0,0,0,0,0
preference_aware_support,TRACE-MOEA,shared_custom_moea,3,40,0.1727014902,0.2249010394,0.2336132404,0.0279516627,0.1063826224,8,0,8,2,0,2,0,0,0
preference_aware_support,TRACE-MOEA,shared_custom_moea,4,39,0.1746829660,0.2054378835,0.2181486018,0.0280595741,0.1079600237,5,0,5,0,0,0,0,0,0
preference_aware_support,TRACE-MOEA,shared_custom_moea,5,38,0.1765889081,0.1915139489,0.2056666251,0.0269508083,0.1047453193,2,0,2,0,0,0,0,0,0
preference_aware_support,TRACE-MOEA,shared_custom_moea,6,39,0.1709553511,0.1943123831,0.2106229421,0.0274318777,0.1065231376,3,0,3,0,0,0,0,0,0
preference_aware_support,TRACE-MOEA,shared_custom_moea,7,39,0.1789966211,0.2124444576,0.2228801088,0.0273689284,0.1064864229,5,0,5,0,0,0,0,0,0
preference_aware_support,TRACE-MOEA,shared_custom_moea,8,38,0.1763862084,0.1783189865,0.1941461903,0.0268667648,0.1043484042,1,0,1,0,0,0,0,0,0
preference_aware_support,TRACE-MOEA,shared_custom_moea,9,39,0.1761116367,0.1897042541,0.2045501167,0.0279747406,0.1069372140,3,0,3,0,0,0,0,0,0
preference_aware_support,TRACE-MOEA,shared_custom_moea,10,39,0.1760735543,0.2145176164,0.2264245238,0.0284437029,0.1093989805,4,0,4,1,0,1,0,0,0
preference_aware_support,TRACE-MOEA,shared_custom_moea,11,38,0.1743721795,0.2054681031,0.2185314861,0.0278564794,0.1076181547,5,0,5,0,0,0,0,0,0
preference_aware_support,TRACE-MOEA,shared_custom_moea,12,38,0.1751535328,0.1797461157,0.1931502667,0.0265040324,0.1014749214,2,0,2,0,0,0,0,0,0
preference_aware_support,TRACE-MOEA,shared_custom_moea,13,40,0.1738481385,0.1738481385,0.1893469676,0.0245939015,0.0974102358,0,0,0,0,0,0,0,0,0
preference_aware_support,TRACE-MOEA,shared_custom_moea,14,39,0.1755932672,0.2005326948,0.2144599392,0.0275981752,0.1063181597,4,0,4,0,0,0,0,0,0
preference_aware_support,TRACE-MOEA,shared_custom_moea,15,39,0.1750572609,0.2151601248,0.2250776027,0.0280079040,0.1071525735,7,0,7,2,0,2,0,0,0
preference_aware_support,TRACE-MOEA,shared_custom_moea,16,38,0.1756096033,0.2042748637,0.2176981391,0.0277718638,0.1073954947,4,0,4,0,0,0,0,0,0
preference_aware_support,TRACE-MOEA,shared_custom_moea,17,39,0.1738503498,0.2050345718,0.2189815531,0.0275180127,0.1067002846,4,0,4,0,0,0,0,0,0
preference_aware_support,TRACE-MOEA,shared_custom_moea,18,39,0.1791850169,0.2192559397,0.2297430314,0.0273174815,0.1063162066,4,0,4,1,0,1,0,0,0
preference_aware_support,TRACE-MOEA,shared_custom_moea,19,39,0.1750386052,0.1807282339,0.1951901462,0.0259569114,0.1009831149,2,0,2,0,0,0,0,0,0
preference_aware_support,TRACE-MOEA,shared_custom_moea,20,38,0.1737938600,0.1772051305,0.1942537889,0.0271247442,0.1050541287,1,0,1,0,0,0,0,0,0
preference_aware_support,TRACE-MOEA,shared_custom_moea,21,39,0.1748503812,0.2118756590,0.2242634839,0.0264617515,0.1042838747,7,0,7,1,0,1,0,0,0
preference_aware_support,TRACE-MOEA,shared_custom_moea,22,39,0.1749731284,0.1955005843,0.2100642543,0.0275340143,0.1065473155,1,0,1,0,0,0,0,0,0
preference_aware_support,TRACE-MOEA,shared_custom_moea,23,39,0.1726058614,0.1904913431,0.2032397138,0.0250979990,0.0982750998,2,0,2,0,0,0,0,0,0
preference_aware_support,TRACE-MOEA,shared_custom_moea,24,39,0.1746336970,0.1888374311,0.2022422769,0.0263334206,0.1023988649,2,0,2,0,0,0,0,0,0
preference_aware_support,TRACE-MOEA,shared_custom_moea,25,39,0.1753461213,0.2372895850,0.2471691337,0.0289658181,0.1114173134,9,0,9,4,0,4,0,0,0
preference_aware_support,TRACE-MOEA,shared_custom_moea,26,40,0.1775641983,0.2133927693,0.2248718671,0.0276230819,0.1071831800,7,0,7,1,0,1,0,0,0
preference_aware_support,TRACE-MOEA,shared_custom_moea,27,38,0.1730717785,0.2024071771,0.2169463943,0.0278361329,0.1074374360,5,0,5,0,0,0,0,0,0
preference_aware_support,TRACE-MOEA,shared_custom_moea,28,39,0.1737088653,0.1958507392,0.2102171157,0.0276859888,0.1068313937,3,0,3,0,0,0,0,0,0
preference_aware_support,TRACE-MOEA,shared_custom_moea,29,39,0.1772348977,0.1772348977,0.1924702136,0.0262833685,0.1027252110,0,0,0,0,0,0,0,0,0
preference_aware_support,Ablation-NoPreferenceRanking,shared_custom_moea,0,39,0.1739193940,0.1922113490,0.2082195811,0.0268539467,0.1048079969,4,0,4,0,0,0,0,0,0
preference_aware_support,Ablation-NoPreferenceRanking,shared_custom_moea,1,39,0.1740054760,0.2068183111,0.2194077411,0.0275001714,0.1055175134,5,0,5,0,0,0,0,0,0
preference_aware_support,Ablation-NoPreferenceRanking,shared_custom_moea,2,39,0.1726565827,0.1754636459,0.1931956780,0.0255978079,0.1007961083,1,0,1,0,0,0,0,0,0
preference_aware_support,Ablation-NoPreferenceRanking,shared_custom_moea,3,39,0.1736672606,0.1871379755,0.2033795258,0.0265274769,0.1031799950,3,0,3,0,0,0,0,0,0
preference_aware_support,Ablation-NoPreferenceRanking,shared_custom_moea,4,38,0.1734682644,0.1956451519,0.2113081754,0.0277788725,0.1070841837,4,0,4,0,0,0,0,0,0
preference_aware_support,Ablation-NoPreferenceRanking,shared_custom_moea,5,39,0.1767923475,0.1875488615,0.2024057736,0.0258544079,0.1015688311,2,0,2,0,0,0,0,0,0
preference_aware_support,Ablation-NoPreferenceRanking,shared_custom_moea,6,37,0.1753577888,0.2108999784,0.2237723147,0.0246806113,0.0990361700,5,0,5,1,0,1,0,0,0
preference_aware_support,Ablation-NoPreferenceRanking,shared_custom_moea,7,39,0.1749586748,0.2027690096,0.2170908875,0.0271568441,0.1055487765,7,0,7,0,0,0,0,0,0
preference_aware_support,Ablation-NoPreferenceRanking,shared_custom_moea,8,38,0.1740127552,0.2032162330,0.2173966830,0.0276087017,0.1064817614,4,0,4,0,0,0,0,0,0
preference_aware_support,Ablation-NoPreferenceRanking,shared_custom_moea,9,38,0.1726892569,0.1926914419,0.2067216465,0.0267515448,0.1034238231,2,0,2,0,0,0,0,0,0
preference_aware_support,Ablation-NoPreferenceRanking,shared_custom_moea,10,39,0.1732272435,0.1929317851,0.2081603064,0.0261966861,0.1025510238,3,0,3,0,0,0,0,0,0
preference_aware_support,Ablation-NoPreferenceRanking,shared_custom_moea,11,38,0.1770896596,0.1845292762,0.2002170793,0.0261184065,0.1018310298,3,0,3,0,0,0,0,0,0
preference_aware_support,Ablation-NoPreferenceRanking,shared_custom_moea,12,39,0.1739195413,0.2193825603,0.2319432211,0.0274229680,0.1063943361,7,0,7,2,0,2,0,0,0
preference_aware_support,Ablation-NoPreferenceRanking,shared_custom_moea,13,38,0.1768247456,0.2035303841,0.2165947397,0.0267686579,0.1035088145,4,0,4,0,0,0,0,0,0
preference_aware_support,Ablation-NoPreferenceRanking,shared_custom_moea,14,39,0.1759680451,0.1929879292,0.2079816345,0.0274519009,0.1059023197,3,0,3,0,0,0,0,0,0
preference_aware_support,Ablation-NoPreferenceRanking,shared_custom_moea,15,39,0.1767922384,0.2075637952,0.2194423063,0.0272711415,0.1054149344,5,0,5,0,0,0,0,0,0
preference_aware_support,Ablation-NoPreferenceRanking,shared_custom_moea,16,39,0.1727100424,0.2106906699,0.2243850197,0.0281138363,0.1085086814,5,0,5,1,0,1,0,0,0
preference_aware_support,Ablation-NoPreferenceRanking,shared_custom_moea,17,39,0.1762213348,0.1875731899,0.2023915015,0.0254655329,0.1011949488,2,0,2,0,0,0,0,0,0
preference_aware_support,Ablation-NoPreferenceRanking,shared_custom_moea,18,38,0.1764196886,0.2072446020,0.2195952423,0.0261462341,0.1020455096,6,0,6,0,0,0,0,0,0
preference_aware_support,Ablation-NoPreferenceRanking,shared_custom_moea,19,38,0.1750609966,0.2115229002,0.2241225778,0.0259229643,0.1016361484,5,0,5,1,0,1,0,0,0
preference_aware_support,Ablation-NoPreferenceRanking,shared_custom_moea,20,38,0.1760517226,0.1964395457,0.2108152293,0.0274131024,0.1053949691,4,0,4,0,0,0,0,0,0
preference_aware_support,Ablation-NoPreferenceRanking,shared_custom_moea,21,38,0.1744179460,0.2057467045,0.2190181307,0.0279673742,0.1074666045,4,0,4,0,0,0,0,0,0
preference_aware_support,Ablation-NoPreferenceRanking,shared_custom_moea,22,39,0.1757086113,0.2188069549,0.2308017501,0.0277351314,0.1069532765,4,0,4,1,0,1,0,0,0
preference_aware_support,Ablation-NoPreferenceRanking,shared_custom_moea,23,37,0.1748477939,0.1951940584,0.2100119201,0.0263117358,0.1032171517,4,0,4,0,0,0,0,0,0
preference_aware_support,Ablation-NoPreferenceRanking,shared_custom_moea,24,39,0.1764383284,0.2215069673,0.2337951345,0.0266774528,0.1047778037,7,0,7,2,0,2,0,0,0
preference_aware_support,Ablation-NoPreferenceRanking,shared_custom_moea,25,39,0.1725768727,0.2152290760,0.2283982854,0.0281592534,0.1087272735,6,0,6,1,0,1,0,0,0
preference_aware_support,Ablation-NoPreferenceRanking,shared_custom_moea,26,39,0.1748725449,0.2088889897,0.2227091252,0.0270036542,0.1051308616,5,0,5,1,0,1,0,0,0
preference_aware_support,Ablation-NoPreferenceRanking,shared_custom_moea,27,38,0.1731501553,0.2048099839,0.2189947627,0.0264505903,0.1035600319,5,0,5,0,0,0,0,0,0
preference_aware_support,Ablation-NoPreferenceRanking,shared_custom_moea,28,39,0.1763619288,0.1925993721,0.2067172844,0.0268464986,0.1046940967,3,0,3,0,0,0,0,0,0
preference_aware_support,Ablation-NoPreferenceRanking,shared_custom_moea,29,38,0.1764175050,0.2156503516,0.2268545095,0.0270170828,0.1059205313,7,0,7,1,0,1,0,0,0
preference_aware_support,AHP-TOPSIS,deterministic,unique,1,0.1338178615,0.2174849222,0.2353761519,0.0035107443,0.0214078837,1,0,1,1,0,1,0,0,0
preference_aware_support,Weighted Sum,deterministic,unique,1,0.0280125059,0.0280125059,0.0567322102,0.0011178772,0.0089493379,0,0,0,0,0,0,0,0,0
preference_aware_support,Greedy BCR,deterministic,unique,1,0.0411081027,0.0411081027,0.0726588946,0.0017100024,0.0126704727,0,0,0,0,0,0,0,0,0
traceability_evaluation,TRACE-MOEA,shared_custom_moea,0,37,0.1747088035,0.2061157399,0.2190525312,0.0276455892,0.1069203280,4,0,4,0,0,0,0,0,0
traceability_evaluation,TRACE-MOEA,shared_custom_moea,1,37,0.1757688481,0.2031388214,0.2157783444,0.0269533909,0.1050914990,3,0,3,0,0,0,0,0,0
traceability_evaluation,TRACE-MOEA,shared_custom_moea,2,39,0.1750244518,0.1907276637,0.2057765539,0.0277157966,0.1063560519,3,0,3,0,0,0,0,0,0
traceability_evaluation,TRACE-MOEA,shared_custom_moea,3,38,0.1769240828,0.2018496241,0.2151112934,0.0276770544,0.1071164383,4,0,4,0,0,0,0,0,0
traceability_evaluation,TRACE-MOEA,shared_custom_moea,4,39,0.1756331998,0.2112254342,0.2235395183,0.0280961807,0.1081526678,5,0,5,1,0,1,0,0,0
traceability_evaluation,TRACE-MOEA,shared_custom_moea,5,39,0.1741393843,0.2023852064,0.2147731797,0.0266677893,0.1033049841,4,0,4,0,0,0,0,0,0
traceability_evaluation,TRACE-MOEA,shared_custom_moea,6,38,0.1750325126,0.2062839308,0.2188462010,0.0271908794,0.1059808402,3,0,3,0,0,0,0,0,0
traceability_evaluation,TRACE-MOEA,shared_custom_moea,7,40,0.1759540513,0.2216573798,0.2324405665,0.0279159881,0.1075393708,5,0,5,1,0,1,0,0,0
traceability_evaluation,TRACE-MOEA,shared_custom_moea,8,39,0.1741833350,0.1757678791,0.1926039331,0.0264751917,0.1033371062,1,0,1,0,0,0,0,0,0
traceability_evaluation,TRACE-MOEA,shared_custom_moea,9,38,0.1780180000,0.2060915212,0.2185108559,0.0264801699,0.1036858934,4,0,4,0,0,0,0,0,0
traceability_evaluation,TRACE-MOEA,shared_custom_moea,10,39,0.1745883289,0.2046521532,0.2182019359,0.0270656361,0.1041088133,4,0,4,0,0,0,0,0,0
traceability_evaluation,TRACE-MOEA,shared_custom_moea,11,40,0.1757016545,0.2002726718,0.2142128143,0.0276477224,0.1069735821,4,0,4,0,0,0,0,0,0
traceability_evaluation,TRACE-MOEA,shared_custom_moea,12,38,0.1774505035,0.2098156684,0.2210257568,0.0275339322,0.1068134194,5,0,5,0,0,0,0,0,0
traceability_evaluation,TRACE-MOEA,shared_custom_moea,13,39,0.1748951877,0.1866507621,0.2002237048,0.0259844248,0.1011671983,2,0,2,0,0,0,0,0,0
traceability_evaluation,TRACE-MOEA,shared_custom_moea,14,38,0.1757504130,0.1936020455,0.2080649008,0.0279253878,0.1067508020,4,0,4,0,0,0,0,0,0
traceability_evaluation,TRACE-MOEA,shared_custom_moea,15,39,0.1746884663,0.2004527450,0.2141954748,0.0279752673,0.1077993665,4,0,4,0,0,0,0,0,0
traceability_evaluation,TRACE-MOEA,shared_custom_moea,16,39,0.1737915166,0.2203126471,0.2298791759,0.0272487616,0.1047528237,6,0,6,2,0,2,0,0,0
traceability_evaluation,TRACE-MOEA,shared_custom_moea,17,39,0.1762222564,0.1971632210,0.2102076145,0.0274812195,0.1063796573,4,0,4,0,0,0,0,0,0
traceability_evaluation,TRACE-MOEA,shared_custom_moea,18,38,0.1732536866,0.1760841954,0.1935009891,0.0252245452,0.0999345230,1,0,1,0,0,0,0,0,0
traceability_evaluation,TRACE-MOEA,shared_custom_moea,19,37,0.1757204548,0.2265372813,0.2368274018,0.0282620293,0.1088323459,6,0,6,2,0,2,0,0,0
traceability_evaluation,TRACE-MOEA,shared_custom_moea,20,39,0.1770463463,0.2074801288,0.2197755993,0.0279781148,0.1078924967,5,0,5,0,0,0,0,0,0
traceability_evaluation,TRACE-MOEA,shared_custom_moea,21,39,0.1763024372,0.2043219454,0.2164972194,0.0282027051,0.1081128818,6,0,6,0,0,0,0,0,0
traceability_evaluation,TRACE-MOEA,shared_custom_moea,22,40,0.1740023766,0.2277530129,0.2387543356,0.0290538495,0.1112618878,9,0,9,3,0,3,0,0,0
traceability_evaluation,TRACE-MOEA,shared_custom_moea,23,38,0.1757367832,0.2199074770,0.2315926038,0.0281626784,0.1087659760,4,0,4,2,0,2,0,0,0
traceability_evaluation,TRACE-MOEA,shared_custom_moea,24,38,0.1775530215,0.1953169764,0.2088619448,0.0278522029,0.1071731750,2,0,2,0,0,0,0,0,0
traceability_evaluation,TRACE-MOEA,shared_custom_moea,25,39,0.1763979792,0.2062210629,0.2195956363,0.0276020158,0.1070674727,3,0,3,0,0,0,0,0,0
traceability_evaluation,TRACE-MOEA,shared_custom_moea,26,38,0.1754305036,0.1760158019,0.1921067869,0.0260188586,0.1022069380,1,0,1,0,0,0,0,0,0
traceability_evaluation,TRACE-MOEA,shared_custom_moea,27,39,0.1728818939,0.2006664903,0.2138390924,0.0262086522,0.1019322376,3,0,3,0,0,0,0,0,0
traceability_evaluation,TRACE-MOEA,shared_custom_moea,28,39,0.1686401486,0.2042563411,0.2162025201,0.0265277288,0.1021534346,6,0,6,1,0,1,0,0,0
traceability_evaluation,TRACE-MOEA,shared_custom_moea,29,39,0.1748062200,0.2022731138,0.2154078364,0.0280977769,0.1079488714,5,0,5,0,0,0,0,0,0
traceability_evaluation,Ablation-NoPreferenceRanking,shared_custom_moea,0,38,0.1752133846,0.1807982119,0.1974011894,0.0253184856,0.0992467944,1,0,1,0,0,0,0,0,0
traceability_evaluation,Ablation-NoPreferenceRanking,shared_custom_moea,1,38,0.1775463059,0.2289238639,0.2388662309,0.0289608204,0.1108885826,8,0,8,3,0,3,0,0,0
traceability_evaluation,Ablation-NoPreferenceRanking,shared_custom_moea,2,39,0.1760217210,0.1932405879,0.2072539277,0.0270046839,0.1039177883,3,0,3,0,0,0,0,0,0
traceability_evaluation,Ablation-NoPreferenceRanking,shared_custom_moea,3,38,0.1778195881,0.1877703059,0.2027412180,0.0270042238,0.1049561002,2,0,2,0,0,0,0,0,0
traceability_evaluation,Ablation-NoPreferenceRanking,shared_custom_moea,4,38,0.1763936036,0.1990742026,0.2123159355,0.0274916693,0.1059058453,4,0,4,0,0,0,0,0,0
traceability_evaluation,Ablation-NoPreferenceRanking,shared_custom_moea,5,39,0.1758477015,0.2053442958,0.2186296719,0.0275457627,0.1067600720,4,0,4,0,0,0,0,0,0
traceability_evaluation,Ablation-NoPreferenceRanking,shared_custom_moea,6,39,0.1743037132,0.2197205433,0.2327954919,0.0284239621,0.1095342579,6,0,6,1,0,1,0,0,0
traceability_evaluation,Ablation-NoPreferenceRanking,shared_custom_moea,7,38,0.1751114982,0.1928032574,0.2060591115,0.0257217735,0.1003207340,3,0,3,0,0,0,0,0,0
traceability_evaluation,Ablation-NoPreferenceRanking,shared_custom_moea,8,39,0.1754620177,0.1969869320,0.2112557261,0.0267560975,0.1037767562,3,0,3,0,0,0,0,0,0
traceability_evaluation,Ablation-NoPreferenceRanking,shared_custom_moea,9,39,0.1785682877,0.2011863607,0.2139981199,0.0265576467,0.1039039306,3,0,3,0,0,0,0,0,0
traceability_evaluation,Ablation-NoPreferenceRanking,shared_custom_moea,10,39,0.1752321433,0.2099761148,0.2233348187,0.0271624557,0.1059780408,6,0,6,1,0,1,0,0,0
traceability_evaluation,Ablation-NoPreferenceRanking,shared_custom_moea,11,38,0.1748867767,0.2029749299,0.2166947024,0.0272982797,0.1057167975,3,0,3,0,0,0,0,0,0
traceability_evaluation,Ablation-NoPreferenceRanking,shared_custom_moea,12,38,0.1738193018,0.1867083335,0.2027058074,0.0268946207,0.1042929272,3,0,3,0,0,0,0,0,0
traceability_evaluation,Ablation-NoPreferenceRanking,shared_custom_moea,13,39,0.1709172660,0.1937931070,0.2105728158,0.0272544064,0.1058977024,4,0,4,0,0,0,0,0,0
traceability_evaluation,Ablation-NoPreferenceRanking,shared_custom_moea,14,39,0.1737593219,0.1898600095,0.2055560349,0.0264334654,0.1036595459,4,0,4,0,0,0,0,0,0
traceability_evaluation,Ablation-NoPreferenceRanking,shared_custom_moea,15,39,0.1753658845,0.1936410092,0.2089171244,0.0265253480,0.1032873017,2,0,2,0,0,0,0,0,0
traceability_evaluation,Ablation-NoPreferenceRanking,shared_custom_moea,16,38,0.1752503963,0.1956009507,0.2098706734,0.0269168812,0.1041150065,3,0,3,0,0,0,0,0,0
traceability_evaluation,Ablation-NoPreferenceRanking,shared_custom_moea,17,38,0.1757101690,0.2000135755,0.2141953227,0.0270419613,0.1050927119,3,0,3,0,0,0,0,0,0
traceability_evaluation,Ablation-NoPreferenceRanking,shared_custom_moea,18,38,0.1624002599,0.1624002599,0.1815363493,0.0244460557,0.0980253248,0,0,0,0,0,0,0,0,0
traceability_evaluation,Ablation-NoPreferenceRanking,shared_custom_moea,19,38,0.1731489892,0.2044595796,0.2184175836,0.0279445991,0.1077225450,5,0,5,0,0,0,0,0,0
traceability_evaluation,Ablation-NoPreferenceRanking,shared_custom_moea,20,39,0.1734941677,0.1878381892,0.2027527635,0.0264955517,0.1024298528,2,0,2,0,0,0,0,0,0
traceability_evaluation,Ablation-NoPreferenceRanking,shared_custom_moea,21,39,0.1742473538,0.2113900109,0.2245223554,0.0280291555,0.1069649097,6,0,6,2,0,2,0,0,0
traceability_evaluation,Ablation-NoPreferenceRanking,shared_custom_moea,22,39,0.1722373987,0.1873549114,0.2040325440,0.0254583609,0.1010862473,2,0,2,0,0,0,0,0,0
traceability_evaluation,Ablation-NoPreferenceRanking,shared_custom_moea,23,38,0.1738717136,0.2090168187,0.2221946959,0.0261910699,0.1031836927,5,0,5,1,0,1,0,0,0
traceability_evaluation,Ablation-NoPreferenceRanking,shared_custom_moea,24,39,0.1774418973,0.2198883929,0.2316010181,0.0270865701,0.1064312660,5,0,5,1,0,1,0,0,0
traceability_evaluation,Ablation-NoPreferenceRanking,shared_custom_moea,25,39,0.1737832702,0.2023437429,0.2162512084,0.0271906966,0.1055459912,4,0,4,0,0,0,0,0,0
traceability_evaluation,Ablation-NoPreferenceRanking,shared_custom_moea,26,38,0.1709578401,0.1710285562,0.1901418443,0.0260201365,0.1019630707,1,0,1,0,0,0,0,0,0
traceability_evaluation,Ablation-NoPreferenceRanking,shared_custom_moea,27,38,0.1779182257,0.1887610366,0.2033034063,0.0274599211,0.1054653893,2,0,2,0,0,0,0,0,0
traceability_evaluation,Ablation-NoPreferenceRanking,shared_custom_moea,28,39,0.1730759179,0.1730759179,0.1907013699,0.0258414049,0.1018412936,0,0,0,0,0,0,0,0,0
traceability_evaluation,Ablation-NoPreferenceRanking,shared_custom_moea,29,39,0.1729033283,0.1864804510,0.2030448521,0.0266563529,0.1041169419,2,0,2,0,0,0,0,0,0
traceability_evaluation,AHP-TOPSIS,deterministic,unique,1,0.1338178615,0.2174849222,0.2353761519,0.0035107443,0.0214078837,1,0,1,1,0,1,0,0,0
traceability_evaluation,Weighted Sum,deterministic,unique,1,0.0280125059,0.0280125059,0.0567322102,0.0011178772,0.0089493379,0,0,0,0,0,0,0,0,0
traceability_evaluation,Greedy BCR,deterministic,unique,1,0.0411081027,0.0411081027,0.0726588946,0.0017100024,0.0126704727,0,0,0,0,0,0,0,0,0
