Clearsky DHI,GHI,cluster,DHI,Temperature,Cloud Type,Clearsky GHI,Clearsky DNI,DNI,Relative Humidity,Solar Zenith Angle,Wind Speed
63,429,1,63,9.0,0,429,873,873,72.53,65.23,5.0
59,344,1,59,8.4,1,344,818,818,72.73,69.57,4.7
66,320,1,152,2.7,7,433,873,399,58.45,65.1,1.9
68,341,1,163,3.0,7,462,886,401,54.51,63.6,1.4
66,319,1,152,3.1,7,433,871,396,53.72,65.12,0.9
69,365,1,146,5.4,7,470,898,492,72.12,63.51,4.4
60,358,1,60,5.4,0,358,843,843,69.23,69.32,3.5
65,331,1,175,6.2,7,458,877,349,76.5,63.4,3.7
60,319,1,159,-1.8,7,455,922,374,58.31,64.68,3.3
62,356,1,161,-1.2,7,480,920,430,56.93,63.05,3.0
63,450,1,63,-0.8,0,450,897,897,56.47,64.47,2.6
59,365,1,59,4.4,0,365,851,851,74.83,68.96,6.1
66,449,1,66,5.0,0,449,889,889,73.08,64.46,5.9
53,375,1,53,-3.6,0,375,890,890,67.47,68.76,5.4
56,464,1,56,-2.7,0,464,938,938,64.59,64.21,5.2
57,497,1,57,-2.1,0,497,954,954,63.28,62.48,5.2
57,351,1,150,-1.7,7,472,941,456,62.42,63.83,5.1
50,384,1,50,-1.8,0,384,895,895,63.21,68.05,5.1
64,365,1,64,-2.7,0,365,827,827,63.4,68.65,1.8
73,323,1,194,-0.6,4,487,890,278,57.16,62.32,1.6
69,448,1,69,-1.8,1,448,861,861,63.82,63.93,3.3
70,482,1,70,-1.2,1,482,880,880,62.83,62.16,3.3
66,357,1,152,-1.1,4,460,882,459,64.37,63.47,3.4
61,381,1,61,-2.5,1,381,872,872,76.22,68.42,3.8
64,473,1,64,-1.4,0,473,927,927,71.4,63.78,3.5
63,508,1,63,-0.5,0,508,948,948,67.09,61.98,3.3
60,483,1,60,0.1,0,483,941,941,63.97,63.28,3.1
55,401,1,55,0.2,0,401,902,902,63.39,67.49,2.9
68,466,1,68,0.1,1,466,897,897,67.06,63.62,2.3
70,381,1,165,0.8,7,501,910,456,64.77,61.8,2.1
69,361,1,157,1.2,7,476,900,452,63.83,63.09,2.0
64,394,1,64,1.3,0,394,855,855,64.9,67.29,1.9
66,478,1,66,-1.9,0,478,916,916,50.59,63.29,2.1
67,388,1,165,-1.2,7,510,924,466,48.17,61.42,1.7
81,358,1,183,-11.9,7,518,924,370,76.24,61.79,7.3
70,334,1,122,-11.7,4,437,903,521,75.83,65.98,7.5
57,416,1,57,-6.4,0,416,927,927,69.33,67.19,3.6
62,369,1,162,-4.8,7,513,970,447,64.53,62.34,3.1
63,544,1,63,-3.5,0,544,971,971,60.86,60.36,2.7
64,515,1,64,-2.6,0,515,948,948,58.56,61.56,2.3
61,430,1,61,-2.2,0,430,899,899,58.05,65.75,2.0
81,502,1,81,2.2,0,502,889,889,66.67,61.69,4.7
84,541,1,84,2.4,0,541,906,906,65.81,59.65,5.0
80,520,1,80,2.4,1,520,903,903,65.06,60.82,5.2
75,330,1,145,1.9,7,439,862,437,65.13,65.02,5.3
70,416,1,70,-1.7,0,416,865,865,54.33,66.43,2.3
80,506,1,80,-0.8,0,506,891,891,54.55,61.46,2.3
85,543,1,85,-0.2,0,543,899,899,55.58,59.4,2.3
77,526,1,77,0.2,0,526,915,915,56.94,60.57,2.3
68,408,1,68,5.2,0,408,841,841,81.21,66.22,4.7
76,499,1,76,5.8,0,499,878,878,78.89,61.23,5.1
82,361,1,221,6.0,4,536,885,272,79.06,59.15,5.3
58,328,1,127,-2.8,7,428,911,494,62.93,66.01,3.8
62,328,1,209,-2.1,7,525,956,245,61.16,60.98,3.6
64,340,1,231,-1.4,7,565,970,212,59.71,58.89,3.3
67,327,1,221,-0.9,7,538,943,211,58.39,60.04,2.7
66,447,1,66,-3.6,0,447,921,921,62.22,65.56,3.3
79,546,1,79,-2.4,0,546,948,948,61.47,60.48,3.6
92,578,1,92,-1.5,0,578,926,926,62.44,58.35,4.4
99,553,1,99,-0.8,0,553,895,895,64.35,59.49,5.4
70,407,1,60,-11.8,4,465,946,833,71.14,65.33,4.2
76,472,1,87,-10.6,4,557,968,775,67.98,60.22,4.0
78,487,1,119,-9.6,4,598,984,696,65.8,58.08,3.9
76,487,1,93,-8.9,4,576,978,768,64.82,59.21,3.9
71,420,1,75,-8.6,4,493,944,772,65.02,63.46,4.0
95,339,1,134,-9.3,7,436,808,488,60.35,65.09,2.0
109,385,1,193,-8.6,7,534,850,383,60.53,59.96,2.2
118,394,1,223,-8.1,7,574,854,321,62.2,57.79,2.2
121,495,1,90,-7.7,4,546,824,784,63.88,58.93,2.1
116,344,1,166,-7.4,8,463,770,394,65.26,63.18,2.0
63,340,1,138,-4.0,7,438,880,473,62.0,64.85,2.5
71,404,1,183,-2.7,4,531,912,438,65.0,59.69,3.4
76,395,1,227,-1.6,7,567,916,314,67.73,57.51,4.1
79,376,1,220,-0.9,7,541,888,300,71.12,58.64,4.5
76,374,1,147,-0.4,4,459,840,500,74.73,62.91,4.7
70,328,1,70,-0.3,1,328,745,745,79.63,69.71,4.7
82,427,1,82,3.3,0,427,804,804,77.54,64.6,1.1
89,521,1,89,5.3,0,521,850,850,74.81,59.42,1.1
91,436,1,205,6.3,2,561,868,427,75.16,57.22,1.2
91,400,1,211,6.7,7,541,858,360,77.56,58.35,1.4
83,360,1,165,6.4,7,462,824,424,82.3,62.63,1.5
72,334,1,72,5.2,1,334,749,749,88.24,69.45,1.4
68,435,1,68,5.9,0,435,848,848,87.73,64.35,1.3
73,531,1,73,7.6,0,531,894,894,85.36,59.14,1.8
75,572,1,75,8.6,0,572,910,910,84.67,56.92,2.1
73,552,1,73,9.2,0,552,905,905,84.37,58.05,1.9
68,474,1,68,9.1,0,474,874,874,87.14,62.35,1.5
60,346,1,60,7.7,0,346,805,805,91.93,69.19,1.2
81,440,1,213,12.3,2,559,869,412,81.88,56.62,1.9
81,542,1,81,13.5,0,542,865,865,82.02,57.75,1.8
78,468,1,78,13.9,0,468,831,831,83.81,62.06,1.7
70,341,1,70,13.2,0,341,755,755,89.35,68.93,1.4
66,453,1,66,4.6,0,453,877,877,70.51,63.82,2.8
73,420,1,192,5.3,7,546,906,438,70.07,58.56,2.6
80,417,1,232,5.9,7,578,898,332,70.36,56.32,2.2
86,318,1,245,6.1,4,547,857,136,72.87,57.45,2.4
71,457,1,194,9.2,2,590,948,481,69.33,56.83,6.1
66,517,1,66,8.1,1,517,935,935,67.55,61.19,6.0
56,340,1,56,-3.1,0,340,855,855,63.59,70.66,6.2
68,490,1,68,-2.3,0,490,931,931,62.43,62.99,6.2
74,592,1,74,-1.6,0,592,968,968,62.35,57.66,6.1
77,634,1,77,-0.9,0,634,979,979,62.09,55.37,5.9
73,607,1,73,-0.5,0,607,969,969,62.46,56.51,5.6
67,525,1,67,-0.3,0,525,941,941,62.75,60.89,5.2
59,391,1,59,-0.5,0,391,878,878,64.25,67.85,4.8
61,335,1,61,-2.6,0,335,817,817,62.09,70.4,2.0
68,485,1,68,-1.3,0,485,910,910,57.5,62.71,1.9
76,581,1,76,-0.3,0,581,937,937,56.22,57.35,2.1
78,451,1,229,0.5,7,618,943,388,55.85,55.05,2.5
81,417,1,232,0.8,7,593,921,334,56.9,56.2,2.6
70,350,1,70,2.4,0,350,801,801,86.7,69.6,4.7
83,459,1,70,3.0,7,502,888,825,78.52,61.83,5.2
91,509,1,133,3.3,2,603,924,680,72.84,56.39,5.5
99,345,1,272,3.4,4,640,921,124,71.88,54.06,5.5
65,352,1,65,1.0,1,352,813,813,72.7,69.33,4.2
76,499,1,76,1.9,1,499,886,886,71.59,61.52,3.9
84,594,1,84,2.7,1,594,912,912,71.28,56.07,3.5
92,422,1,265,3.5,7,626,902,265,70.28,53.72,3.2
84,608,1,84,4.0,1,608,911,911,70.26,54.89,2.9
78,525,1,78,4.4,1,525,878,878,70.91,59.38,2.4
69,394,1,69,4.2,0,394,814,814,77.27,66.48,1.7
89,338,1,268,9.8,4,600,882,122,89.34,54.56,4.2
89,368,1,218,9.6,4,515,828,292,92.0,59.07,4.0
68,364,1,68,1.7,0,364,816,816,68.99,68.76,3.8
81,514,1,81,2.5,0,514,890,890,66.98,60.9,3.5
90,614,1,90,3.4,0,614,923,923,65.51,55.4,3.4
94,651,1,94,4.0,0,651,926,926,65.09,53.03,3.3
82,635,1,82,4.4,0,635,945,945,65.5,54.22,3.3
78,552,1,78,4.5,0,552,915,915,66.79,58.76,3.4
70,417,1,70,4.1,0,417,850,850,69.53,65.92,3.5
60,376,1,60,-0.7,0,376,860,860,66.25,68.47,2.4
70,528,1,70,0.7,0,528,933,933,60.23,60.59,1.7
75,631,1,75,1.1,0,631,970,970,58.26,55.06,1.2
77,667,1,77,1.2,0,667,974,974,58.03,52.68,0.6
75,335,1,234,1.4,7,554,916,192,63.07,58.45,1.3
94,413,1,94,3.4,1,413,766,766,76.63,65.37,5.7
61,317,1,93,-2.5,7,387,866,595,67.13,67.88,3.2
71,443,1,125,-1.6,7,539,935,634,63.99,59.94,3.1
75,508,1,178,-0.6,7,642,973,566,60.98,54.37,3.0
76,528,1,212,0.2,7,685,987,513,59.08,51.97,3.0
74,498,1,223,0.7,7,663,984,460,58.44,53.2,3.1
71,580,1,71,0.9,0,580,956,956,58.87,57.82,3.2
64,442,1,64,0.7,0,442,898,898,60.98,65.08,3.2
82,389,1,82,2.1,0,389,794,794,94.35,67.28,3.6
92,543,1,92,3.1,0,543,882,882,92.02,59.29,3.5
97,586,1,100,4.2,7,647,927,820,88.41,53.66,3.4
98,561,1,187,5.1,7,689,943,597,84.52,51.25,3.3
96,580,1,134,5.6,2,664,932,732,82.03,52.51,2.9
94,410,1,221,5.9,2,579,895,349,80.1,57.19,2.7
85,438,1,85,5.6,1,438,819,819,81.63,64.52,2.4
85,379,1,210,3.1,7,542,886,327,72.06,58.95,2.6
88,446,1,257,3.5,7,644,930,317,69.67,53.31,2.6
91,312,1,275,3.9,6,685,941,58,69.08,50.89,2.6
90,464,1,264,4.1,7,663,933,325,69.6,52.16,2.4
86,347,1,247,4.0,7,579,902,184,72.82,56.88,2.2
82,348,1,228,2.5,7,548,895,231,71.57,58.61,1.8
88,371,1,280,3.3,6,649,930,152,68.82,52.95,1.5
92,329,1,284,3.6,6,687,936,71,69.22,50.52,1.2
80,410,1,80,0.8,0,410,812,812,64.61,66.03,8.0
86,565,1,86,1.1,0,565,902,902,62.93,57.93,8.2
85,455,1,270,1.4,4,670,956,302,61.73,52.22,8.2
84,713,1,84,1.6,1,713,974,974,61.23,49.78,8.2
82,505,1,256,1.9,4,696,979,396,61.15,51.11,8.0
72,613,1,72,1.9,1,613,966,966,61.72,55.92,7.9
65,473,1,65,1.5,0,473,912,912,62.6,63.4,7.7
76,410,1,76,-2.1,0,410,813,813,63.58,65.71,4.8
81,564,1,81,-1.1,0,564,900,900,62.75,57.58,4.9
90,663,1,90,-0.2,0,663,928,928,62.57,51.85,5.0
96,537,1,258,0.3,7,703,933,428,62.66,49.4,5.0
91,682,1,91,0.4,0,682,934,934,63.44,50.75,5.0
89,597,1,89,0.3,0,597,899,899,64.27,55.6,5.0
77,350,1,158,0.0,4,460,847,424,65.31,63.12,4.9
135,386,1,231,-4.1,7,539,747,286,60.18,57.23,2.2
142,331,1,281,-3.6,7,640,800,81,60.86,51.48,2.0
139,401,1,310,-3.2,4,680,826,139,62.53,49.03,1.8
124,496,1,271,-2.8,7,663,844,352,64.75,50.39,1.8
112,328,1,259,-2.3,4,582,824,121,66.11,55.28,1.7
98,353,1,162,-2.0,7,447,765,418,68.67,62.84,2.1
78,439,1,78,-1.7,0,439,856,856,69.95,65.07,5.1
88,595,1,88,-0.7,0,595,927,927,65.41,56.88,4.9
94,691,1,94,0.2,0,691,950,950,62.41,51.1,4.5
97,733,1,97,0.8,0,733,963,963,60.99,48.65,4.2
91,711,1,91,1.2,0,711,965,965,60.24,50.03,3.8
85,485,1,196,1.3,7,620,932,504,60.22,54.96,3.5
77,418,1,91,1.0,7,480,876,709,61.52,62.56,3.1
148,366,1,307,2.0,4,708,842,89,75.0,48.27,2.4
127,486,1,214,3.3,4,603,817,465,81.39,54.32,1.9
105,354,1,135,2.3,7,431,747,500,74.28,64.08,2.3
119,461,1,203,2.9,7,582,825,458,69.48,55.81,1.9
131,579,1,190,4.1,8,682,858,605,60.61,49.96,0.9
138,719,1,138,4.6,1,719,860,860,58.13,47.5,0.4
135,511,1,284,4.4,4,693,850,345,62.68,48.95,1.2
111,670,1,142,1.8,4,749,938,776,83.08,47.12,4.1
112,618,1,177,1.9,4,729,933,667,80.86,48.59,4.1
106,533,1,160,1.7,4,641,903,629,80.27,53.67,4.1
94,498,1,94,1.3,0,498,847,847,80.28,61.44,4.1
76,318,1,76,0.7,1,318,742,742,80.82,70.94,4.1
75,479,1,75,-3.9,0,479,902,902,65.01,63.4,1.8
87,636,1,87,-3.1,0,636,960,960,66.61,55.08,2.1
97,740,1,97,-2.4,1,740,984,984,68.98,49.2,2.6
102,780,1,102,-1.8,1,780,989,989,70.66,46.73,3.0
105,746,1,105,-1.5,1,746,962,962,72.07,48.23,3.2
104,656,1,104,-1.4,0,656,925,925,73.13,53.35,3.4
93,512,1,93,-1.6,0,512,868,868,74.66,61.16,3.5
77,325,1,77,-2.0,0,325,750,750,76.38,70.69,3.5
75,493,1,75,-6.3,1,493,923,923,72.19,63.06,4.7
99,649,1,99,-5.8,1,649,952,952,71.08,54.72,4.8
109,621,1,164,-5.4,4,745,965,694,70.1,48.81,4.9
113,697,1,122,-5.0,4,786,975,833,69.3,46.34,4.9
110,595,1,214,-4.6,4,761,970,568,68.34,47.86,5.0
104,480,1,238,-4.5,4,671,943,401,68.75,53.03,4.9
92,384,1,171,-4.5,4,524,888,436,69.74,60.88,4.7
73,336,1,73,-4.6,1,336,787,787,71.54,70.45,4.2
94,485,1,94,-4.2,1,485,854,854,73.3,62.72,3.7
117,559,1,109,-3.4,4,633,886,772,72.17,54.35,4.0
135,527,1,279,-2.9,4,735,905,374,72.29,48.42,4.0
145,482,1,330,-2.5,4,774,905,219,73.61,45.95,4.0
160,541,1,284,-2.2,4,743,863,379,75.81,47.5,3.9
157,314,1,269,-1.8,4,652,817,75,77.16,52.71,3.9
134,418,1,140,-1.6,4,507,760,567,77.55,60.6,3.9
85,455,1,63,-1.0,4,496,886,845,58.92,62.38,0.6
99,553,1,123,-0.1,7,647,931,730,59.8,53.98,1.0
108,610,1,192,0.6,7,750,959,624,61.56,48.03,1.4
114,667,1,179,1.2,4,790,965,697,63.64,45.56,1.7
115,663,1,145,1.6,7,757,943,761,64.85,47.14,1.9
114,514,1,216,1.9,4,662,898,489,65.97,52.39,2.0
107,394,1,172,1.9,4,509,811,447,69.43,60.32,2.2
93,479,1,93,2.2,1,479,823,823,78.37,62.04,1.7
89,638,1,89,3.5,1,638,925,925,70.97,53.61,1.5
94,738,1,94,4.6,1,738,956,956,64.49,47.64,1.2
96,778,1,96,5.5,0,778,967,967,59.76,45.17,0.9
94,752,1,94,6.0,0,752,961,961,58.93,46.77,0.8
90,664,1,90,6.1,0,664,932,932,60.24,52.07,0.8
84,520,1,84,6.0,1,520,874,874,62.53,60.05,0.6
70,333,1,70,4.6,0,333,758,758,76.32,69.72,0.7
81,490,1,81,5.4,0,490,854,854,78.34,61.35,3.5
99,634,1,99,6.2,1,634,887,887,73.9,52.87,3.5
106,734,1,106,6.9,1,734,918,918,70.48,46.85,3.5
105,770,1,105,7.4,1,770,931,931,68.03,44.38,3.5
94,729,1,98,7.7,2,749,944,909,66.84,46.04,3.6
90,661,1,90,7.8,0,661,917,917,67.02,51.43,3.6
84,519,1,84,7.6,0,519,857,857,69.38,59.5,3.4
70,337,1,70,6.9,0,337,753,753,75.1,69.24,2.9
93,494,1,234,3.1,2,652,918,427,66.52,52.5,4.3
99,623,1,211,3.6,2,751,947,598,65.45,46.46,4.2
100,728,1,131,4.0,2,796,967,830,64.23,43.98,4.1
94,760,1,96,4.4,2,766,963,951,63.15,45.68,4.1
91,676,1,91,4.3,0,676,932,932,63.68,51.12,4.0
82,515,1,68,4.0,2,533,881,874,65.33,59.23,4.0
69,350,1,69,3.4,0,350,784,784,68.93,69.01,3.7
57,327,1,57,2.5,0,327,817,817,57.58,70.68,0.6
72,514,1,72,3.5,0,514,901,901,54.25,60.65,0.3
82,661,1,82,4.0,1,661,943,943,55.37,52.12,0.8
91,605,1,235,4.5,7,755,957,534,57.82,46.06,1.2
95,608,1,289,5.1,7,788,958,440,60.04,43.59,1.6
94,556,1,305,5.8,7,758,945,357,61.64,45.32,1.8
93,322,1,279,6.0,6,662,901,68,64.38,50.8,1.7
87,363,1,214,5.9,7,518,837,289,69.37,58.96,1.9
110,403,1,164,7.1,7,464,714,482,81.3,60.3,1.7
131,506,1,237,8.0,7,605,767,434,80.28,51.75,2.1
141,592,1,263,9.0,7,699,799,471,78.32,45.67,2.6
146,559,1,333,9.7,7,736,810,310,77.82,43.19,2.8
141,712,1,141,9.7,0,712,806,806,80.45,44.95,3.0
135,539,1,224,9.2,4,626,772,495,84.47,50.49,3.0
115,338,1,227,8.7,7,493,727,214,88.22,58.69,3.0
98,349,1,208,11.6,7,470,744,281,93.36,59.95,5.5
127,473,1,268,13.4,7,606,768,329,91.87,51.37,5.1
148,315,1,290,14.6,6,696,779,36,91.88,45.27,4.9
148,410,1,345,15.4,6,734,798,88,91.93,42.8,4.5
127,448,1,294,15.7,4,624,777,240,93.86,50.17,3.9
62,342,1,62,5.9,0,342,805,805,75.96,69.7,4.4
76,529,1,76,6.6,0,529,896,896,66.95,59.6,4.9
89,565,1,306,7.5,2,780,976,365,58.85,44.87,4.7
92,600,1,319,7.7,2,817,982,381,57.84,42.4,4.7
98,787,1,98,7.5,1,787,961,961,57.93,44.23,4.8
99,695,1,99,7.1,1,695,924,924,58.65,49.86,4.8
91,454,1,148,6.5,2,546,862,579,61.7,58.15,4.3
76,362,1,210,2.2,4,543,913,296,57.57,59.25,3.3
81,603,1,136,3.1,2,697,970,736,55.3,50.62,3.2
89,795,1,89,4.0,0,795,989,989,53.48,44.47,3.1
94,831,1,94,4.7,0,831,992,992,52.39,42.0,3.0
87,799,1,87,5.2,0,799,986,986,51.94,43.86,2.9
86,707,1,86,5.4,0,707,958,958,52.71,49.55,2.8
80,560,1,80,5.3,0,560,903,903,54.69,57.89,2.7
71,373,1,71,4.6,0,373,799,799,61.05,67.84,2.4
71,349,1,71,2.4,0,349,778,778,55.21,69.04,1.6
84,540,1,84,3.5,0,540,885,885,51.08,58.9,1.5
88,695,1,88,4.4,0,695,949,949,48.41,50.24,1.3
96,787,1,96,5.0,0,787,961,961,47.96,44.07,1.4
102,822,1,102,5.4,0,822,962,962,48.93,41.61,1.5
107,792,1,107,5.6,0,792,944,944,50.22,43.5,1.6
107,486,1,288,5.6,4,699,906,304,52.83,49.24,1.6
63,359,1,63,3.6,0,359,814,814,59.49,68.71,1.9
78,545,1,78,4.7,0,545,895,895,55.64,58.55,1.9
87,695,1,87,5.6,0,695,944,944,54.34,49.86,1.7
98,786,1,98,6.1,0,786,950,950,54.13,43.67,1.5
107,585,1,341,6.4,2,820,947,324,55.67,41.21,1.5
118,529,1,343,6.6,2,787,916,255,56.58,43.14,1.6
124,687,1,124,6.7,1,687,858,858,58.41,48.93,1.6
113,324,1,241,6.6,4,543,796,154,62.09,57.36,1.5
96,331,1,81,6.2,2,359,682,648,70.83,67.38,1.3
79,348,1,79,4.8,0,348,729,729,73.49,68.38,1.6
95,537,1,95,6.7,0,537,838,838,64.25,58.2,2.0
108,683,1,108,7.7,0,683,884,884,60.2,49.48,2.2
119,778,1,119,8.3,0,778,906,906,58.96,43.27,2.5
126,809,1,126,8.6,0,809,902,902,58.86,40.81,2.6
128,779,1,128,8.7,0,779,887,887,59.24,42.78,2.7
127,566,1,225,8.3,7,688,848,515,62.03,48.62,2.7
115,449,1,183,7.6,7,545,791,489,67.65,57.1,2.7
104,427,1,354,7.5,7,789,922,99,72.86,42.06,6.5
96,541,1,275,7.5,2,705,911,398,70.44,48.01,6.7
72,382,1,72,6.8,0,382,784,784,72.55,66.7,6.0
87,806,1,87,4.3,1,806,969,969,65.48,42.08,5.9
84,845,1,84,5.6,0,845,987,987,62.73,39.63,5.8
82,819,1,82,6.6,0,819,987,987,60.41,41.71,5.7
77,732,1,77,7.0,0,732,974,974,59.04,47.7,5.7
69,595,1,69,6.6,0,595,949,949,60.12,56.33,5.6
57,406,1,57,5.9,0,406,875,875,62.04,66.48,5.5
67,397,1,67,4.6,0,397,846,846,65.8,67.07,3.0
80,584,1,80,6.9,0,584,920,920,59.59,56.8,2.9
87,730,1,87,8.6,0,730,962,962,57.09,47.98,2.7
94,821,1,94,9.8,0,821,973,973,56.77,41.68,2.6
100,685,1,277,10.7,3,850,968,527,57.12,39.23,2.8
99,647,1,277,11.3,7,815,954,493,58.37,41.35,3.1
101,460,1,317,11.5,7,717,910,211,61.21,47.4,3.3
101,358,1,249,10.9,7,563,828,195,68.05,56.07,3.3
138,337,1,310,9.1,7,784,856,36,66.18,41.0,1.5
61,413,1,61,2.1,0,413,879,879,58.01,66.41,5.0
72,606,1,72,3.4,0,606,958,958,50.83,56.1,4.7
77,759,1,77,4.4,0,759,1003,1003,47.52,47.23,4.3
81,856,1,81,5.4,0,856,1025,1025,45.72,40.89,3.8
83,882,1,83,6.1,0,882,1019,1019,45.16,38.45,3.5
83,851,1,83,6.6,0,851,1012,1012,45.24,40.64,3.3
80,757,1,80,6.8,0,757,989,989,46.43,46.8,3.2
73,608,1,73,6.6,0,608,947,947,49.3,55.57,3.2
62,419,1,62,6.0,0,419,870,870,54.21,65.81,3.2
72,408,1,72,2.8,0,408,829,829,52.97,66.08,3.2
85,594,1,85,4.0,0,594,906,906,48.15,55.76,2.8
91,746,1,91,5.0,0,746,958,958,45.28,46.85,2.4
99,840,1,99,5.8,1,840,974,974,44.08,40.49,2.1
105,696,1,281,6.3,7,867,968,528,44.46,38.06,1.8
99,671,1,267,6.5,7,838,970,531,45.93,40.29,1.8
95,610,1,214,6.3,7,745,944,576,48.73,46.51,1.7
88,486,1,168,5.8,7,593,888,558,52.71,55.32,1.7
76,326,1,124,5.0,7,406,799,490,59.21,65.59,1.8
75,405,1,75,4.9,0,405,805,805,68.65,65.76,2.3
90,590,1,90,6.0,0,590,880,880,64.09,55.41,2.4
99,615,1,209,6.9,7,739,930,590,62.46,46.48,2.7
100,672,1,269,7.8,7,831,955,527,62.55,40.1,3.0
100,860,1,100,8.7,1,860,960,960,62.8,37.66,3.3
100,825,1,100,9.2,1,825,946,946,64.43,39.94,3.4
102,603,1,228,9.2,7,730,907,542,68.16,46.21,3.4
100,468,1,202,8.6,7,579,837,463,74.6,55.07,3.3
88,334,1,121,7.9,7,392,731,511,81.96,65.38,3.1
194,336,1,311,12.7,7,756,730,32,83.44,39.59,2.3
123,555,1,123,11.5,1,555,748,748,83.83,54.72,3.4
118,586,1,260,12.6,7,705,841,467,80.98,45.74,3.8
125,657,1,300,13.7,7,797,869,462,77.97,39.31,4.0
128,666,1,338,14.6,7,827,873,410,75.5,36.89,4.4
140,643,1,323,15.0,7,790,841,413,74.1,39.25,4.8
141,620,1,223,14.6,2,697,795,568,75.45,45.63,4.8
123,496,1,174,13.6,7,558,751,554,79.45,54.58,4.6
80,433,1,80,1.7,0,433,819,819,67.15,64.47,5.0
92,624,1,92,3.0,0,624,905,905,60.81,54.04,4.9
97,774,1,97,4.1,0,774,957,957,55.83,45.01,4.7
103,868,1,103,5.0,0,868,978,978,52.21,38.53,4.5
104,900,1,104,5.7,0,900,985,985,49.7,36.11,4.5
99,868,1,99,6.1,0,868,983,983,48.37,38.56,4.3
92,775,1,92,6.2,0,775,966,966,48.27,45.05,4.1
84,625,1,84,6.1,0,625,922,922,49.16,54.1,3.8
74,434,1,74,5.7,0,434,837,837,52.09,64.52,3.3
86,427,1,86,6.0,0,427,783,783,62.64,64.16,3.3
97,617,1,97,6.9,0,617,879,879,58.92,53.71,3.7
107,764,1,107,7.5,0,764,924,924,58.24,44.64,4.0
118,700,1,275,8.0,7,855,937,540,58.38,38.14,3.8
128,706,1,305,8.2,7,879,925,494,59.91,35.73,3.3
131,707,1,270,8.1,7,838,899,556,62.5,38.22,3.1
134,551,1,308,7.7,7,738,850,342,66.49,44.77,3.1
85,427,1,85,7.6,0,427,775,775,75.3,63.84,3.4
108,605,1,108,9.9,0,605,833,833,68.61,53.37,3.8
108,755,1,108,11.8,0,755,904,904,64.89,44.28,3.8
111,849,1,111,13.2,0,849,933,933,62.06,37.75,4.0
111,881,1,111,13.9,0,881,944,944,59.86,35.34,4.5
123,844,1,123,14.2,0,844,914,914,58.55,37.88,4.9
118,747,1,118,14.1,0,747,881,881,57.34,44.49,5.1
105,602,1,105,13.7,0,602,838,838,57.85,53.62,5.0
84,422,1,84,13.1,0,422,774,774,60.26,64.11,4.6
91,426,1,91,6.8,1,426,751,751,61.2,63.53,2.4
107,612,1,107,7.9,0,612,841,841,57.73,53.04,2.5
112,668,1,199,9.0,3,758,896,651,56.91,43.92,2.4
117,723,1,269,10.1,7,849,921,571,56.31,37.37,2.3
120,879,1,120,11.0,0,879,926,926,55.68,34.96,2.3
122,842,1,122,11.6,0,842,908,908,55.39,37.54,2.2
121,746,1,121,11.8,0,746,873,873,55.98,44.21,2.3
114,600,1,114,11.5,0,600,816,816,58.33,53.39,2.3
98,417,1,98,10.7,0,417,725,725,63.87,63.9,2.1
224,316,1,299,4.3,7,826,732,21,73.02,34.58,2.8
132,484,1,235,9.3,3,600,767,409,81.88,52.38,1.9
116,752,1,116,11.2,0,752,873,873,77.79,43.21,1.6
121,841,1,121,13.2,0,841,898,898,72.58,36.6,1.3
123,868,1,123,14.8,0,868,902,902,67.75,34.21,1.1
119,835,1,119,15.8,0,835,895,895,64.66,36.87,0.9
116,741,1,116,16.2,0,741,863,863,63.88,43.65,0.9
109,598,1,109,16.1,0,598,812,812,65.34,52.92,0.9
95,415,1,95,15.6,0,415,718,718,70.17,63.49,0.9
104,423,1,104,11.5,0,423,694,694,77.19,62.6,1.1
122,601,1,122,13.3,0,601,780,780,69.8,52.05,1.3
126,742,1,126,14.3,1,742,840,840,67.86,42.85,1.6
139,716,1,291,15.0,2,829,855,527,67.12,36.22,1.8
151,710,1,327,15.4,7,852,843,462,67.21,33.83,2.1
149,685,1,310,15.4,7,819,834,467,68.35,36.54,2.2
158,542,1,330,14.7,7,721,774,292,72.56,43.38,2.4
156,472,1,239,13.5,7,575,690,384,79.09,52.69,2.6
132,376,1,284,14.3,3,591,740,148,89.31,51.73,2.3
156,411,1,344,16.3,7,720,765,92,84.5,42.5,2.2
168,567,1,397,17.8,7,801,781,209,80.59,35.85,2.3
176,631,1,401,18.8,7,828,781,275,78.78,33.46,2.5
149,635,1,370,19.2,7,804,813,329,79.55,36.21,2.5
118,454,1,256,18.8,7,583,762,325,84.51,52.47,2.4
101,313,1,177,18.1,7,409,680,302,87.93,63.09,2.2
78,349,1,176,9.8,4,467,821,364,71.23,61.7,2.9
91,650,1,91,10.7,0,650,890,890,64.9,51.09,2.9
97,794,1,97,11.4,1,794,934,934,61.73,41.81,2.9
102,883,1,102,12.0,0,883,954,954,59.48,35.1,2.8
103,854,1,180,12.5,2,912,962,801,57.6,32.72,2.8
102,881,1,102,12.7,0,881,957,957,56.87,35.56,2.7
99,755,1,114,12.7,2,787,934,871,56.74,42.57,2.6
90,639,1,90,12.4,0,639,892,892,57.83,52.02,2.5
78,452,1,78,11.8,0,452,815,815,60.5,62.69,2.4
197,338,1,309,8.6,4,747,734,39,45.02,41.47,1.6
227,611,1,392,9.5,4,822,724,267,43.07,34.73,1.0
184,399,1,358,10.6,4,826,787,50,44.26,35.24,0.9
176,352,1,316,10.8,4,733,753,48,46.97,42.31,1.0
156,560,1,151,10.6,2,591,704,662,51.12,51.8,1.3
153,453,1,359,14.2,7,749,791,125,86.12,41.13,2.7
154,582,1,403,15.3,7,841,833,216,83.45,34.36,3.0
150,679,1,387,16.0,7,873,852,344,81.89,31.98,3.3
147,697,1,321,16.3,7,839,844,458,81.15,34.92,3.7
136,534,1,346,16.2,7,748,824,254,81.61,42.05,3.9
122,390,1,284,15.8,6,607,779,171,83.01,51.58,4.0
225,476,1,364,15.9,7,725,660,148,86.79,40.79,2.5
202,691,1,344,16.9,7,823,749,418,80.13,34.0,2.4
165,868,1,165,17.9,0,868,826,826,74.18,31.62,2.1
139,846,1,139,19.0,0,846,859,859,68.16,34.61,2.0
133,754,1,133,19.8,0,754,832,832,63.34,41.79,1.9
122,515,1,222,19.6,7,610,781,469,63.61,51.36,2.0
114,340,1,174,18.4,7,425,666,354,72.35,62.1,2.2
117,439,1,117,15.0,1,439,654,654,83.23,60.53,1.3
134,533,1,231,16.9,7,613,742,469,78.26,49.86,1.5
164,742,1,164,18.0,1,742,760,760,76.43,40.46,1.8
180,684,1,363,18.3,7,820,768,385,78.61,33.64,2.2
175,411,1,372,18.0,4,846,786,46,83.49,31.26,2.5
164,376,1,345,17.4,7,816,788,38,88.15,34.3,2.8
96,434,1,298,15.8,3,645,846,209,76.18,49.55,2.5
131,716,1,367,14.2,4,902,899,407,67.59,30.91,6.0
132,396,1,359,12.7,4,868,888,45,65.69,33.99,6.4
137,429,1,354,11.7,4,771,845,99,64.98,41.28,6.7
123,442,1,281,10.8,4,627,800,255,65.43,50.93,6.8
79,504,1,79,8.5,0,504,850,850,61.01,59.97,4.2
88,685,1,88,10.2,0,685,914,914,55.75,49.26,4.1
103,819,1,103,11.6,0,819,932,932,52.55,39.8,3.9
101,905,1,101,12.8,0,905,958,958,50.65,32.93,3.5
105,928,1,105,13.7,0,928,955,955,49.33,30.55,3.4
102,889,1,102,14.3,0,889,946,946,48.71,33.68,3.3
100,790,1,100,14.5,0,790,914,914,49.63,41.03,3.2
104,565,1,169,14.5,2,632,834,625,51.81,50.72,3.0
148,404,1,303,11.0,4,656,774,154,60.14,48.96,1.7
130,619,1,332,12.3,7,805,873,372,54.32,39.48,1.7
122,657,1,391,13.4,7,896,918,316,51.23,32.58,1.5
121,881,1,180,14.2,2,923,928,811,49.39,30.2,1.3
116,888,1,116,14.5,0,888,925,925,49.63,33.38,1.3
117,788,1,117,14.5,0,788,886,886,50.97,40.78,1.4
113,638,1,113,14.1,0,638,826,826,53.97,50.51,1.5
104,450,1,104,13.1,0,450,720,720,60.44,61.34,1.9
198,360,1,324,16.3,4,726,695,47,85.68,40.54,4.4
135,375,1,163,15.7,7,420,591,439,88.38,61.16,4.0
129,374,1,304,17.0,4,644,774,106,90.02,48.39,5.0
156,482,1,376,18.0,3,772,791,136,87.86,38.85,5.1
151,488,1,408,19.1,4,858,833,93,84.25,31.88,5.1
149,654,1,423,19.6,3,881,841,266,82.46,29.51,5.1
191,685,1,376,19.6,2,827,756,368,83.22,32.78,5.0
163,634,1,299,19.2,7,742,758,439,85.44,40.3,4.9
120,342,1,190,16.8,7,427,634,315,94.3,60.97,4.4
147,346,1,324,16.2,7,847,829,26,93.4,32.48,5.7
101,635,1,143,15.8,7,677,859,732,74.88,47.83,2.3
105,561,1,374,16.5,2,814,903,238,70.32,38.23,2.5
107,309,1,294,16.9,4,899,926,18,67.55,31.21,2.5
106,665,1,422,17.0,3,924,934,277,66.12,28.83,2.4
116,496,1,409,17.0,3,883,906,102,65.56,32.19,2.2
116,785,1,116,16.7,1,785,872,872,66.58,39.82,2.1
107,643,1,107,16.2,0,643,828,828,69.01,49.7,1.9
100,389,1,159,15.6,7,459,732,470,72.95,60.61,1.9
103,402,1,190,14.3,7,487,732,404,84.76,58.36,2.9
146,545,1,425,15.6,7,864,836,140,81.55,30.87,2.5
97,497,1,97,16.4,0,497,757,757,75.01,58.11,1.1
113,668,1,113,18.4,0,668,818,818,66.57,47.29,1.0
115,803,1,115,19.8,0,803,869,869,61.24,37.63,0.8
122,883,1,122,20.7,0,883,883,883,57.89,30.54,0.8
122,903,1,122,20.9,0,903,885,885,57.8,28.17,1.0
126,724,1,339,21.0,3,863,866,452,58.89,31.62,1.5
125,591,1,350,20.5,7,765,828,312,63.82,39.35,1.9
121,543,1,225,19.3,7,622,769,487,73.39,49.3,1.9
71,327,1,71,13.4,1,327,720,720,74.32,69.15,3.2
86,532,1,86,14.2,0,532,837,837,65.72,57.86,3.1
99,707,1,99,15.2,0,707,892,892,60.13,47.02,2.9
104,842,1,104,16.0,0,842,928,928,57.94,37.34,2.8
108,926,1,108,16.7,0,926,947,947,57.09,30.22,2.6
107,949,1,107,17.3,0,949,952,952,56.09,27.84,2.5
102,910,1,102,17.7,0,910,946,946,55.46,31.33,2.5
97,813,1,97,17.7,0,813,924,924,56.09,39.12,2.5
90,668,1,90,17.5,0,668,883,883,57.62,49.11,2.3
80,484,1,80,17.0,0,484,808,808,60.79,60.07,2.1
76,326,1,76,10.7,0,326,694,694,69.46,68.91,2.0
100,526,1,100,12.3,0,526,795,795,62.79,57.62,1.4
117,623,1,183,13.5,7,700,851,643,59.12,46.76,1.0
125,703,1,283,14.6,7,833,888,526,57.91,37.05,1.0
132,754,1,339,15.3,7,911,899,479,58.14,29.9,1.2
139,688,1,422,15.4,7,925,886,300,59.9,27.51,1.4
137,643,1,411,15.2,4,881,867,272,62.89,31.06,1.6
138,433,1,363,14.7,7,779,822,90,67.47,38.9,1.9
158,306,1,288,15.9,4,763,775,23,88.92,38.67,3.6
72,343,1,72,10.1,0,343,736,736,70.11,68.44,4.9
87,544,1,87,10.7,0,544,844,844,60.58,57.14,5.5
97,720,1,97,11.2,0,720,901,901,56.46,46.26,5.6
130,840,1,130,11.5,0,840,883,883,56.53,36.49,5.5
124,923,1,124,11.1,0,923,916,916,59.43,29.27,5.3
117,951,1,117,11.2,1,951,935,935,59.96,26.87,5.1
104,579,1,366,12.4,3,821,916,273,58.41,38.45,4.3
96,524,1,264,12.6,2,676,876,393,59.92,48.54,3.9
89,491,1,89,12.5,0,491,793,793,62.56,59.55,3.4
224,320,1,303,10.4,4,868,737,19,80.32,28.96,2.1
231,448,1,394,11.0,4,859,726,62,80.11,30.24,2.3
240,557,1,373,10.7,3,761,664,235,82.27,38.23,2.2
76,349,1,76,7.6,0,349,730,730,66.82,67.99,2.0
93,553,1,93,10.2,0,553,838,838,50.36,56.69,2.0
107,731,1,107,11.7,0,731,895,895,44.47,45.77,1.4
118,723,1,278,12.9,7,862,919,550,41.08,35.95,0.7
119,793,1,326,13.6,7,948,945,532,41.34,28.66,1.0
117,965,1,117,14.0,1,965,946,946,43.41,26.25,1.5
118,721,1,357,14.1,7,917,923,420,45.72,29.97,1.9
121,647,1,318,13.9,7,813,879,418,48.39,38.01,2.3
124,393,1,306,13.2,7,660,803,131,52.69,48.17,2.6
210,507,1,419,16.5,4,859,747,101,72.18,29.71,1.2
191,334,1,310,16.6,7,768,730,30,71.17,37.8,1.2
173,327,1,287,16.1,7,629,681,60,72.41,47.98,1.3
262,299,1,285,12.7,2,852,669,16,76.25,28.06,2.3
160,420,1,213,14.4,7,496,600,371,85.99,56.04,0.7
172,563,1,285,16.7,7,666,700,395,81.36,45.08,0.6
159,805,1,159,18.7,0,805,790,790,76.5,35.18,0.3
157,889,1,157,19.8,1,889,828,828,73.59,27.78,0.3
147,777,1,365,21.0,7,914,848,456,69.85,25.35,0.7
151,845,1,251,21.3,2,872,825,681,69.82,29.19,1.0
154,592,1,367,20.8,3,771,777,284,74.37,37.38,1.5
151,556,1,240,19.3,7,628,708,469,82.64,47.62,2.3
212,305,1,290,19.5,7,892,749,16,74.51,24.76,0.8
208,733,1,362,20.4,3,857,740,423,71.8,28.69,0.6
201,709,1,278,20.4,2,765,706,539,72.22,36.98,0.5
181,509,1,290,20.1,2,630,662,323,73.8,47.27,0.7
165,368,1,210,19.6,3,455,554,301,78.49,58.38,0.9
90,343,1,90,12.7,0,343,635,635,77.06,66.58,2.6
109,534,1,109,14.3,0,534,746,746,69.75,55.25,2.3
124,703,1,124,16.0,0,703,808,808,65.87,44.23,1.9
131,834,1,131,17.4,0,834,850,850,64.0,34.22,1.5
142,911,1,142,18.6,0,911,860,860,62.45,26.67,1.2
148,929,1,148,19.4,0,929,856,856,61.56,24.2,0.9
151,728,1,372,19.6,2,892,841,404,62.12,28.21,0.8
153,795,1,153,19.4,0,795,799,799,64.07,36.58,1.0
145,654,1,145,18.6,1,654,745,745,69.39,46.93,1.4
129,349,1,252,14.5,3,534,708,170,80.91,55.06,2.0
142,702,1,142,15.9,1,702,778,778,76.63,44.04,2.2
131,517,1,402,17.0,3,836,850,138,72.88,34.0,2.4
142,913,1,142,17.7,1,913,861,861,70.88,26.41,2.7
150,930,1,150,18.2,0,930,854,854,70.45,23.92,2.9
149,893,1,149,18.6,1,893,842,842,70.79,27.97,3.1
144,800,1,144,18.7,0,800,816,816,72.39,36.38,3.4
135,660,1,135,18.6,0,660,766,766,75.09,46.76,3.5
120,484,1,120,18.2,0,484,686,686,79.78,57.9,3.4
163,320,1,163,13.1,0,320,388,388,87.47,66.21,2.0
199,396,1,242,14.2,3,507,535,267,78.68,54.88,2.1
214,549,1,310,15.4,3,675,640,332,71.09,43.84,2.0
178,695,1,325,16.6,2,821,773,446,65.73,33.78,1.7
177,902,1,177,17.7,0,902,807,807,61.63,26.15,1.3
173,925,1,173,18.6,0,925,822,822,58.46,23.65,1.0
144,863,1,244,19.1,2,898,851,699,57.18,27.74,0.9
139,805,1,139,19.2,0,805,826,826,57.55,36.19,1.0
128,666,1,128,18.7,0,666,782,782,60.01,46.6,1.2
114,442,1,151,18.0,2,492,707,545,64.88,57.75,1.5
129,344,1,255,12.6,3,535,704,154,73.14,54.71,3.5
163,561,1,444,13.9,7,906,827,130,66.51,25.9,3.6
159,586,1,458,14.1,7,930,840,140,65.87,23.38,3.5
151,415,1,378,14.1,3,895,839,42,66.04,27.51,3.5
113,315,1,290,18.5,4,709,820,35,83.65,43.47,3.9
174,670,1,322,19.0,3,778,745,428,85.99,35.82,3.8
155,325,1,290,19.5,4,646,709,50,84.27,46.27,3.7
133,393,1,208,19.7,7,476,637,345,85.24,57.44,3.6
110,448,1,218,12.2,7,567,785,395,71.23,54.37,3.2
111,744,1,111,13.3,0,744,869,869,64.5,43.3,3.2
101,884,1,101,14.9,0,884,935,935,59.19,33.16,2.8
102,965,1,102,16.3,0,965,955,955,56.45,25.42,1.9
106,980,1,106,17.3,0,980,948,948,54.46,22.87,1.5
107,936,1,107,18.2,0,936,931,931,51.96,27.06,1.2
104,840,1,104,18.9,0,840,906,906,49.5,35.64,1.0
98,694,1,98,19.1,0,694,861,861,49.2,46.11,0.8
90,374,1,220,19.0,3,513,781,285,50.83,57.29,0.5
75,392,1,75,9.6,0,392,754,754,78.67,65.11,3.3
89,588,1,89,11.4,0,588,844,844,68.18,53.77,3.2
100,755,1,100,13.0,0,755,890,890,61.79,42.65,2.9
110,884,1,110,14.3,0,884,917,917,60.17,32.41,2.3
120,958,1,120,15.6,0,958,921,921,60.11,24.51,1.8
129,756,1,413,16.7,2,976,913,370,59.45,21.89,1.6
153,925,1,153,17.1,0,925,860,860,60.62,26.21,1.6
158,825,1,158,17.2,0,825,814,814,63.69,34.94,1.6
116,514,1,116,17.6,0,514,725,725,68.47,56.7,1.5
88,322,1,88,17.1,0,322,627,627,74.86,68.03,1.2
100,582,1,100,16.2,0,582,812,812,70.69,53.63,1.5
109,753,1,109,17.2,0,753,872,872,64.28,42.5,1.4
127,877,1,127,18.1,0,877,887,887,58.98,32.24,1.4
129,725,1,422,18.8,2,957,908,332,55.46,24.3,1.3
128,978,1,128,19.5,0,978,915,915,53.0,21.66,1.2
124,863,1,278,19.9,2,942,910,650,52.28,26.01,1.2
122,846,1,122,19.9,0,846,881,881,53.35,34.77,1.3
115,496,1,316,19.7,2,704,838,255,55.78,45.34,1.4
107,372,1,230,19.4,7,526,760,257,59.65,56.56,1.2
88,377,1,88,14.4,1,377,680,680,92.83,64.84,2.5
102,565,1,102,14.9,0,565,778,778,92.5,53.5,2.7
123,621,1,260,15.9,7,728,819,489,90.97,42.36,2.9
170,535,1,414,17.9,4,834,784,143,83.28,32.07,3.0
168,590,1,456,19.0,4,911,814,147,79.91,24.1,3.2
184,518,1,399,19.4,4,788,734,144,82.21,34.6,2.4
160,506,1,314,20.0,3,658,707,272,80.52,45.2,2.2
82,396,1,82,14.5,0,396,733,733,73.06,64.71,2.3
95,592,1,95,15.8,0,592,834,834,66.06,53.37,1.9
101,758,1,101,17.0,0,758,887,887,59.72,42.23,1.4
106,775,1,291,18.2,7,885,918,571,54.43,31.92,1.2
108,962,1,108,19.4,0,962,934,934,49.41,23.9,0.9
109,979,1,109,20.5,0,979,933,933,45.63,21.21,0.7
119,803,1,352,21.2,7,933,903,500,44.55,25.61,0.7
117,836,1,117,21.3,0,836,872,872,46.57,34.44,1.0
112,692,1,112,21.0,0,692,821,821,50.95,45.05,1.4
104,338,1,241,21.0,4,512,735,175,55.11,56.28,1.9
87,319,1,87,19.9,0,319,607,607,60.6,67.6,2.0
139,713,1,139,19.7,0,713,774,774,78.84,42.1,3.3
162,524,1,413,20.9,3,833,790,131,77.92,31.76,3.4
168,911,1,168,21.7,0,911,811,811,78.07,23.71,3.5
171,932,1,171,22.2,0,932,815,815,78.62,20.99,3.7
163,894,1,163,22.2,1,894,809,809,80.49,25.42,4.0
163,799,1,163,21.9,0,799,769,769,83.07,34.28,4.2
154,661,1,154,21.4,0,661,715,715,86.18,44.91,4.1
137,491,1,137,20.8,1,491,636,636,89.82,56.15,4.0
123,471,1,220,22.1,3,548,709,418,86.45,53.13,2.9
133,696,1,185,23.1,2,709,775,687,80.2,41.97,2.8
141,833,1,141,23.5,1,833,812,812,76.22,31.62,2.7
148,655,1,454,24.1,4,908,829,220,72.53,23.53,2.7
149,929,1,149,24.5,1,929,835,835,70.97,20.78,2.8
163,742,1,389,24.8,2,885,798,390,70.84,25.24,2.9
150,634,1,205,24.5,2,660,719,605,75.71,44.77,3.2
131,493,1,131,23.9,0,493,648,648,80.49,56.01,3.2
103,312,1,103,23.1,0,312,542,542,85.25,67.33,3.2
78,408,1,78,12.9,0,408,762,762,67.39,64.36,4.3
90,604,1,90,13.9,0,604,854,854,62.26,53.02,4.3
99,775,1,99,15.0,0,775,908,908,57.25,41.85,4.2
99,904,1,99,16.2,0,904,944,944,53.75,31.48,3.9
99,980,1,99,17.3,1,980,960,960,52.54,23.35,3.5
97,1003,1,97,18.2,0,1003,968,968,52.4,20.58,3.1
98,863,1,292,18.8,7,963,954,631,52.4,25.05,3.0
93,868,1,93,19.0,0,868,935,935,52.98,33.97,3.1
87,728,1,87,18.9,0,728,901,901,54.44,44.63,3.0
77,554,1,77,18.4,0,554,849,849,56.99,55.88,2.9
66,356,1,66,17.5,0,356,749,749,61.88,67.2,2.7
76,409,1,76,14.8,0,409,765,765,69.25,64.26,2.1
91,604,1,91,16.4,0,604,851,851,61.53,52.91,2.1
101,770,1,101,17.5,0,770,896,896,57.48,41.74,1.8
120,891,1,120,18.5,0,891,903,903,54.39,31.34,1.5
122,965,1,122,19.5,0,965,917,917,51.69,23.18,1.3
127,981,1,127,20.4,0,981,911,911,48.83,20.38,1.1
154,927,1,154,21.2,0,927,852,852,46.35,24.88,0.8
157,757,1,273,21.5,7,831,812,582,46.2,33.82,0.6
140,614,1,224,21.5,7,694,776,547,47.54,44.5,0.6
121,440,1,197,21.1,7,521,711,431,51.78,55.75,0.8
179,607,1,288,16.2,3,707,706,427,80.99,41.63,3.9
182,453,1,392,17.2,4,833,761,71,77.42,31.21,4.1
194,445,1,402,18.1,7,901,769,47,76.19,23.01,4.2
211,680,1,464,18.8,7,916,750,230,77.19,20.18,4.0
201,884,1,201,19.5,0,884,752,752,78.66,24.7,3.8
204,547,1,403,19.9,7,790,704,173,81.3,33.68,3.4
183,368,1,242,19.1,7,482,530,223,91.9,55.62,3.4
72,403,1,72,17.7,0,403,757,757,74.79,64.06,3.6
82,595,1,82,18.6,0,595,847,847,68.35,52.72,3.9
90,759,1,90,19.5,0,759,894,894,64.62,41.53,4.0
98,883,1,98,20.3,0,883,917,917,62.39,31.09,4.0
104,959,1,104,20.9,0,959,927,927,61.52,22.85,3.9
109,820,1,388,21.3,7,977,924,460,61.25,20.0,3.8
114,782,1,366,21.4,7,939,907,458,61.81,24.53,3.7
110,737,1,299,21.4,7,849,886,525,62.6,33.53,3.6
100,574,1,284,21.1,7,713,855,406,64.05,44.24,3.4
90,435,1,206,20.5,7,540,793,405,66.74,55.5,3.0
88,396,1,88,15.5,0,396,703,703,78.85,63.97,1.9
106,583,1,106,16.7,0,583,786,786,73.37,52.63,2.0
124,741,1,124,17.6,0,741,823,823,70.43,41.43,1.9
141,856,1,141,18.3,0,856,834,834,68.84,30.98,2.1
154,924,1,154,18.6,0,924,834,834,68.76,22.7,2.4
164,815,1,386,18.8,3,939,824,456,68.74,19.81,2.6
153,904,1,153,18.8,0,904,824,824,69.58,24.37,2.9
156,812,1,156,18.8,0,812,785,785,70.28,33.39,3.3
144,497,1,326,18.7,2,680,746,238,71.05,44.11,3.5
131,440,1,203,18.2,7,513,672,417,73.34,55.37,3.6
105,326,1,105,17.4,0,326,558,558,77.58,66.68,3.4
92,390,1,92,19.1,0,390,678,678,90.28,63.89,1.6
104,582,1,104,21.3,0,582,787,787,83.74,52.55,1.5
111,747,1,111,23.1,0,747,848,848,76.11,41.34,1.5
112,872,1,112,24.5,0,872,886,886,68.62,30.87,1.4
115,944,1,115,25.6,0,944,898,898,63.55,22.55,1.4
115,837,1,387,26.3,7,962,899,478,61.43,19.64,1.5
115,877,1,281,26.4,2,922,885,653,62.06,24.21,1.7
120,800,1,223,26.3,2,826,844,689,63.8,33.26,2.0
80,401,1,80,18.4,0,401,727,727,77.6,63.81,2.4
93,594,1,93,20.1,0,594,822,822,70.73,52.47,2.3
102,762,1,102,21.4,0,762,878,878,64.6,41.26,2.0
110,888,1,110,22.4,0,888,906,906,60.44,30.77,1.6
110,967,1,110,23.1,0,967,928,928,57.29,22.42,1.5
109,990,1,109,23.7,0,990,935,935,54.58,19.47,1.4
108,951,1,108,24.0,0,951,924,924,53.37,24.05,1.5
103,862,1,103,24.1,0,862,906,906,52.92,33.12,1.4
94,705,1,123,24.1,2,724,874,807,53.34,43.86,1.3
84,490,1,144,24.0,2,550,815,605,55.76,55.13,1.2
69,358,1,69,23.7,0,358,722,722,56.52,66.44,1.1
118,372,1,118,18.0,0,372,575,575,86.99,63.74,1.6
148,400,1,267,18.7,4,550,659,218,86.08,52.4,2.3
223,475,1,223,19.8,0,475,438,438,91.57,55.02,3.8
118,332,1,269,18.8,3,559,722,103,79.47,52.33,1.2
187,490,1,429,21.4,3,904,774,66,73.62,22.16,1.2
228,507,1,434,20.9,3,874,706,80,80.78,23.75,2.5
237,533,1,408,19.9,7,781,648,148,85.36,32.86,2.8
222,298,1,277,18.7,6,649,590,29,88.98,43.62,3.2
171,485,1,407,20.7,3,842,779,90,76.56,30.5,1.1
184,492,1,430,21.2,3,912,785,67,76.77,22.04,1.6
179,633,1,475,21.5,4,936,801,166,77.46,18.99,2.1
229,412,1,379,21.6,4,883,714,36,78.73,23.61,2.4
94,388,1,94,19.7,0,388,661,661,91.73,63.55,1.8
113,573,1,113,21.1,0,573,750,750,79.44,52.21,1.7
134,732,1,134,22.2,0,732,792,792,70.23,40.98,1.6
165,845,1,165,23.1,0,845,789,789,64.8,30.42,1.4
204,909,1,204,23.9,0,909,760,760,61.09,21.93,1.2
241,921,1,241,24.5,0,921,719,719,58.69,18.85,1.1
347,852,1,347,24.8,2,852,550,550,57.64,23.47,1.0
354,660,1,377,24.6,2,759,481,337,58.91,32.61,1.0
323,396,1,330,24.1,3,624,415,91,62.93,43.39,1.1
272,346,1,254,23.5,3,461,327,159,68.54,54.68,1.2
153,322,1,155,18.5,7,364,474,375,83.39,63.49,1.5
194,439,1,254,20.6,7,545,572,301,74.6,52.16,1.5
224,641,1,261,21.8,7,701,630,503,69.52,40.92,1.9
299,700,1,365,22.3,7,802,583,388,68.48,30.34,1.8
314,761,1,399,22.8,7,872,601,389,67.34,21.82,1.5
315,739,1,450,23.2,7,893,611,304,66.35,18.71,1.1
303,739,1,412,23.6,7,860,607,357,64.98,23.33,0.9
279,652,1,382,23.7,7,777,590,321,65.14,32.5,1.1
257,341,1,306,23.2,4,646,534,49,68.65,43.28,1.6
232,482,1,232,22.2,7,482,433,433,76.6,54.57,2.1
177,304,1,177,20.6,7,304,311,311,85.38,65.87,2.0
163,356,1,163,19.8,0,356,432,432,88.27,63.44,0.9
202,535,1,202,21.6,0,535,541,541,76.31,52.11,0.6
238,615,1,291,22.8,3,689,596,428,69.71,40.87,0.6
245,814,1,265,23.6,2,817,662,636,66.06,30.28,0.8
272,802,1,381,23.7,7,889,663,454,65.84,21.72,1.3
266,739,1,452,23.6,7,912,681,303,67.37,18.57,1.8
270,857,1,331,23.4,2,874,658,573,70.42,23.2,2.2
265,786,1,265,22.8,0,786,617,617,76.67,32.38,2.4
246,590,1,280,22.2,7,654,560,425,82.87,43.18,2.5
204,424,1,231,21.8,3,497,503,332,86.61,54.47,2.6
92,410,1,92,16.3,0,410,709,709,62.82,63.4,2.0
111,595,1,111,17.4,0,595,787,787,55.58,52.07,2.1
124,760,1,124,18.2,0,760,839,839,55.37,40.83,2.4
141,744,1,329,18.8,2,885,860,481,55.16,30.22,2.7
131,807,1,378,19.2,7,971,904,461,53.66,21.63,2.8
122,792,1,400,19.5,2,1001,927,414,51.56,18.45,2.9
118,776,1,376,19.6,2,971,927,436,49.75,23.08,2.9
109,886,1,109,19.5,0,886,918,918,48.67,32.27,3.1
99,746,1,99,19.1,0,746,885,885,49.55,43.07,3.2
87,571,1,87,18.6,0,571,830,830,51.92,54.36,3.1
72,377,1,72,17.9,0,377,740,740,57.05,65.66,2.8
85,419,1,85,14.6,0,419,747,747,60.55,63.36,2.0
98,610,1,98,15.7,0,610,832,832,52.56,52.04,2.0
108,776,1,108,16.6,0,776,882,882,48.79,40.79,1.9
109,904,1,109,17.6,0,904,919,919,46.88,30.16,2.1
116,975,1,116,18.4,0,975,924,924,46.4,21.55,2.3
115,993,1,115,19.0,0,993,925,925,46.53,18.33,2.3
102,832,1,355,19.6,7,961,932,518,47.37,22.96,2.2
100,867,1,100,19.9,0,867,906,906,49.23,32.16,2.2
96,728,1,96,19.9,0,728,863,863,52.3,42.97,2.3
90,555,1,90,19.6,0,555,796,796,56.63,54.26,2.4
78,364,1,78,18.9,0,364,689,689,63.27,65.56,2.6
266,711,1,352,22.6,7,813,632,414,74.02,30.12,2.7
302,793,1,381,23.0,7,877,618,443,73.18,21.47,2.6
308,895,1,308,23.4,1,895,617,617,72.74,18.21,2.5
250,876,1,250,23.8,0,876,679,679,72.65,22.84,2.6
240,755,1,304,24.0,3,791,651,531,73.65,32.06,2.8
211,432,1,229,22.9,7,493,481,346,85.01,54.17,3.4
96,382,1,96,21.6,0,382,637,637,93.74,63.3,1.8
108,563,1,108,23.1,0,563,739,739,82.87,51.98,1.8
120,443,1,354,24.1,3,720,791,118,75.74,40.72,1.7
137,493,1,411,24.7,3,839,811,95,72.14,30.07,1.5
146,913,1,146,25.1,0,913,823,823,69.82,21.4,1.3
150,937,1,150,25.4,0,937,828,828,68.02,18.1,1.2
144,798,1,375,25.8,2,908,828,460,65.92,22.73,1.0
144,716,1,326,25.9,2,823,801,460,65.12,31.95,0.8
134,306,1,283,25.6,3,694,764,30,66.41,42.78,0.6
88,318,1,160,19.8,7,401,696,352,84.86,63.28,1.7
104,468,1,239,21.2,7,587,784,371,78.49,51.96,1.7
114,559,1,338,22.4,7,750,839,291,73.29,40.69,1.5
134,570,1,423,23.4,6,873,853,170,68.55,30.04,1.3
141,658,1,461,24.1,7,947,866,212,65.24,21.33,1.2
145,759,1,444,24.6,7,967,864,331,63.02,18.0,1.1
160,687,1,446,24.6,7,926,830,261,62.89,22.63,1.2
159,650,1,388,24.2,7,839,800,309,64.53,31.86,1.3
149,651,1,221,23.9,7,707,759,584,67.37,42.68,1.4
130,329,1,258,23.2,7,540,698,122,71.51,53.98,1.6
80,362,1,119,19.8,7,408,729,539,79.54,63.26,2.6
92,514,1,183,20.9,7,598,820,537,71.71,51.94,3.1
99,673,1,233,21.7,7,766,879,580,65.77,40.67,3.1
114,751,1,325,22.3,7,892,899,491,61.81,30.0,3.0
118,817,1,375,22.8,7,971,915,475,59.21,21.27,2.9
119,863,1,379,23.2,7,994,920,508,57.45,17.91,3.0
126,818,1,365,23.3,7,958,901,490,56.97,22.53,2.9
119,847,1,168,23.1,2,874,889,799,57.71,31.76,2.7
110,677,1,187,22.7,7,740,855,665,59.6,42.6,2.5
99,519,1,133,22.0,7,569,799,655,63.58,53.89,2.5
82,379,1,82,20.9,0,379,706,706,69.67,65.19,2.5
76,422,1,76,18.2,0,422,767,767,74.16,63.25,2.9
87,613,1,87,19.4,0,613,852,852,65.41,51.93,3.1
96,777,1,96,20.2,0,777,899,899,59.81,40.66,3.4
105,905,1,105,20.8,1,905,924,924,57.03,29.98,3.5
108,859,1,344,21.1,7,984,940,552,56.42,21.22,3.6
108,887,1,351,21.2,7,1008,945,563,56.41,17.82,3.6
108,846,1,344,21.1,4,974,937,543,56.78,22.43,3.6
103,783,1,273,20.9,7,887,921,600,57.22,31.67,3.5
95,755,1,95,20.4,0,755,894,894,58.92,42.51,3.4
85,583,1,85,19.8,0,583,844,844,61.41,53.81,3.2
72,388,1,72,18.9,0,388,752,752,66.65,65.1,3.1
106,504,1,355,19.0,8,765,868,196,75.53,40.64,4.2
107,706,1,358,20.7,7,907,923,402,67.52,29.94,3.8
107,860,1,350,21.9,7,990,947,546,62.73,21.14,3.3
106,1012,1,106,22.7,0,1012,951,951,59.83,17.67,3.2
99,981,1,99,22.9,0,981,954,954,59.45,22.26,3.2
93,892,1,93,22.9,0,892,937,937,59.3,31.51,3.3
86,757,1,86,22.5,0,757,908,908,59.75,42.35,3.4
77,587,1,77,21.8,0,587,860,860,60.45,53.65,3.5
65,396,1,65,20.8,0,396,782,782,62.7,64.94,3.3
83,348,1,135,18.0,7,415,738,473,74.18,63.23,1.7
97,533,1,159,19.7,7,603,820,606,65.1,51.92,1.8
108,696,1,203,20.5,7,768,869,650,62.05,40.64,1.8
131,692,1,380,20.9,7,889,875,360,61.15,29.93,1.9
138,784,1,382,21.1,7,967,889,430,60.61,21.1,2.1
142,828,1,393,21.2,7,992,892,456,60.27,17.6,2.3
116,804,1,371,20.8,7,972,924,468,60.72,22.18,2.5
105,887,1,105,20.3,1,887,917,917,61.6,31.43,2.6
93,757,1,93,20.1,0,757,898,898,61.36,42.27,2.6
82,589,1,82,19.6,0,589,855,855,62.19,53.57,2.5
68,399,1,68,18.7,0,399,780,780,66.85,64.86,2.3
121,958,1,121,17.7,1,958,879,879,83.62,17.54,3.0
133,677,1,453,18.3,2,926,856,242,81.92,22.1,2.1
133,385,1,352,18.7,3,841,829,38,81.0,31.35,1.3
128,541,1,128,18.7,0,541,693,693,82.7,53.5,0.5
83,409,1,83,16.7,0,409,723,723,77.23,63.25,4.2
98,594,1,98,17.8,0,594,804,804,70.69,51.93,4.1
107,754,1,107,18.7,0,754,853,853,66.07,40.65,3.9
129,320,1,303,19.3,3,874,860,20,63.34,29.93,3.8
152,485,1,427,19.7,3,944,849,62,61.57,21.06,3.8
167,668,1,476,19.8,2,962,834,202,60.58,17.49,3.7
120,462,1,413,20.3,4,949,894,53,59.45,22.03,3.6
103,736,1,103,20.7,0,736,853,853,59.53,42.13,3.2
88,570,1,88,20.7,0,570,809,809,60.18,53.44,3.2
80,412,1,80,18.2,0,412,738,738,81.27,63.26,1.7
97,598,1,97,20.0,0,598,814,814,74.46,51.95,2.1
109,732,1,148,20.8,7,762,861,771,71.18,40.67,2.5
108,721,1,340,21.7,3,890,903,439,68.11,29.93,3.0
112,764,1,397,22.7,4,967,916,393,64.6,21.04,3.3
118,980,1,118,23.4,0,980,904,904,62.53,17.44,3.7
118,899,1,268,23.7,2,942,889,681,61.8,21.97,4.2
118,744,1,317,23.7,3,854,861,500,62.4,31.22,4.5
118,576,1,309,23.3,3,721,812,360,64.77,42.07,4.7
119,401,1,270,21.8,3,565,723,213,83.67,51.97,3.0
137,721,1,137,22.9,0,721,770,770,78.21,40.68,2.9
149,408,1,369,23.6,4,842,800,45,75.28,29.94,3.0
161,617,1,465,23.8,4,915,807,163,74.23,21.04,3.0
174,728,1,326,24.2,2,817,751,469,75.21,31.16,3.1
163,351,1,332,24.0,4,931,805,20,72.49,17.37,0.7
168,305,1,256,22.7,4,516,583,82,85.78,53.25,1.0
191,436,1,385,22.3,8,815,720,58,91.7,29.98,1.1
180,386,1,261,22.3,7,512,554,209,93.97,53.2,1.1
175,301,1,286,22.5,7,821,747,17,94.64,30.03,2.6
181,413,1,381,22.7,7,898,769,34,94.69,21.07,2.7
167,697,1,472,22.9,7,928,797,236,94.79,17.31,2.6
170,597,1,462,23.5,3,898,783,145,92.92,21.74,2.6
165,607,1,412,24.1,7,818,761,226,90.52,30.96,2.5
107,370,1,347,19.9,8,929,881,24,86.17,21.09,4.4
107,473,1,425,21.0,6,957,891,51,80.44,17.31,3.8
118,697,1,448,22.3,7,928,873,268,74.03,21.71,3.3
111,651,1,396,23.1,7,851,862,297,69.73,30.92,3.4
97,730,1,97,23.2,0,730,849,849,67.89,41.76,3.5
79,573,1,79,23.0,0,573,821,821,66.57,53.06,3.5
65,391,1,65,22.2,0,391,752,752,67.97,64.35,3.4
66,415,1,66,19.5,0,415,782,782,73.94,63.47,3.2
77,604,1,77,21.1,0,604,859,859,68.26,52.16,3.0
85,767,1,85,22.3,0,767,903,903,63.47,40.87,2.8
155,868,1,155,23.0,0,868,824,824,60.04,30.11,2.7
159,946,1,159,23.6,0,946,844,844,58.06,21.12,2.5
154,768,1,431,24.0,2,972,857,353,57.17,17.31,2.5
195,883,1,303,24.1,2,924,784,624,57.41,21.68,2.5
188,649,1,396,24.0,2,838,757,294,58.57,30.88,2.5
165,710,1,165,23.8,0,710,730,730,60.45,41.72,2.4
142,549,1,142,23.4,0,549,676,676,63.58,53.02,2.3
115,367,1,115,22.6,0,367,580,580,68.9,64.32,2.2
94,397,1,94,20.1,0,397,681,681,76.35,63.51,2.7
104,587,1,104,21.9,0,587,788,788,69.78,52.21,2.4
109,755,1,109,23.1,0,755,855,855,64.31,40.92,2.2
109,886,1,109,23.9,0,886,899,899,59.89,30.15,1.9
110,968,1,110,24.6,0,968,921,921,56.58,21.16,1.7
110,993,1,110,25.1,0,993,924,924,55.03,17.32,1.5
116,959,1,116,25.5,0,959,907,907,54.51,21.66,1.5
110,873,1,110,25.6,0,873,889,889,55.59,30.86,1.7
102,743,1,102,25.4,0,743,857,857,58.41,41.69,1.8
91,575,1,91,25.1,0,575,805,805,62.63,52.99,2.0
76,389,1,76,24.3,0,389,720,720,69.21,64.28,2.0
78,400,1,78,20.5,0,400,722,722,83.22,63.56,0.9
94,584,1,94,22.7,0,584,800,800,73.02,52.26,1.0
107,743,1,107,24.0,0,743,842,842,67.32,40.97,1.0
125,835,1,220,24.8,2,863,854,711,64.64,30.2,1.1
137,825,1,375,25.2,7,937,857,483,63.72,21.2,1.3
146,707,1,467,25.3,4,957,850,251,64.31,17.34,1.5
142,828,1,371,25.2,3,925,842,492,66.06,21.65,1.6
138,370,1,342,25.2,4,840,818,32,66.48,30.83,1.7
120,322,1,262,24.6,4,546,707,99,71.76,52.96,1.8
184,307,1,292,24.8,7,900,768,16,88.62,21.24,2.5
173,487,1,433,25.5,7,932,795,57,85.59,17.36,2.4
179,398,1,369,26.2,6,901,777,31,81.81,21.65,2.2
163,665,1,388,26.6,7,826,772,322,79.46,30.81,2.0
140,608,1,280,26.8,7,705,756,439,78.14,41.63,1.7
123,544,1,123,26.7,1,544,699,699,79.96,52.93,1.4
81,391,1,81,23.6,0,391,698,698,78.82,63.67,1.5
94,577,1,94,24.8,0,577,791,791,70.75,52.37,1.1
103,742,1,103,25.8,0,742,847,847,65.55,41.08,0.8
109,869,1,109,26.8,0,869,881,881,60.99,30.31,0.6
114,947,1,114,27.5,0,947,893,893,58.19,21.29,0.6
118,971,1,118,28.0,0,971,894,894,56.77,17.39,0.8
113,940,1,113,28.2,0,940,889,889,56.9,21.65,0.9
112,852,1,112,28.3,0,852,861,861,57.86,30.8,1.0
109,720,1,109,28.3,0,720,817,817,60.67,41.61,1.1
105,552,1,105,28.7,0,552,742,742,61.74,52.91,1.1
93,368,1,93,27.4,0,368,632,632,67.09,64.21,1.1
79,382,1,79,24.4,7,395,716,685,85.88,63.73,1.0
93,581,1,93,26.3,0,581,801,801,73.1,52.43,1.0
105,743,1,105,27.2,1,743,848,848,66.37,41.14,0.9
108,870,1,108,28.0,0,870,884,884,62.02,30.37,0.9
114,948,1,114,28.6,0,948,895,895,59.07,21.35,0.9
117,973,1,117,29.1,0,973,897,897,57.14,17.43,0.9
119,941,1,119,29.3,0,941,885,885,56.51,21.65,0.8
120,854,1,120,29.2,0,854,855,855,57.18,30.79,0.7
112,710,1,158,29.0,2,725,819,738,59.29,41.6,0.7
109,557,1,109,28.7,0,557,743,743,61.86,52.89,0.7
90,374,1,90,28.0,0,374,652,652,65.02,64.19,0.7
78,363,1,101,24.6,7,390,706,594,80.91,63.8,0.8
93,574,1,93,26.5,0,574,789,789,69.13,52.49,0.6
106,734,1,106,27.6,0,734,835,835,61.19,41.2,0.4
152,822,1,233,28.3,2,845,803,683,57.16,30.43,0.3
164,844,1,356,28.8,2,921,813,524,55.69,21.41,0.2
173,853,1,386,29.1,2,942,806,489,56.17,17.47,0.4
150,513,1,439,29.0,3,920,829,80,58.79,21.66,0.7
160,832,1,160,29.1,1,832,782,782,60.53,30.78,1.0
158,701,1,158,29.1,0,701,727,727,62.23,41.59,1.2
150,537,1,150,29.0,0,537,641,641,64.34,52.88,1.2
124,357,1,124,28.4,7,357,535,535,66.21,64.18,1.3
130,439,1,246,25.4,7,546,685,318,88.75,52.56,1.6
141,664,1,230,26.3,7,706,751,577,85.28,41.27,1.7
144,744,1,323,26.9,7,832,799,489,83.63,30.5,1.7
148,912,1,148,27.3,1,912,820,820,82.36,21.48,1.7
147,939,1,147,27.4,1,939,830,830,81.73,17.52,1.9
156,842,1,359,27.4,7,906,807,520,80.89,21.68,2.0
150,663,1,389,27.4,4,826,786,320,79.83,30.78,2.2
144,567,1,321,27.3,4,698,741,329,80.66,41.58,2.2
77,389,1,77,23.5,0,389,711,711,84.54,63.93,2.0
88,577,1,88,24.7,0,577,806,806,75.65,52.63,1.9
95,742,1,95,25.5,0,742,862,862,69.26,41.34,2.1
111,866,1,111,25.9,0,866,876,876,65.16,30.57,2.5
123,694,1,449,26.2,3,942,881,263,63.8,21.56,2.8
129,966,1,129,26.3,0,966,878,878,63.71,17.58,3.0
123,940,1,123,26.1,0,940,879,879,63.45,21.71,3.5
91,743,1,91,25.2,0,743,871,871,61.95,41.58,3.9
78,581,1,78,24.5,0,581,833,833,63.65,52.87,3.5
67,399,1,67,21.5,0,399,758,758,76.53,64.01,2.2
78,586,1,78,23.0,0,586,838,838,69.65,52.7,1.8
87,750,1,87,24.2,0,750,885,885,64.55,41.42,1.3
92,879,1,92,25.2,0,879,915,915,61.19,30.65,1.0
96,958,1,96,26.0,0,958,927,927,59.08,21.64,0.8
99,983,1,99,26.6,0,983,927,927,57.57,17.65,0.8
101,952,1,101,26.9,0,952,916,916,57.28,21.74,1.0
100,870,1,100,26.9,0,870,897,897,58.2,30.8,1.2
95,375,1,327,26.8,2,739,861,65,60.22,41.58,1.3
86,376,1,265,26.7,2,574,808,183,63.33,52.87,1.5
73,388,1,73,26.0,0,388,723,723,67.03,64.18,1.6
84,380,1,84,23.3,0,380,676,676,81.5,64.08,2.3
104,557,1,104,25.1,0,557,748,748,74.33,52.78,2.2
119,713,1,119,26.2,0,713,793,793,69.27,41.5,2.1
127,834,1,127,26.9,1,834,823,823,67.0,30.73,2.1
151,481,1,424,26.9,4,902,809,61,69.22,21.72,2.1
174,446,1,406,26.7,4,920,784,41,72.25,17.72,2.0
227,447,1,404,26.9,3,876,699,47,73.36,21.78,2.0
231,347,1,324,27.2,4,792,654,26,74.38,30.81,1.9
206,622,1,263,27.3,3,672,623,480,76.82,41.59,1.8
182,451,1,234,27.2,3,516,553,359,80.25,52.88,1.7
147,446,1,238,26.0,3,533,639,344,73.82,52.86,0.6
160,593,1,307,27.0,3,693,713,382,69.05,41.58,0.5
184,351,1,328,27.5,4,814,733,27,66.83,30.82,0.6
171,548,1,451,28.8,3,900,786,104,63.39,21.82,0.2
169,600,1,413,28.9,3,819,757,218,63.76,30.83,0.3
126,354,1,126,28.7,0,354,522,522,73.51,64.19,0.6
110,365,1,110,25.6,0,365,587,587,84.43,64.25,1.1
133,546,1,133,26.7,0,546,685,685,77.85,52.94,1.3
149,708,1,149,27.3,0,708,748,748,74.07,41.66,1.4
133,844,1,133,27.8,0,844,829,829,71.03,30.9,1.6
140,926,1,140,28.2,0,926,846,846,69.05,21.9,1.7
143,953,1,143,28.4,0,953,851,851,67.81,17.88,1.9
131,929,1,131,28.4,0,929,861,861,67.33,21.87,2.0
126,848,1,126,28.2,0,848,841,841,68.13,30.86,2.0
117,721,1,117,27.8,0,721,807,807,70.2,41.62,2.0
105,559,1,105,27.1,0,559,752,752,74.27,52.9,2.0
88,376,1,88,26.1,0,376,661,661,80.67,64.21,1.9
98,363,1,98,24.6,1,363,613,613,88.1,64.33,1.5
117,544,1,117,25.5,1,544,711,711,83.24,53.03,1.3
129,520,1,339,26.4,7,704,771,243,79.22,41.75,1.1
154,585,1,413,27.2,7,824,782,201,76.25,31.0,1.1
163,854,1,338,27.7,2,901,795,557,74.99,22.0,1.2
170,404,1,376,28.0,3,925,794,30,74.71,17.97,1.4
167,897,1,167,28.1,1,897,787,787,75.15,21.93,1.6
166,815,1,166,27.9,1,815,756,756,76.52,30.89,1.7
161,688,1,161,27.4,0,688,705,705,79.4,41.64,1.9
155,400,1,258,26.6,7,525,614,236,83.83,52.92,2.0
108,356,1,108,26.2,0,356,575,575,87.88,64.42,1.7
129,535,1,129,27.2,0,535,676,676,82.89,53.12,1.7
145,694,1,145,27.9,0,694,737,737,79.78,41.84,1.9
162,711,1,335,28.4,2,816,764,439,77.59,31.09,2.2
168,894,1,168,28.7,0,894,784,784,76.2,22.11,2.5
173,740,1,449,28.9,3,919,785,306,75.49,18.07,2.7
176,410,1,378,28.9,8,889,769,34,76.19,21.99,2.8
148,442,1,239,28.0,7,526,628,337,84.6,52.94,2.6
119,324,1,138,27.4,7,351,534,428,89.81,64.26,2.3
134,406,1,254,22.9,3,530,661,254,86.52,53.21,3.4
143,604,1,278,23.4,7,693,739,437,81.36,41.93,3.2
147,822,1,147,24.2,1,822,790,790,76.11,31.19,2.8
147,906,1,147,25.4,0,906,819,819,71.59,22.22,2.4
146,937,1,146,26.4,1,937,832,832,68.24,18.18,2.0
139,858,1,337,26.9,2,911,833,562,66.79,22.06,2.0
136,832,1,136,27.0,0,832,812,812,66.72,30.98,2.1
131,705,1,131,26.7,0,705,769,769,68.02,41.7,2.2
123,543,1,123,26.6,0,543,698,698,69.64,52.97,2.2
105,361,1,105,26.1,0,361,590,590,74.22,64.29,2.0
137,451,1,405,24.5,7,922,849,49,68.52,22.33,1.7
144,660,1,472,25.0,7,951,850,198,67.42,18.29,1.3
167,684,1,447,25.2,7,918,810,256,67.87,22.14,1.2
174,609,1,409,25.2,7,834,771,234,68.73,31.03,1.0
160,708,1,160,25.0,0,708,734,734,69.99,41.74,0.8
148,508,1,165,24.8,2,545,660,570,71.15,53.01,0.7
120,317,1,141,24.8,2,364,563,406,73.38,64.33,0.7
105,365,1,105,23.6,0,365,610,610,81.76,64.7,1.0
126,552,1,126,25.3,0,552,713,713,72.05,53.39,0.8
143,716,1,143,26.5,0,716,772,772,65.88,42.12,0.6
173,838,1,173,27.4,0,838,779,779,61.41,31.4,0.5
179,918,1,179,28.0,0,918,800,800,58.73,22.45,0.5
182,947,1,182,28.4,0,947,806,806,57.77,18.41,0.5
187,915,1,187,28.6,0,915,787,787,58.2,22.22,0.8
187,830,1,187,28.6,0,830,751,751,59.3,31.08,1.0
181,699,1,181,28.4,0,699,695,695,62.16,41.78,1.3
165,534,1,165,29.1,0,534,613,613,61.47,53.05,1.5
135,353,1,135,28.3,2,353,503,503,62.7,64.37,1.6
157,335,1,157,24.0,7,335,418,418,77.86,64.8,1.0
206,516,1,206,26.2,7,516,522,522,69.74,53.49,1.0
238,648,1,228,27.3,7,675,590,566,66.09,42.22,1.0
276,796,1,276,28.0,2,796,610,610,64.1,31.51,1.1
283,762,1,383,28.5,3,877,643,410,62.87,22.57,1.1
278,634,1,473,28.9,4,905,661,169,61.99,18.53,1.2
288,532,1,445,29.0,3,872,632,94,62.68,22.32,1.5
253,496,1,407,29.0,3,798,636,104,63.74,31.14,1.7
216,540,1,332,28.9,4,678,620,279,65.74,41.83,1.9
183,485,1,195,28.5,3,521,563,483,69.13,53.09,2.1
140,346,1,140,27.5,0,346,477,477,74.35,64.42,2.2
111,349,1,111,24.5,0,349,562,562,84.11,64.91,2.1
136,495,1,169,25.6,7,529,663,550,77.19,53.59,2.3
156,665,1,208,26.2,3,688,720,619,73.38,42.33,2.5
174,728,1,319,26.2,7,811,748,480,72.87,31.62,2.9
178,703,1,436,26.1,7,891,774,289,73.58,22.7,3.2
176,781,1,402,25.9,3,921,787,400,75.59,18.66,3.4
82,358,1,82,24.0,0,358,653,653,94.69,65.01,2.2
100,539,1,100,25.2,1,539,741,741,87.51,53.7,2.1
117,699,1,117,26.6,0,699,789,789,79.4,42.43,2.0
145,482,1,401,27.6,3,822,796,95,74.3,31.73,2.0
153,905,1,153,28.2,0,905,816,816,71.01,22.83,1.9
150,763,1,423,28.5,2,939,833,359,68.45,18.8,1.9
149,915,1,149,28.6,1,915,829,829,66.25,22.52,1.9
139,637,1,398,28.5,2,837,817,280,65.19,31.29,1.9
128,710,1,128,28.1,0,710,782,782,65.99,41.94,1.8
116,547,1,116,27.5,0,547,719,719,68.45,53.2,1.8
96,364,1,96,26.7,0,364,623,623,72.15,64.53,1.8
94,361,1,94,23.5,0,361,633,633,74.26,65.12,1.9
112,544,1,112,24.7,0,544,732,732,68.74,53.8,1.5
126,706,1,126,25.7,0,706,787,787,65.66,42.54,1.1
114,842,1,114,26.5,0,842,857,857,64.02,31.85,1.2
119,922,1,119,27.2,0,922,873,873,63.13,22.97,1.4
121,951,1,121,27.7,0,951,878,878,62.84,18.95,1.7
115,924,1,115,28.0,0,924,877,877,63.24,22.63,2.0
112,841,1,112,28.1,0,841,854,854,64.35,31.37,2.1
105,713,1,105,28.0,0,713,819,819,66.27,42.01,2.2
95,549,1,95,27.7,0,549,759,759,69.38,53.26,2.3
81,366,1,81,27.0,0,366,665,665,75.12,64.59,2.3
112,340,1,112,25.5,0,340,544,544,82.1,65.22,2.0
128,524,1,128,27.0,0,524,672,672,76.09,53.91,1.8
136,644,1,225,28.0,7,691,754,569,71.89,42.65,1.6
141,722,1,319,28.7,7,823,804,475,68.63,31.97,1.7
142,908,1,142,29.1,1,908,833,833,66.46,23.11,1.9
141,941,1,141,29.3,0,941,846,846,64.68,19.1,2.1
131,861,1,322,29.2,2,919,854,584,63.7,22.74,2.2
124,804,1,247,29.0,2,843,842,653,63.06,31.45,2.2
110,719,1,110,28.7,0,719,822,822,62.95,42.08,2.3
95,559,1,95,28.1,0,559,778,778,64.76,53.33,2.2
78,375,1,78,27.3,0,375,694,694,68.52,64.66,2.2
78,373,1,78,23.2,0,373,708,708,70.45,65.33,1.9
93,563,1,93,24.3,0,563,801,801,63.15,54.02,1.5
105,733,1,105,25.1,0,733,855,855,59.37,42.76,1.1
101,766,1,286,25.9,7,866,903,567,56.98,32.1,0.9
103,951,1,103,26.6,0,951,924,924,56.12,23.26,0.9
101,979,1,101,27.3,0,979,931,931,55.32,19.25,1.2
106,951,1,106,27.7,0,951,917,917,55.27,22.87,1.4
102,867,1,102,27.9,0,867,898,898,56.02,31.54,1.4
96,738,1,96,27.9,0,738,866,866,57.49,42.16,1.3
87,553,1,100,28.0,2,569,808,759,59.27,53.4,1.2
76,342,1,109,27.3,7,379,711,546,62.1,64.73,1.2
79,356,1,79,24.0,0,356,668,668,78.27,65.45,1.1
93,541,1,93,25.9,0,541,763,763,68.52,54.13,1.5
108,702,1,108,27.1,0,702,811,811,62.96,42.88,1.7
130,822,1,130,27.9,0,822,819,819,59.6,32.23,1.8
146,855,1,317,28.5,3,896,818,587,57.99,23.41,1.9
157,830,1,384,29.0,7,922,811,474,57.06,19.41,2.0
160,893,1,160,29.3,1,893,796,796,56.85,23.0,2.1
162,777,1,282,29.3,3,813,764,581,57.87,31.64,2.3
156,685,1,156,29.0,0,685,715,715,60.3,42.24,2.4
139,488,1,181,28.3,3,525,650,517,64.26,53.48,2.5
111,328,1,123,27.3,7,347,554,482,69.38,64.81,2.5
121,393,1,246,27.7,3,519,680,251,84.4,54.24,1.9
138,644,1,218,28.5,3,681,742,582,80.08,43.0,2.0
139,812,1,139,29.2,0,812,797,797,75.29,32.36,2.1
149,779,1,369,29.8,7,892,810,447,71.48,23.56,2.3
155,614,1,470,29.9,7,919,810,153,71.35,19.58,2.5
157,772,1,374,29.7,3,891,798,432,72.61,23.14,2.6
156,605,1,405,29.5,4,810,769,236,74.12,31.75,2.5
147,432,1,342,29.4,6,685,728,122,74.95,42.33,2.4
131,474,1,202,28.9,7,525,662,458,77.7,53.56,2.3
200,590,1,408,28.5,3,790,694,215,79.05,31.86,1.7
181,395,1,332,28.0,3,668,660,85,82.88,42.42,1.8
186,321,1,258,27.3,7,502,533,107,86.57,53.65,1.8
88,343,1,88,25.9,1,343,622,622,85.62,65.8,1.2
108,526,1,108,27.1,0,526,720,720,78.44,54.48,1.1
122,441,1,338,28.2,3,688,777,142,75.29,43.24,1.3
131,815,1,131,29.1,0,815,812,812,72.75,32.63,1.7
141,894,1,141,29.7,0,894,824,824,70.99,23.88,2.1
148,921,1,148,30.1,0,921,822,822,70.18,19.94,2.5
156,890,1,156,30.4,1,890,800,800,69.83,23.43,2.7
159,731,1,316,30.4,7,807,765,489,70.92,31.97,2.7
151,583,1,303,30.3,7,680,718,380,72.71,42.52,2.7
135,437,1,230,30.0,7,520,652,350,76.12,53.74,2.6
95,315,1,114,27.8,7,334,587,493,88.3,65.92,1.4
114,445,1,211,29.1,3,516,694,404,83.76,54.6,1.3
126,629,1,228,30.3,7,680,762,552,77.2,43.37,1.3
153,732,1,307,31.1,7,802,773,506,71.26,32.77,1.3
159,884,1,159,31.5,1,884,794,794,67.93,24.05,1.4
162,866,1,355,31.9,2,912,799,544,65.51,20.12,1.6
155,797,1,367,31.9,2,888,800,469,64.83,23.59,1.8
146,810,1,146,31.6,0,810,783,783,65.97,32.1,2.0
132,686,1,132,31.3,1,686,753,753,66.91,42.62,2.2
115,526,1,115,30.7,0,526,697,697,69.79,53.84,2.2
96,346,1,96,29.9,1,346,594,594,74.67,65.18,2.2
106,649,1,206,30.6,3,689,803,610,74.99,43.49,1.5
129,776,1,263,31.4,3,811,813,611,68.55,32.91,1.7
134,894,1,134,31.9,0,894,833,833,65.59,24.22,1.9
135,925,1,135,32.2,0,925,842,842,64.33,20.31,2.2
126,902,1,126,32.3,1,902,848,848,64.65,23.75,2.4
124,821,1,124,32.2,0,821,824,824,66.43,32.22,2.5
118,691,1,118,31.8,1,691,780,780,69.97,42.73,2.5
109,528,1,109,31.0,0,528,712,712,75.29,53.94,2.3
92,346,1,92,30.0,0,346,608,608,81.83,65.28,2.2
124,358,1,250,27.2,4,509,669,187,73.13,54.84,1.4
139,562,1,298,28.2,3,673,737,365,70.59,43.62,1.7
151,758,1,283,28.7,3,801,775,566,71.12,33.06,1.9
153,884,1,153,29.1,0,884,803,803,71.38,24.4,2.1
152,914,1,152,29.3,1,914,814,814,71.84,20.51,2.3
142,890,1,142,29.4,1,890,818,818,72.56,23.92,2.4
142,808,1,142,29.3,0,808,789,789,74.21,32.36,2.5
138,426,1,339,29.0,7,679,738,119,77.34,42.85,2.6
129,463,1,206,28.2,2,516,658,437,82.9,54.05,2.5
146,314,1,296,21.2,8,803,785,21,87.15,33.2,3.3
81,343,1,81,21.2,0,343,657,657,86.77,66.42,3.2
94,534,1,94,22.6,0,534,768,768,78.12,55.09,3.2
104,704,1,104,23.9,0,704,833,833,69.99,43.89,2.9
110,653,1,369,24.8,2,836,870,339,64.72,33.36,2.6
115,919,1,115,25.6,1,919,885,885,61.29,24.76,2.3
118,471,1,419,26.2,3,949,890,55,59.86,20.92,2.0
137,702,1,427,26.6,2,915,853,302,59.64,24.28,1.6
135,569,1,406,26.7,3,832,828,194,59.88,32.65,1.2
128,445,1,339,26.5,3,701,785,145,62.36,43.1,0.9
116,416,1,235,26.6,2,536,719,309,63.74,54.29,0.6
95,351,1,95,26.4,0,351,620,620,62.9,65.63,0.6
83,338,1,83,22.8,0,338,641,641,79.99,66.55,2.3
101,525,1,101,24.4,0,525,742,742,71.53,55.22,2.3
115,692,1,115,25.4,0,692,803,803,65.7,44.02,2.0
139,820,1,139,26.1,0,820,817,817,62.34,33.51,1.6
148,903,1,148,26.6,0,903,833,833,60.52,24.95,1.1
154,734,1,432,27.0,2,932,834,323,58.79,21.14,0.8
161,675,1,436,27.3,2,904,816,263,56.54,24.47,0.6
161,661,1,369,27.4,2,820,784,347,55.32,32.8,0.4
158,423,1,336,27.3,2,690,730,120,56.27,43.23,0.3
145,382,1,248,27.8,2,523,651,231,56.38,54.42,0.3
95,330,1,95,23.2,0,330,592,592,77.44,66.68,0.9
116,517,1,116,25.3,0,517,705,705,68.19,55.35,0.8
131,687,1,131,26.5,0,687,774,774,62.71,44.16,0.6
145,817,1,145,27.4,0,817,808,808,57.13,33.67,0.4
154,901,1,154,28.0,0,901,825,825,54.52,25.14,0.3
159,496,1,432,28.3,3,928,825,69,54.32,21.35,0.4
165,717,1,414,28.4,2,899,808,334,55.15,24.66,0.6
164,814,1,164,28.3,0,814,774,774,56.89,32.96,0.7
159,681,1,159,28.3,1,681,719,719,58.72,43.37,0.9
150,515,1,150,29.4,1,515,630,630,56.51,54.55,0.9
127,328,1,127,28.2,0,328,492,492,60.84,65.89,1.0
117,314,1,117,24.3,0,314,502,502,78.68,66.82,1.4
146,498,1,146,25.7,0,498,621,621,71.76,55.49,1.3
166,656,1,175,26.9,2,664,696,672,66.43,44.3,1.2
176,796,1,176,27.5,0,796,747,747,63.72,33.83,1.5
184,880,1,184,27.8,1,880,771,771,62.63,25.34,1.9
188,867,1,329,27.9,2,908,774,579,62.43,21.58,2.2
191,857,1,288,27.9,2,880,759,628,62.68,24.87,2.4
184,561,1,403,27.7,3,799,735,189,63.75,33.13,2.5
173,673,1,173,27.4,0,673,690,690,65.62,43.52,2.6
154,510,1,154,26.9,0,510,615,615,68.49,54.68,2.7
123,327,1,123,26.1,0,327,501,501,71.85,66.03,2.8
101,320,1,101,24.1,0,320,560,560,81.88,66.95,2.6
119,507,1,119,26.0,0,507,687,687,76.55,55.62,2.5
133,672,1,133,27.4,0,672,755,755,71.6,44.44,2.3
152,799,1,152,28.4,0,799,780,780,67.28,33.99,2.3
159,883,1,159,29.0,0,883,802,802,64.62,25.54,2.4
161,913,1,161,29.3,0,913,810,810,63.49,21.81,2.6
174,882,1,174,29.5,0,882,781,781,62.85,25.07,2.8
168,800,1,168,29.4,0,800,756,756,63.5,33.3,2.9
155,671,1,155,29.2,1,671,713,713,65.08,43.67,2.8
134,508,1,134,28.8,0,508,649,649,68.21,54.83,2.8
106,327,1,106,27.9,0,327,548,548,73.88,66.17,2.7
108,312,1,108,24.7,0,312,526,526,90.14,67.09,1.9
129,499,1,129,26.6,0,499,657,657,82.64,55.76,1.7
144,666,1,144,28.3,0,666,733,733,73.62,44.59,1.5
150,797,1,150,29.2,0,797,782,782,67.83,34.16,1.5
162,880,1,162,29.7,0,880,796,796,64.58,25.75,1.8
171,827,1,368,29.9,4,906,793,496,63.59,22.04,2.2
176,875,1,176,30.0,1,875,773,773,63.53,25.29,2.5
179,791,1,179,29.8,0,791,733,733,64.81,33.48,2.6
173,662,1,173,29.4,0,662,677,677,67.36,43.82,2.7
155,500,1,155,28.9,0,500,601,601,71.11,54.97,2.6
107,311,1,107,26.0,0,311,525,525,86.07,67.23,1.5
127,499,1,127,27.8,0,499,664,664,79.58,55.9,1.4
138,667,1,138,29.3,0,667,744,744,69.19,44.74,1.2
165,793,1,165,30.2,0,793,761,761,61.91,34.33,1.4
171,878,1,171,30.7,0,878,786,786,58.69,25.95,1.6
171,907,1,171,30.8,0,907,795,795,58.26,22.28,2.0
157,860,1,277,30.8,2,886,808,646,58.62,25.51,2.4
146,783,1,234,30.6,7,807,793,660,60.05,33.66,2.7
132,574,1,284,30.1,3,679,760,404,62.78,43.98,2.8
114,516,1,114,29.4,0,516,702,702,66.96,55.13,2.9
91,333,1,91,28.3,0,333,605,605,73.64,66.47,2.9
139,508,1,312,29.0,4,662,737,277,64.45,44.88,1.1
171,597,1,385,29.6,7,783,743,258,60.9,34.5,1.3
186,723,1,392,29.9,7,863,754,368,59.47,26.17,1.5
199,620,1,459,30.2,4,891,750,175,58.17,22.53,1.7
208,783,1,353,30.7,2,860,724,478,55.7,25.73,1.7
113,450,1,173,24.3,7,502,699,496,84.87,56.18,1.3
123,672,1,123,25.8,0,672,777,777,72.32,45.03,1.3
128,806,1,128,27.1,0,806,824,824,64.03,34.67,1.1
135,848,1,280,28.1,2,890,843,634,58.79,26.38,0.9
141,919,1,141,28.7,1,919,844,844,56.15,22.78,0.7
128,896,1,128,29.0,0,896,855,855,54.93,25.96,0.4
127,813,1,127,29.1,0,813,828,828,54.08,34.04,0.3
119,575,1,274,29.4,3,682,787,421,54.4,44.33,0.4
117,318,1,246,29.4,6,514,700,126,56.68,55.45,0.5
145,356,1,235,26.6,7,487,616,218,66.54,56.32,0.3
168,479,1,319,27.7,6,651,686,227,63.02,45.19,0.3
173,433,1,373,28.3,9,785,747,74,61.04,34.85,0.5
190,583,1,440,28.5,6,867,757,160,60.16,26.6,0.9
193,679,1,445,28.5,7,896,763,254,60.57,23.03,1.3
214,666,1,428,28.2,7,861,722,265,62.37,26.2,1.8
208,511,1,397,27.9,7,779,691,138,63.95,34.25,2.0
181,503,1,318,27.4,4,656,666,259,66.2,44.5,2.2
153,443,1,195,26.9,7,492,600,439,68.24,55.62,2.3
122,493,1,122,25.9,0,493,671,671,75.61,56.46,1.1
136,661,1,136,26.8,0,661,747,747,70.93,45.34,1.1
161,788,1,161,27.5,0,788,765,765,68.08,35.03,1.3
170,871,1,170,28.0,0,871,786,786,66.53,26.83,1.6
174,900,1,174,28.3,0,900,791,791,65.95,23.29,1.8
150,881,1,150,28.4,0,881,816,816,66.31,26.44,2.0
147,799,1,147,28.3,0,799,791,791,67.18,34.45,2.1
139,668,1,139,28.2,0,668,744,744,68.25,44.69,2.3
127,500,1,127,28.0,0,500,664,664,70.67,55.79,2.4
104,315,1,104,26.9,0,315,542,542,76.59,67.13,2.5
140,485,1,140,25.6,0,485,627,627,73.71,56.61,1.5
149,658,1,149,26.9,0,658,727,727,65.56,45.5,1.3
134,800,1,134,28.0,0,800,816,816,60.54,35.21,1.1
137,775,1,347,28.9,7,887,842,481,56.48,27.05,0.8
138,918,1,138,29.5,0,918,850,850,53.98,23.56,0.4
142,764,1,353,29.8,7,888,836,461,53.69,26.69,0.3
139,801,1,139,29.8,1,801,805,805,54.33,34.67,0.6
135,597,1,234,29.6,2,668,752,512,55.64,44.88,0.9
121,413,1,200,23.9,7,494,680,387,68.36,56.76,2.4
139,565,1,258,25.2,7,662,749,439,62.86,45.66,2.2
157,651,1,349,26.2,7,792,779,371,60.62,35.4,1.8
168,686,1,412,26.9,7,874,795,309,59.88,27.28,1.6
173,640,1,451,27.3,7,902,797,207,59.91,23.83,1.4
166,755,1,353,27.3,7,877,798,451,60.57,26.95,1.3
162,669,1,329,27.2,7,791,766,414,61.66,34.89,1.3
151,521,1,305,27.0,7,660,720,307,63.22,45.07,1.4
133,409,1,213,26.9,7,494,649,353,65.17,56.16,1.4
236,348,1,328,25.4,8,835,675,24,77.37,27.52,1.0
230,447,1,402,25.8,4,867,698,50,74.71,24.1,1.1
214,326,1,309,26.1,6,844,709,20,73.16,27.2,1.2
202,537,1,394,26.1,7,765,688,175,73.64,35.11,1.4
181,541,1,290,26.0,7,639,650,356,74.83,45.27,1.7
154,456,1,161,25.7,2,477,582,531,77.09,56.35,1.9
138,473,1,138,25.5,0,473,615,615,89.61,57.05,2.7
160,638,1,160,26.6,1,638,688,688,82.25,45.98,2.7
191,545,1,389,27.5,2,763,705,193,76.48,35.78,2.9
205,844,1,205,28.0,0,844,723,723,73.41,27.76,3.2
209,793,1,365,28.2,2,873,729,471,72.33,24.38,3.5
217,641,1,430,28.2,7,842,704,238,72.74,27.47,3.7
111,489,1,111,24.4,1,489,699,699,82.88,57.21,2.0
126,655,1,126,25.6,0,655,763,763,74.29,46.14,2.2
139,787,1,139,26.3,0,787,800,800,69.98,35.97,2.4
144,872,1,144,27.2,0,872,825,825,66.66,28.0,2.5
145,904,1,145,27.7,1,904,836,836,65.28,24.66,2.7
141,879,1,141,28.1,0,879,834,834,64.46,27.74,2.8
137,728,1,276,28.1,2,794,807,557,65.51,35.58,2.9
129,660,1,129,27.9,0,660,759,759,67.47,45.69,2.8
119,491,1,119,27.4,0,491,677,677,71.06,56.74,2.6
74,315,1,74,22.9,0,315,662,662,79.45,68.68,2.2
88,509,1,88,24.4,0,509,779,779,65.81,57.36,2.0
99,682,1,99,25.6,0,682,844,844,56.79,46.31,1.9
113,814,1,113,26.4,0,814,869,869,54.14,36.17,1.8
121,898,1,121,27.0,0,898,882,882,53.34,28.24,1.7
126,706,1,424,27.4,2,925,881,311,53.39,24.94,1.7
143,888,1,143,27.5,0,888,844,844,54.02,28.02,1.8
143,612,1,369,27.5,3,799,809,299,55.14,35.82,1.9
121,366,1,226,26.8,3,493,683,256,60.83,56.95,1.6
88,506,1,88,23.6,0,506,779,779,62.21,57.51,2.4
98,680,1,98,24.7,0,680,844,844,56.29,46.48,2.6
108,815,1,108,25.5,0,815,879,879,53.55,36.37,2.8
114,899,1,114,26.0,0,899,894,894,52.53,28.49,2.9
115,782,1,361,26.4,7,927,898,466,51.96,25.24,2.9
119,812,1,308,26.5,2,896,883,573,52.08,28.3,2.9
120,673,1,308,26.4,7,808,851,452,52.41,36.07,2.9
114,672,1,114,26.0,0,672,805,805,53.54,46.13,2.9
101,502,1,101,25.2,0,502,739,739,56.36,57.16,2.8
77,313,1,77,24.4,0,313,642,642,59.96,68.49,2.7
85,508,1,85,22.9,0,508,792,792,57.04,57.67,2.0
96,682,1,96,24.0,0,682,854,854,52.34,46.65,1.7
108,815,1,108,24.8,0,815,880,880,50.1,36.57,1.5
114,901,1,114,25.5,1,901,897,897,48.91,28.74,1.7
120,926,1,120,25.9,0,926,893,893,48.91,25.53,1.9
127,893,1,127,26.2,0,893,873,873,49.35,28.58,1.9
123,805,1,123,26.2,0,805,847,847,50.49,36.32,1.9
111,540,1,275,26.0,7,671,811,384,52.36,46.36,1.8
95,502,1,95,25.6,0,502,755,755,55.35,57.37,1.7
82,499,1,82,24.7,0,499,783,783,59.22,57.82,2.2
92,669,1,92,25.9,0,669,843,843,54.97,46.82,2.3
101,800,1,101,26.8,0,800,873,873,52.99,36.77,2.2
107,883,1,107,27.3,0,883,887,887,52.12,29.0,2.4
112,910,1,112,27.7,0,910,887,887,51.8,25.83,2.4
112,880,1,112,28.0,0,880,877,877,51.67,28.87,2.4
110,792,1,110,28.1,0,792,849,849,52.24,36.57,2.5
105,658,1,105,27.9,0,658,805,805,53.61,46.59,2.5
94,486,1,94,27.5,0,486,732,732,56.04,57.6,2.5
204,592,1,368,25.4,4,738,668,281,82.97,36.84,2.0
154,382,1,206,25.5,3,449,554,330,84.18,57.82,1.9
180,587,1,367,25.8,3,746,711,277,78.61,37.19,1.4
192,828,1,192,26.0,1,828,731,731,76.41,29.52,1.2
227,556,1,427,26.3,3,816,676,147,74.59,29.47,1.3
118,466,1,118,24.6,0,466,661,661,74.62,58.3,2.2
133,637,1,133,25.7,0,637,744,744,66.26,47.35,2.2
136,773,1,136,26.5,0,773,802,802,61.43,37.4,2.2
139,859,1,139,27.0,0,859,829,829,58.69,29.79,2.2
140,826,1,315,27.3,2,889,839,573,57.02,26.75,2.2
133,862,1,133,27.4,0,862,840,840,56.19,29.77,2.3
128,777,1,128,27.2,0,777,817,817,56.43,37.38,2.3
118,643,1,118,26.7,0,643,774,774,57.77,47.32,2.3
103,474,1,103,25.9,0,474,704,704,60.26,58.28,2.3
129,632,1,129,25.8,1,632,745,745,73.96,47.52,1.0
140,396,1,349,26.8,3,765,788,60,70.65,37.62,0.9
148,355,1,332,27.5,3,847,809,27,68.4,30.06,1.0
151,417,1,379,27.9,4,874,811,42,67.41,27.06,1.2
179,352,1,329,27.9,3,832,754,26,68.13,30.08,1.5
174,439,1,367,27.6,3,745,722,91,70.07,37.65,1.8
160,314,1,281,27.0,3,613,672,50,73.35,47.57,1.9
143,445,1,143,26.2,0,445,580,580,77.75,58.52,2.0
111,349,1,212,26.8,2,458,667,264,77.62,58.63,0.7
125,493,1,287,27.8,2,627,745,307,70.91,47.71,0.8
155,612,1,346,28.2,2,751,754,337,68.34,37.84,1.0
160,685,1,386,28.5,2,836,783,346,67.55,30.33,1.2
159,623,1,436,28.8,2,865,796,211,66.87,27.38,1.4
155,594,1,421,28.8,2,835,789,200,67.27,30.39,1.4
149,677,1,278,28.7,2,751,763,506,68.07,37.94,1.4
139,515,1,272,28.3,7,617,712,362,70.2,47.83,1.4
126,447,1,126,27.6,0,447,620,620,74.24,58.77,1.3
152,612,1,152,29.1,0,612,686,686,63.87,47.89,0.6
158,622,1,337,29.6,7,745,745,362,59.66,38.06,0.5
167,679,1,388,30.1,7,828,767,338,57.84,30.61,0.9
173,778,1,342,30.4,2,854,769,493,57.75,27.7,1.3
238,631,1,410,30.4,4,802,656,258,58.72,30.71,1.7
229,625,1,334,30.2,7,719,623,371,60.64,38.22,2.0
207,485,1,287,29.7,7,589,572,296,63.97,48.09,2.1
171,427,1,171,29.0,7,427,498,498,68.6,59.02,2.1
125,339,1,212,26.4,3,447,625,246,87.78,58.96,1.4
143,530,1,258,27.9,3,613,704,408,75.95,48.07,1.5
156,744,1,156,29.2,0,744,749,749,66.99,38.28,1.6
166,825,1,166,29.9,0,825,768,768,63.19,30.89,1.8
165,853,1,165,30.3,0,853,780,780,61.71,28.03,2.0
163,823,1,163,30.5,0,823,771,771,61.38,31.03,2.1
155,606,1,342,30.3,3,738,746,337,62.69,38.52,2.3
97,461,1,97,26.6,1,461,710,710,64.13,59.12,1.9
111,631,1,111,27.8,0,631,782,782,60.6,48.26,1.3
114,768,1,114,28.8,0,768,835,835,58.36,38.51,0.8
121,732,1,327,29.6,7,850,852,473,56.41,31.17,0.5
125,696,1,400,30.0,7,877,855,336,55.68,28.36,0.6
129,722,1,330,30.1,7,843,836,459,56.45,31.36,0.9
129,753,1,129,30.1,0,753,801,801,57.5,38.81,1.2
123,617,1,123,29.8,0,617,747,747,59.33,48.63,1.4
115,444,1,115,29.0,0,444,649,649,63.03,59.52,1.7
147,403,1,165,25.7,7,430,554,467,91.1,59.29,2.1
168,595,1,168,26.3,1,595,645,645,84.45,48.45,2.3
172,694,1,256,27.3,3,731,716,561,76.44,38.73,2.6
161,677,1,409,28.7,7,849,784,306,69.11,28.69,3.4
164,638,1,400,28.8,7,816,767,280,69.33,31.69,3.6
157,557,1,360,28.9,3,730,738,253,70.18,39.11,3.7
147,469,1,285,28.5,3,596,683,281,74.01,48.9,3.6
135,378,1,178,27.9,7,425,578,397,79.45,59.79,3.3
133,440,1,133,26.5,1,440,604,604,84.38,59.46,1.5
150,494,1,275,28.3,7,609,694,331,71.74,48.64,1.4
136,749,1,136,29.5,0,749,789,789,63.88,38.97,1.3
145,830,1,145,30.4,0,830,805,805,58.78,31.74,1.2
152,855,1,152,30.9,0,855,804,804,56.45,29.02,1.3
141,759,1,307,31.0,2,825,807,532,56.37,32.02,1.5
147,694,1,246,30.8,2,733,758,580,57.39,39.42,1.8
143,596,1,143,30.3,0,596,692,692,59.84,49.18,2.0
129,427,1,129,29.6,0,427,596,596,64.19,60.05,2.0
119,639,1,396,23.2,4,835,845,287,64.77,32.03,1.7
120,551,1,428,23.9,4,865,855,141,61.77,29.36,1.3
111,427,1,292,24.0,4,617,779,208,62.14,49.47,1.3
78,482,1,78,20.9,0,482,803,803,56.6,59.81,3.6
89,659,1,89,21.9,0,659,870,870,51.89,49.03,3.3
100,795,1,100,22.8,0,795,900,900,49.08,39.44,3.0
107,881,1,107,23.4,0,881,917,917,47.9,32.33,2.6
110,906,1,110,24.0,0,906,917,917,46.53,29.7,2.2
110,841,1,170,24.4,2,873,907,797,45.64,32.7,2.0
107,780,1,107,24.5,0,780,879,879,45.61,40.04,1.7
101,379,1,292,24.4,2,639,833,133,46.21,49.75,1.5
82,472,1,82,20.6,0,472,780,780,67.94,59.98,4.2
93,647,1,93,21.7,0,647,848,848,62.49,49.23,4.1
117,777,1,117,22.7,0,777,858,858,58.6,39.67,4.1
127,859,1,127,23.4,0,859,869,869,56.32,32.63,4.1
133,885,1,133,23.8,0,885,869,869,55.24,30.05,4.0
168,731,1,307,23.9,2,835,796,506,55.13,33.04,4.0
164,746,1,164,23.9,0,746,763,763,55.28,40.35,4.0
151,605,1,151,23.5,0,605,707,707,57.16,50.04,3.9
135,429,1,135,22.9,1,429,604,604,60.26,60.87,3.8
95,467,1,95,18.8,1,467,747,747,69.51,60.16,3.2
105,646,1,105,20.4,1,646,832,832,61.93,49.43,3.0
109,784,1,109,21.6,1,784,880,880,56.99,39.92,2.8
114,871,1,114,22.6,0,871,902,902,53.27,32.93,2.6
116,899,1,116,23.3,0,899,908,908,50.75,30.4,2.5
116,863,1,116,23.7,0,863,895,895,49.42,33.39,2.4
112,772,1,112,23.8,0,772,870,870,49.27,40.67,2.5
104,540,1,193,23.5,2,631,825,543,50.75,50.34,2.6
92,352,1,174,23.0,7,450,742,370,53.46,61.15,2.6
95,390,1,294,20.4,7,641,842,147,63.42,49.63,1.6
106,460,1,362,20.8,8,771,869,129,61.96,40.16,1.7
111,515,1,405,21.4,7,852,885,131,60.65,33.23,1.7
113,831,1,234,22.3,2,875,887,695,58.68,30.75,1.8
125,576,1,402,23.0,4,834,853,209,57.58,33.74,1.9
120,630,1,276,23.2,7,743,824,470,58.25,41.0,1.9
112,446,1,274,23.0,4,603,774,270,60.52,50.64,2.0
104,353,1,288,22.6,3,602,772,100,87.88,49.84,2.1
118,437,1,356,22.9,3,731,805,107,86.26,40.41,2.0
135,330,1,310,24.2,3,801,804,24,81.49,34.09,1.5
84,463,1,84,22.3,0,463,775,775,76.93,60.7,3.0
94,642,1,94,24.2,0,642,853,853,63.4,50.04,2.7
101,780,1,101,25.4,0,780,894,894,56.54,40.66,2.2
106,863,1,106,26.2,0,863,912,912,53.08,33.85,2.0
108,888,1,108,26.7,0,888,915,915,51.17,31.46,2.0
107,852,1,107,26.9,0,852,902,902,50.58,34.45,2.0
105,758,1,105,26.8,0,758,874,874,51.03,41.65,2.2
97,615,1,97,26.5,0,615,828,828,52.0,51.24,2.3
84,435,1,84,25.7,0,435,748,748,55.01,62.01,2.3
83,458,1,83,23.4,0,458,771,771,63.7,60.88,3.0
95,630,1,95,25.2,0,630,837,837,56.16,50.25,3.1
102,762,1,102,26.4,0,762,874,874,52.98,40.91,3.1
111,838,1,111,27.2,0,838,878,878,52.05,34.16,3.2
121,856,1,121,27.8,0,856,865,865,52.22,31.82,3.3
122,818,1,122,28.1,0,818,847,847,53.24,34.81,3.3
126,723,1,126,28.2,0,723,803,803,54.63,41.99,3.3
122,309,1,267,27.9,3,581,738,69,57.22,51.55,3.2
112,362,1,147,27.4,2,404,628,462,60.72,62.3,3.0
99,440,1,99,22.9,1,440,704,704,58.03,61.06,2.9
111,536,1,197,24.2,7,616,793,534,52.05,50.46,2.5
124,580,1,326,25.2,7,749,830,337,49.14,41.17,2.0
130,715,1,301,26.0,7,835,854,501,47.28,34.48,1.5
131,716,1,328,26.5,7,861,862,458,46.0,32.18,1.0
116,777,1,225,26.8,2,833,877,676,43.89,35.17,0.8
111,711,1,155,26.8,3,743,856,752,41.17,42.32,0.8
101,603,1,101,26.4,0,603,813,813,40.83,51.86,0.8
86,365,1,137,25.7,7,425,737,497,43.36,62.59,0.7
99,317,1,193,20.5,7,437,702,259,72.79,61.25,2.8
113,486,1,250,22.2,7,608,781,372,64.7,50.67,2.6
114,576,1,325,23.7,7,744,840,335,58.06,41.42,2.3
118,534,1,398,24.5,4,825,861,165,54.98,34.79,2.3
120,764,1,293,24.6,2,848,863,559,55.31,32.54,2.5
129,659,1,346,24.3,7,808,835,385,56.92,35.54,2.6
123,438,1,344,23.8,7,716,806,128,59.59,42.66,2.7
112,333,1,271,23.6,4,577,758,101,61.48,52.18,2.8
96,339,1,155,23.4,2,402,672,403,63.11,62.89,2.8
148,391,1,356,25.7,4,820,801,42,75.36,32.91,3.6
130,558,1,130,26.0,1,558,703,703,73.79,52.5,3.0
93,432,1,93,22.3,0,432,714,714,69.42,61.62,2.3
105,606,1,105,24.1,0,606,796,796,59.27,51.1,2.0
114,740,1,114,25.3,0,740,841,841,55.83,41.95,1.5
118,824,1,118,26.3,0,824,866,866,53.47,35.44,1.2
118,850,1,118,26.9,0,850,876,876,51.75,33.27,1.1
116,815,1,116,27.1,0,815,867,867,51.47,36.28,1.2
115,721,1,115,26.9,0,721,834,834,52.5,43.35,1.3
109,578,1,109,26.6,0,578,776,776,54.38,52.82,1.3
96,399,1,96,25.8,0,399,680,680,58.03,63.5,1.4
144,573,1,144,25.5,0,573,686,686,74.5,51.32,3.4
169,700,1,169,26.6,0,700,717,717,70.31,42.21,3.7
183,564,1,391,27.4,2,781,738,213,67.68,35.76,3.9
180,805,1,180,28.1,1,805,750,750,65.7,33.64,4.0
156,776,1,156,28.5,0,776,773,773,64.83,36.65,4.0
152,537,1,321,28.6,3,683,734,298,64.93,43.7,3.8
115,375,1,115,28.2,0,375,588,588,68.08,63.81,3.1
85,336,1,173,19.9,7,438,752,347,63.21,62.0,3.1
100,395,1,280,21.1,7,610,821,186,56.64,51.54,2.5
114,475,1,349,22.1,7,744,855,171,52.99,42.48,2.0
124,651,1,353,22.9,7,824,867,370,51.02,36.09,1.6
129,511,1,403,23.5,4,845,864,131,49.81,34.02,1.2
140,581,1,375,23.8,7,802,830,258,49.52,37.03,0.8
135,429,1,336,23.8,6,707,796,129,50.25,44.05,0.8
123,349,1,266,23.7,7,564,742,140,51.95,53.47,0.8
86,431,1,86,18.0,0,431,745,745,67.72,62.39,3.4
95,607,1,95,20.2,0,607,831,831,58.19,51.98,3.3
103,742,1,103,21.9,0,742,875,875,52.93,43.02,3.2
112,822,1,112,23.2,0,822,886,886,49.91,36.75,3.0
122,507,1,399,24.1,2,839,873,131,48.8,34.77,2.8
130,797,1,130,24.6,0,797,844,844,49.42,37.78,2.6
133,548,1,302,24.4,2,698,796,346,52.26,44.76,2.3
96,330,1,271,21.6,4,591,808,96,60.71,52.21,1.6
97,592,1,289,22.8,3,727,865,417,55.4,43.29,1.6
102,634,1,349,23.8,4,808,884,357,52.79,37.08,1.7
102,805,1,185,24.7,2,829,889,759,50.72,35.15,1.6
103,791,1,103,25.2,0,791,874,874,49.9,38.16,1.7
108,321,1,291,25.1,4,692,827,42,50.85,45.12,1.6
131,348,1,273,22.7,4,566,713,122,69.3,52.43,1.7
145,464,1,341,23.8,4,695,759,170,65.52,43.57,1.5
157,737,1,240,24.5,2,773,776,626,62.9,37.42,1.2
159,796,1,159,24.7,1,796,783,783,61.58,35.53,0.9
160,578,1,361,24.8,2,758,766,277,60.6,38.55,1.0
140,451,1,211,24.3,2,522,662,418,63.75,54.8,1.7
140,339,1,140,23.7,0,339,478,478,67.52,65.38,1.7
202,576,1,358,25.3,2,739,690,280,63.97,38.93,2.3
196,312,1,284,25.2,3,643,641,40,65.07,45.85,2.4
173,433,1,219,25.0,3,504,579,374,66.83,55.14,2.4
141,313,1,127,24.6,7,333,466,450,69.33,65.7,2.4
117,385,1,117,22.7,0,385,595,595,79.56,63.18,3.2
138,440,1,250,24.1,3,551,686,316,72.63,52.89,3.3
152,639,1,218,25.4,3,679,735,587,67.74,44.12,3.2
158,758,1,158,26.6,0,758,762,762,63.69,38.09,3.1
154,784,1,154,28.0,0,784,781,781,59.34,36.29,3.0
148,748,1,148,29.1,0,748,775,775,56.34,39.32,3.0
141,654,1,141,29.7,0,654,741,741,54.92,46.21,3.0
131,512,1,131,29.8,0,512,673,673,55.18,55.48,2.9
111,338,1,111,29.0,0,338,558,558,60.15,66.03,2.8
123,372,1,123,25.4,1,372,556,556,79.16,63.38,0.9
153,534,1,153,26.6,0,534,635,635,73.28,53.13,1.1
151,428,1,335,27.3,4,670,727,130,69.75,44.41,1.2
158,452,1,371,27.7,3,748,754,104,67.23,38.44,1.3
80,422,1,80,18.5,0,422,768,768,65.87,63.58,4.1
93,598,1,93,19.6,0,598,846,846,60.63,53.36,4.1
104,733,1,104,20.6,0,733,885,885,57.33,44.69,4.0
108,813,1,108,21.3,1,813,903,903,55.32,38.78,3.9
109,643,1,343,21.7,2,835,910,376,54.04,37.06,3.9
114,532,1,361,21.9,2,793,888,223,53.22,40.09,3.8
107,531,1,281,21.6,2,693,858,366,53.54,46.94,3.8
96,332,1,245,21.1,2,545,806,157,54.08,56.16,3.7
107,385,1,107,22.0,0,385,631,631,64.3,63.78,3.2
127,313,1,260,23.2,3,550,713,90,58.88,53.6,3.3
147,311,1,285,24.0,3,676,748,37,57.04,44.98,3.5
160,323,1,301,24.7,3,750,761,28,57.04,39.12,3.5
121,384,1,121,21.8,0,384,601,601,81.56,63.99,1.7
134,480,1,206,23.6,7,560,721,463,66.2,53.84,1.6
127,592,1,247,25.1,7,703,819,490,57.16,45.27,1.0
130,785,1,130,26.2,0,785,849,849,51.38,39.47,0.5
126,806,1,126,26.9,0,806,862,862,48.08,37.83,0.6
103,774,1,103,27.4,0,774,887,887,45.75,40.88,0.9
96,672,1,96,27.4,0,672,856,856,44.85,47.68,1.0
87,523,1,87,27.1,0,523,797,797,44.9,56.85,1.1
74,340,1,74,26.1,0,340,690,690,49.49,67.33,1.0
143,518,1,310,25.7,3,671,754,296,57.53,45.56,0.9
160,505,1,369,26.3,3,744,761,176,55.19,39.82,0.6
170,320,1,300,26.3,3,760,751,26,55.41,38.22,0.8
185,672,1,242,26.2,2,715,705,572,56.3,41.27,0.8
68,409,1,68,20.2,0,409,791,791,54.59,64.4,2.7
78,585,1,78,21.6,0,585,870,870,47.62,54.32,2.5
83,720,1,83,22.7,0,720,916,916,43.3,45.85,2.2
86,801,1,86,23.7,0,801,936,936,39.54,40.17,2.0
87,824,1,87,24.4,0,824,943,943,36.98,38.61,1.8
86,783,1,86,24.8,0,783,933,933,35.8,41.66,1.7
82,683,1,82,25.0,0,683,905,905,35.9,48.43,1.6
75,533,1,75,24.8,0,533,854,854,36.13,57.55,1.6
63,347,1,63,24.1,0,347,759,759,38.49,67.99,1.5
89,396,1,89,17.9,0,396,717,717,67.9,64.61,3.2
109,568,1,109,19.0,0,568,792,792,61.11,54.56,3.2
109,707,1,109,19.8,0,707,863,863,56.45,46.14,3.2
115,787,1,115,20.5,0,787,885,885,52.43,40.52,3.1
116,599,1,349,21.1,2,808,890,322,48.81,39.0,3.1
104,771,1,104,21.5,1,771,898,898,46.0,42.05,3.0
97,671,1,97,21.6,0,671,871,871,44.24,48.8,2.9
87,523,1,87,21.4,0,523,821,821,43.61,57.9,2.9
72,338,1,72,20.8,0,338,722,722,44.48,68.32,2.9
74,415,1,74,15.5,0,415,803,803,58.92,64.82,2.5
85,591,1,85,17.1,0,591,878,878,51.9,54.81,2.1
93,726,1,93,18.5,0,726,919,919,46.31,46.44,1.8
96,809,1,96,19.6,0,809,942,942,41.39,40.87,1.5
96,829,1,96,20.5,0,829,949,949,37.16,39.39,1.1
96,789,1,96,21.1,0,789,939,939,33.8,42.45,0.8
91,687,1,91,21.4,0,687,912,912,31.79,49.17,0.6
81,533,1,81,21.4,0,533,859,859,31.16,58.25,0.6
68,344,1,68,21.0,0,344,759,759,32.25,68.65,0.5
74,404,1,74,17.6,0,404,781,781,55.88,65.03,2.7
87,578,1,87,20.8,0,578,857,857,42.81,55.06,2.7
93,600,1,210,22.5,7,711,903,570,37.67,46.74,2.5
97,652,1,259,23.7,7,789,921,523,35.14,41.23,2.4
99,804,1,99,24.8,0,804,918,918,34.43,39.79,2.2
96,637,1,246,25.6,2,760,906,533,33.49,42.84,2.0
93,558,1,199,25.7,7,656,869,553,33.47,49.55,1.9
84,503,1,84,25.3,0,503,804,804,36.16,58.6,1.9
69,320,1,69,24.2,0,320,698,698,43.56,68.98,1.8
72,384,1,72,20.5,0,384,747,747,60.57,65.25,1.3
83,555,1,83,24.1,1,555,829,829,49.58,55.31,0.9
92,597,1,208,26.2,7,688,875,572,41.97,47.04,0.7
97,767,1,97,27.4,1,767,897,897,38.3,41.58,0.7
97,770,1,134,28.1,2,786,902,832,36.26,40.18,0.9
97,743,1,97,28.5,0,743,887,887,35.1,43.24,1.1
92,643,1,92,28.4,0,643,856,856,35.16,49.92,1.2
83,494,1,83,28.1,0,494,797,797,36.01,58.95,1.3
77,384,1,77,21.9,0,384,741,741,61.17,65.46,1.4
92,555,1,92,25.2,0,555,819,819,52.45,55.56,1.8
103,683,1,103,27.1,0,683,856,856,46.89,47.34,2.0
112,758,1,112,28.0,0,758,870,870,45.74,41.94,2.2
118,772,1,118,28.5,0,772,861,861,45.69,40.57,2.4
127,720,1,127,28.8,0,720,819,819,46.2,43.64,2.5
126,591,1,145,28.7,2,616,767,698,47.7,50.3,2.6
115,465,1,115,28.2,0,465,687,687,50.61,59.3,2.8
108,463,1,184,26.1,7,525,743,497,68.0,55.81,2.8
113,656,1,113,27.8,0,656,806,806,56.82,47.64,2.7
116,735,1,116,29.0,0,735,838,838,50.18,42.29,2.8
117,756,1,117,29.7,0,756,846,846,46.8,40.97,3.0
126,710,1,126,29.7,0,710,812,812,46.45,44.03,3.5
120,608,1,120,29.3,0,608,770,770,47.45,50.68,3.8
108,423,1,142,28.8,3,458,693,557,48.81,59.65,4.1
73,371,1,73,21.4,0,371,730,730,65.04,65.9,3.1
83,540,1,83,22.7,0,540,819,819,56.41,56.06,3.1
91,459,1,308,23.6,3,669,862,226,52.69,47.94,2.9
95,481,1,352,24.3,3,748,887,176,50.84,42.65,2.8
95,561,1,345,25.0,2,766,894,288,49.0,41.36,2.7
100,400,1,331,25.3,3,721,870,97,48.46,44.43,2.5
99,456,1,272,25.3,2,619,827,293,48.88,51.05,2.3
72,376,1,72,20.3,0,376,751,751,56.92,66.12,2.1
84,548,1,84,21.9,0,548,835,835,49.87,56.32,1.8
87,680,1,87,23.1,0,680,890,890,46.21,48.25,1.6
92,758,1,92,24.1,0,758,912,912,44.63,43.01,1.6
92,779,1,92,24.9,0,779,920,920,43.88,41.75,1.6
90,734,1,90,25.5,0,734,909,909,42.6,44.82,1.7
84,632,1,84,25.8,0,632,879,879,42.14,51.43,1.9
75,480,1,75,25.7,0,480,819,819,42.59,60.36,2.1
74,357,1,74,21.4,0,357,705,705,74.95,66.34,2.8
87,522,1,87,23.8,0,522,790,790,66.18,56.58,3.1
125,637,1,125,25.2,0,637,774,774,60.85,48.56,3.3
133,709,1,133,26.0,1,709,793,793,58.7,43.37,3.5
135,726,1,135,26.4,0,726,796,796,58.14,42.15,3.7
149,509,1,323,26.6,3,674,745,264,58.09,45.22,3.6
68,375,1,68,18.8,0,375,770,770,58.61,66.56,1.5
79,546,1,79,20.7,0,546,854,854,45.19,56.84,1.0
83,678,1,83,22.1,0,678,905,905,37.7,48.86,0.6
88,753,1,88,23.1,0,753,921,921,33.28,43.73,0.4
89,770,1,89,23.9,0,770,924,924,30.98,42.54,0.6
87,724,1,87,24.3,0,724,911,911,31.59,45.61,1.0
85,620,1,85,24.6,0,620,873,873,31.73,52.18,1.3
77,468,1,77,24.4,0,468,809,809,32.53,61.06,1.5
78,350,1,78,21.9,0,350,691,691,67.49,66.78,3.2
95,516,1,95,23.8,0,516,774,774,59.16,57.1,3.3
110,639,1,110,25.2,0,639,809,809,57.75,49.17,3.3
126,705,1,126,26.3,0,705,807,807,57.26,44.09,3.2
138,713,1,138,27.2,0,713,785,785,56.78,42.94,3.2
140,665,1,140,27.6,0,665,756,756,57.4,46.01,3.3
141,561,1,141,27.5,1,561,691,691,59.42,52.55,3.6
133,413,1,133,27.0,0,413,584,584,62.94,61.41,3.7
71,350,1,71,22.3,0,350,715,715,67.53,67.01,3.7
81,386,1,219,23.7,2,519,811,309,57.67,57.36,3.5
82,651,1,82,24.7,0,651,877,877,52.0,49.48,3.0
85,730,1,85,25.5,0,730,904,904,47.72,44.45,2.5
84,748,1,84,26.0,0,748,913,913,44.58,43.33,2.0
82,707,1,82,26.3,0,707,907,907,42.17,46.4,1.7
77,605,1,77,26.2,0,605,876,876,41.05,52.93,1.4
70,456,1,70,25.8,0,456,816,816,40.83,61.76,1.2
97,339,1,233,19.0,4,503,758,198,59.64,57.62,2.3
106,367,1,295,20.3,4,627,807,112,55.95,49.8,2.3
117,698,1,117,21.4,0,698,819,819,52.6,44.82,2.3
125,637,1,234,22.0,2,711,810,558,51.26,43.72,2.3
114,439,1,321,22.2,2,669,810,173,51.4,46.8,2.4
104,490,1,104,22.0,0,490,727,727,65.88,57.89,3.5
120,375,1,295,23.4,3,611,766,124,63.72,50.11,3.4
127,480,1,331,25.0,2,684,790,212,61.67,45.18,3.1
126,701,1,126,26.2,0,701,800,800,60.45,44.11,3.2
101,667,1,101,27.1,0,667,832,832,59.67,47.19,3.1
95,567,1,95,27.6,0,567,798,798,59.48,53.67,3.1
84,421,1,84,27.6,0,421,731,731,60.58,62.46,3.1
73,330,1,73,24.0,0,330,677,677,78.91,67.69,2.5
82,495,1,82,26.9,0,495,782,782,64.74,58.15,2.4
84,436,1,289,29.4,4,622,845,230,52.8,50.42,2.5
88,695,1,88,30.7,0,695,866,866,47.85,45.54,2.6
89,708,1,89,31.5,0,708,868,868,44.96,44.51,2.7
93,351,1,301,31.9,3,660,841,73,43.43,47.58,2.6
90,530,1,141,31.9,3,558,797,663,43.77,54.05,2.6
83,411,1,83,31.2,1,411,718,718,47.12,62.81,2.4
62,352,1,62,16.8,0,352,780,780,78.61,68.15,4.3
70,383,1,203,17.9,2,522,870,348,64.82,58.69,4.8
79,435,1,282,18.7,2,650,908,243,55.18,51.05,5.0
82,728,1,82,19.0,0,728,935,935,49.43,46.26,5.0
81,746,1,81,19.1,1,746,945,945,45.6,45.29,4.9
79,517,1,278,19.0,2,701,936,359,43.99,48.36,4.8
74,325,1,258,18.8,3,598,908,116,43.58,54.78,4.5
54,365,1,54,10.9,0,365,842,842,56.16,68.38,3.5
63,539,1,63,12.5,0,539,923,923,47.0,58.95,3.0
70,671,1,70,13.9,0,671,963,963,40.81,51.37,2.4
73,748,1,73,15.1,0,748,983,983,36.61,46.63,1.9
74,763,1,74,15.8,0,763,987,987,34.33,45.68,1.6
74,715,1,74,16.3,0,715,972,972,33.36,48.75,1.5
70,603,1,70,16.3,0,603,933,933,34.17,55.15,1.6
63,447,1,63,15.9,0,447,870,870,36.29,63.84,1.7
121,487,1,241,23.4,3,585,754,400,64.85,52.0,4.2
112,468,1,289,24.9,4,628,795,275,57.0,49.52,4.2
102,320,1,250,24.7,4,528,760,124,57.9,55.89,4.1
65,381,1,177,17.3,2,478,833,412,51.73,60.31,5.0
76,601,1,76,19.0,0,601,870,870,49.23,52.95,5.0
79,540,1,262,20.4,2,674,896,419,47.36,48.43,4.9
80,407,1,316,21.5,3,688,902,135,45.62,47.6,4.8
79,642,1,79,22.0,0,642,888,888,44.46,50.67,4.8
73,539,1,73,21.9,0,539,856,856,44.06,56.97,4.9
70,474,1,70,15.9,1,474,822,822,57.74,60.59,4.9
85,593,1,85,16.7,1,593,850,850,55.76,53.27,4.8
92,311,1,281,17.9,3,675,871,45,53.54,47.98,4.6
87,421,1,306,17.6,7,660,876,176,62.55,49.14,1.8
88,673,1,88,18.3,0,673,881,881,60.53,48.36,1.5
83,625,1,83,19.3,0,625,869,869,57.73,51.42,1.2
79,520,1,79,20.1,0,520,825,825,56.39,57.68,0.9
75,405,1,136,15.5,7,486,852,558,53.04,61.13,2.0
80,510,1,173,17.0,7,612,901,571,45.06,53.9,1.4
83,357,1,296,18.1,6,687,930,94,39.52,49.5,0.9
84,528,1,267,18.9,7,702,936,396,35.81,48.74,0.5
81,508,1,234,19.3,7,652,924,443,34.09,51.79,0.3
77,424,1,186,19.5,7,544,881,450,34.37,58.04,0.5
80,607,1,80,19.4,0,607,901,901,55.21,54.22,1.8
80,680,1,80,20.7,0,680,931,931,46.99,49.86,1.8
79,692,1,79,21.6,0,692,936,936,41.67,49.12,2.0
77,642,1,77,22.1,0,642,922,922,38.53,52.16,2.3
72,534,1,72,22.3,0,534,882,882,37.24,58.39,2.5
64,380,1,64,21.9,0,380,804,804,38.38,66.86,2.5
79,470,1,79,15.0,0,470,824,824,47.32,61.68,1.7
76,602,1,76,16.2,0,602,906,906,40.68,54.54,1.4
79,674,1,79,17.1,0,674,930,930,36.5,50.21,1.1
80,550,1,225,17.9,7,686,934,501,33.32,49.49,0.7
78,516,1,200,18.4,7,636,918,520,31.64,52.53,0.5
73,528,1,73,18.6,0,528,877,877,31.67,58.73,0.8
64,374,1,64,18.4,0,374,799,799,33.72,67.18,1.2
77,325,1,188,13.1,3,458,818,295,58.9,62.24,6.6
68,455,1,68,12.8,0,455,838,838,58.78,62.51,3.8
78,579,1,78,14.0,0,579,884,884,54.28,55.48,3.6
82,650,1,82,15.0,0,650,907,907,50.99,51.26,3.4
83,663,1,83,15.8,0,663,914,914,48.51,50.6,3.4
79,425,1,259,16.2,2,615,904,281,47.33,53.62,3.4
72,511,1,72,16.3,0,511,871,871,46.95,59.76,3.4
65,466,1,65,11.6,0,466,877,877,56.58,62.79,1.1
70,593,1,70,13.0,0,593,930,930,51.45,55.8,1.1
74,665,1,74,14.3,0,665,952,952,47.46,51.61,1.3
75,673,1,75,15.4,0,673,950,950,44.14,50.96,1.5
72,622,1,72,16.2,0,622,934,934,42.05,53.98,1.7
68,513,1,68,16.7,0,513,891,891,41.0,60.1,1.8
60,355,1,60,16.5,0,355,804,804,42.36,68.44,1.9
68,440,1,68,14.2,0,440,829,829,75.47,63.34,3.7
73,564,1,73,16.2,0,564,887,887,64.25,56.42,3.6
76,634,1,76,17.7,0,634,912,912,58.29,52.3,3.2
77,644,1,77,18.8,0,644,916,916,55.68,51.68,2.6
75,592,1,75,19.4,0,592,895,895,55.36,54.68,2.2
70,486,1,70,19.6,0,486,852,852,56.13,60.76,2.1
60,334,1,60,19.3,0,334,765,765,58.86,69.05,1.9
65,442,1,65,15.5,0,442,856,856,71.68,63.89,3.6
69,567,1,69,16.9,0,567,916,916,54.44,57.05,3.6
73,638,1,73,17.7,0,638,939,939,47.17,52.99,3.5
74,625,1,83,18.2,2,648,940,889,44.3,52.39,3.5
71,597,1,71,18.6,0,597,925,925,42.65,55.38,3.4
67,489,1,67,18.6,0,489,881,881,42.45,61.41,3.2
58,335,1,58,18.2,0,335,796,796,44.26,69.65,2.9
65,431,1,65,14.8,0,431,840,840,50.24,64.17,1.0
70,554,1,70,17.5,0,554,898,898,39.34,57.36,1.4
75,622,1,75,18.3,0,622,915,915,38.51,53.32,1.8
77,629,1,77,18.7,0,629,912,912,39.08,52.74,2.3
71,579,1,71,18.9,0,579,902,902,39.77,55.72,2.5
67,473,1,67,18.9,0,473,857,857,40.68,61.72,2.6
58,322,1,58,18.4,0,322,770,770,43.4,69.94,2.6
82,395,1,216,15.9,7,542,860,335,62.38,57.67,0.9
88,438,1,252,16.7,7,609,879,313,62.22,53.66,1.2
91,374,1,276,17.0,7,614,871,163,63.03,53.09,1.4
84,337,1,136,14.4,7,414,774,470,62.22,64.72,3.3
79,410,1,202,15.7,7,542,873,393,53.83,57.97,2.8
81,463,1,231,16.7,7,613,904,394,49.22,53.99,2.2
81,443,1,253,17.2,7,620,905,320,47.0,53.43,1.7
79,435,1,211,17.4,7,565,879,404,46.03,56.39,1.4
74,341,1,176,17.2,7,454,818,357,46.65,62.35,1.1
72,532,1,72,16.6,0,532,881,881,69.74,58.58,2.6
64,405,1,64,9.7,0,405,852,852,55.95,66.34,5.0
66,529,1,66,10.6,0,529,920,920,52.63,59.78,4.8
68,603,1,68,11.6,0,603,954,954,49.66,55.94,4.5
67,612,1,67,12.3,0,612,960,960,47.85,55.41,4.3
65,556,1,65,12.7,0,556,934,934,47.14,58.3,4.1
59,448,1,59,12.8,0,448,892,892,47.41,64.12,3.9
69,393,1,69,8.3,0,393,817,817,61.31,66.61,1.1
74,517,1,74,9.5,0,517,887,887,57.1,60.07,0.8
79,585,1,79,10.4,0,585,911,911,55.42,56.25,0.9
81,594,1,81,11.0,0,594,910,910,55.29,55.73,1.1
75,391,1,207,11.5,2,542,895,353,55.45,58.6,1.3
71,388,1,71,9.1,0,388,807,807,66.1,66.87,3.1
75,511,1,75,10.3,0,511,881,881,58.58,60.36,3.0
79,580,1,79,11.1,0,580,910,910,53.36,56.56,2.8
78,417,1,231,11.6,2,589,915,333,50.01,56.04,2.8
75,415,1,183,11.9,2,538,897,449,47.8,58.9,2.8
68,429,1,68,11.9,0,429,844,844,47.1,64.67,2.7
68,378,1,68,9.7,0,378,797,797,51.45,67.14,1.3
73,500,1,73,11.2,0,500,870,870,46.46,60.65,1.6
78,568,1,78,12.1,0,568,895,895,45.49,56.86,2.0
78,577,1,78,12.6,0,577,900,900,45.39,56.35,2.4
76,526,1,76,12.8,0,526,879,879,46.07,59.19,2.7
69,419,1,69,12.6,2,419,826,826,48.3,64.94,3.0
67,375,1,67,9.7,0,375,809,809,58.9,67.66,2.7
70,498,1,70,10.6,0,498,888,888,52.12,61.22,2.5
72,567,1,72,11.3,0,567,920,920,47.9,57.47,2.4
71,577,1,71,11.9,0,577,927,927,44.69,56.95,2.3
68,526,1,68,12.3,0,526,910,910,42.57,59.77,2.2
61,418,1,61,12.4,0,418,859,859,41.65,65.46,2.0
72,383,1,156,3.6,2,502,910,479,57.66,61.78,4.8
76,572,1,76,4.1,0,572,937,937,53.13,58.05,5.0
76,582,1,76,4.4,0,582,942,942,50.02,57.53,5.0
74,530,1,74,4.6,0,530,921,921,47.91,60.32,5.0
64,423,1,64,4.5,0,423,881,881,47.37,65.97,5.0
64,405,1,122,2.8,7,491,910,603,42.39,62.05,0.6
70,559,1,70,3.7,0,559,931,931,41.56,58.34,0.9
74,436,1,187,4.5,7,568,927,466,41.87,57.82,1.3
74,367,1,191,5.0,7,516,901,360,43.11,60.58,1.7
67,320,1,125,5.2,2,409,849,483,45.25,66.21,2.0
82,398,1,125,8.1,2,462,817,588,59.42,62.32,3.6
76,330,1,76,11.4,0,330,708,708,81.49,68.93,1.6
82,345,1,173,13.1,7,450,800,373,74.22,62.59,1.9
85,402,1,196,14.1,7,517,836,399,69.57,58.9,1.9
86,387,1,215,14.7,7,525,836,329,67.36,58.37,2.0
84,346,1,196,15.0,7,474,808,310,66.74,61.1,1.8
56,361,1,56,-1.4,0,361,868,868,58.69,69.42,4.5
65,484,1,65,-0.5,0,484,926,926,53.87,63.12,4.3
67,554,1,67,0.5,0,554,958,958,49.19,59.44,4.1
66,565,1,66,1.2,0,565,965,965,46.22,58.9,3.9
62,514,1,62,1.6,0,514,949,949,44.59,61.6,3.7
55,402,1,55,1.7,0,402,891,891,44.06,67.12,3.4
74,339,1,218,5.3,7,533,910,240,57.3,59.7,3.1
77,398,1,194,6.0,7,542,908,399,55.74,59.16,3.2
77,363,1,173,6.4,4,487,869,402,55.55,61.84,3.2
64,344,1,155,7.9,7,455,882,426,53.15,63.63,2.5
67,527,1,67,9.0,0,527,919,919,49.66,59.96,2.3
67,537,1,67,9.7,0,537,923,923,49.81,59.42,2.5
65,488,1,65,10.1,0,488,903,903,51.01,62.07,2.8
60,450,1,64,2.5,4,471,932,877,45.39,63.88,5.6
63,522,1,72,3.5,4,541,961,906,40.97,60.22,5.3
63,526,1,70,4.2,4,546,956,902,38.45,59.66,5.0
60,474,1,65,4.6,4,496,938,880,37.38,62.3,4.7
54,365,1,55,4.6,4,390,887,820,37.94,67.75,4.5
79,424,1,79,7.9,0,424,805,805,82.04,64.6,2.4
85,332,1,207,8.8,3,491,835,257,76.45,60.95,2.3
65,431,1,65,7.8,0,431,866,866,65.0,65.06,2.6
68,497,1,68,9.0,0,497,896,896,59.09,61.41,2.0
69,506,1,69,10.0,0,506,895,895,55.01,60.81,1.6
67,457,1,67,10.6,0,457,869,869,53.45,63.35,1.3
61,355,1,61,10.7,0,355,806,806,55.93,68.66,1.5
59,421,1,59,5.0,0,421,875,875,51.41,65.51,1.4
62,490,1,62,6.1,0,490,909,909,46.31,61.86,1.0
62,364,1,186,7.0,7,502,914,369,44.38,61.23,1.1
60,332,1,165,7.6,7,455,892,377,44.84,63.72,1.5
71,362,1,170,9.1,7,474,867,412,67.84,62.27,1.8
70,486,1,70,10.0,0,486,876,876,63.56,61.62,1.8
69,440,1,69,10.5,0,440,849,849,61.89,64.07,1.9
63,405,1,63,10.1,0,405,847,847,82.66,66.14,2.6
65,475,1,65,11.9,0,475,888,888,75.37,62.47,2.5
65,490,1,65,13.1,0,490,899,899,69.66,61.81,2.5
62,444,1,62,13.7,0,444,878,878,67.49,64.23,2.3
57,346,1,57,13.7,0,346,822,822,69.38,69.41,2.2
83,383,1,83,9.3,0,383,755,755,65.72,66.53,6.2
60,403,1,60,2.9,1,403,866,866,64.76,66.72,4.0
63,359,1,157,4.1,7,473,904,446,60.4,63.04,3.9
63,352,1,175,5.1,7,487,912,381,56.93,62.32,3.9
60,440,1,60,5.6,0,440,888,888,55.28,64.68,3.8
53,342,1,53,5.7,0,342,836,836,55.13,69.78,3.8
56,402,1,56,2.2,0,402,881,881,57.34,66.9,3.3
59,473,1,59,3.6,0,473,918,918,50.42,63.22,3.0
59,487,1,59,4.8,0,487,926,926,45.76,62.48,2.9
58,442,1,58,5.5,0,442,902,902,43.64,64.81,2.7
53,344,1,53,5.7,0,344,847,847,44.05,69.88,2.5
63,387,1,63,0.0,0,387,844,844,80.96,67.42,5.0
65,458,1,65,0.8,0,458,888,888,79.96,63.71,5.3
64,476,1,64,1.5,0,476,904,904,79.56,62.92,5.5
66,435,1,66,1.8,0,435,878,878,80.15,65.18,5.7
59,338,1,59,1.6,0,338,823,823,82.55,70.17,5.6
66,381,1,66,3.9,0,381,832,832,81.98,67.74,5.0
70,366,1,133,4.2,4,453,873,532,75.03,64.0,5.1
64,331,1,64,3.7,1,331,793,793,74.36,70.32,4.8
62,382,1,62,1.9,0,382,855,855,64.89,68.03,3.6
66,456,1,66,2.4,0,456,897,897,60.85,64.27,3.2
67,473,1,67,2.8,0,473,906,906,58.61,63.4,3.0
65,431,1,65,2.9,0,431,885,885,58.12,65.56,3.0
59,335,1,59,2.8,0,335,826,826,58.74,70.44,3.0
66,328,1,156,2.8,7,451,892,397,58.47,64.39,2.0
66,340,1,164,3.3,7,465,893,395,60.82,63.5,2.4
61,335,1,143,0.8,7,444,899,451,50.57,64.81,2.5
61,342,1,155,1.5,7,460,903,424,47.35,63.84,1.9
59,420,1,59,1.8,0,420,884,884,45.33,65.87,1.3
57,336,1,57,11.2,1,336,773,773,96.75,68.86,1.7
65,402,1,65,11.9,1,402,799,799,95.67,64.98,1.8
79,426,1,79,7.7,1,426,823,823,63.12,65.06,5.5
77,336,1,160,7.7,2,450,851,402,60.41,64.02,5.5
60,361,1,60,1.5,1,361,845,845,79.85,69.18,3.6
71,432,1,71,1.9,1,432,864,864,79.51,65.23,4.2
71,366,1,71,-5.9,1,366,833,833,76.04,69.25,4.9
77,446,1,77,-5.1,0,446,882,882,75.09,65.27,4.8
77,464,1,77,-4.3,0,464,887,887,73.64,64.14,4.8
73,428,1,73,-3.9,0,428,872,872,73.41,65.99,4.8
65,337,1,65,-3.8,0,337,818,818,73.47,70.59,4.7
56,368,1,56,-3.1,0,368,882,882,71.12,69.3,3.8
60,447,1,60,-2.1,0,447,927,927,69.12,65.31,3.7
60,465,1,60,-1.3,0,465,929,929,69.07,64.15,3.6
58,429,1,58,-0.7,0,429,912,912,69.95,65.98,3.6
53,340,1,53,-0.5,0,340,861,861,71.93,70.55,3.5
68,422,1,68,3.1,0,422,850,850,80.04,65.37,2.7
69,446,1,69,4.1,0,446,864,864,78.95,64.16,3.0
64,411,1,64,4.8,0,411,851,851,79.22,65.93,3.0
58,325,1,58,5.0,0,325,799,799,82.08,70.47,2.8
57,349,1,57,4.4,0,349,831,831,88.15,69.44,2.5
62,427,1,62,6.0,0,427,877,877,85.05,65.38,2.7
63,451,1,63,7.3,0,451,889,889,83.32,64.15,2.7
61,418,1,61,8.0,1,418,875,875,83.46,65.9,2.4
55,333,1,55,7.6,0,333,828,828,86.58,70.41,2.2
58,434,1,58,5.3,0,434,904,904,70.74,65.39,3.4
59,459,1,59,5.9,0,459,916,916,67.06,64.13,3.0
56,425,1,56,6.2,0,425,901,901,66.53,65.86,2.8
52,338,1,52,5.9,0,338,849,849,70.81,70.35,2.6
59,353,1,59,3.6,0,353,839,839,74.75,69.49,0.8
64,433,1,64,4.8,0,433,886,886,72.85,65.39,0.4
66,333,1,160,5.7,7,455,891,397,71.79,64.1,0.4
85,330,1,162,5.4,7,430,790,384,89.82,64.07,2.3
73,322,1,146,7.5,7,426,845,424,73.17,65.34,2.3
74,334,1,162,8.2,7,453,865,392,70.04,63.98,2.2
68,316,1,146,8.5,7,421,853,412,69.84,65.61,2.0
